offset,english,vietnamese,status,note
080D54,Design Maps,Tạo bản đồ,approved,
080D60,War Room,Đấu trận,approved,
080D6C,4P Maps,Bản 4P,revised,
080D74,3P Maps,Bản 3P,revised,
080D7C,Pre-Deployed,Quân có sẵn,approved,
080D8C,Vs.,Đấu,revised,
080D90,Special,Đặc thù,approved,
080D98,Campaign,Chiến dịch,revised,
080DA4,Field Training,Huấn luyện trận,revised,
080DB4,Edit 3,Sửa 3,approved,
080DBC,Edit 2,Sửa 2,approved,
080DC4,Edit 1,Sửa 1,approved,
080DCC,Rivals!,Đối thủ,approved,
080DD4,The Final Battle!,Trận cuối cùng!,approved,
080DE8,Enigma,Bí ẩn,revised,
080DF0,Andy Times Two!,Hai Andy!,approved,
080E00,Battle Mystery!,Bí ẩn trận đấu!,approved,
080E10,Wings of Victory!,Cánh thắng lợi!,revised,
080E24,Naval Clash!,Hải chiến!,approved,
080E34,Captain Drake!,Đại úy Drake!,revised,
080E44,Sonja's Goal!,Mục tiêu Sonja!,revised,
080E54,Sami Marches On!,Sami tiến lên!,approved,
080E68,Divide & Conquer!,Chia để trị!,approved,
080E7C,Kanbei's Error?,Lỗi của Kanbei?,revised,
080E8C,Mighty Kanbei!,Kanbei mạnh!,approved,
080E9C,Kanbei Arrives!,Kanbei đến rồi!,approved,
080EAC,Sami's Debut!,Sami ra trận!,approved,
080EBC,History Lesson!,Học lịch sử!,approved,
080ECC,Blizzard Battle!,Trận bão tuyết!,approved,
080EE0,Sniper!,Xạ thủ!,revised,
080EE8,Olaf's Sea Strike!,Olaf đánh từ biển!,revised,
080EFC,Olaf's Navy,Hạm Olaf,revised,
080F08,Max's Folly?,Max lỡ dại?,revised,
080F18,Max Strikes!,Max ra đòn!,revised,
080F28,Air Ace!,Át bay!,revised,
080F34,Gunfighter!,Xạ thủ!,approved,
080F40,It's War!,Vào trận!,revised,
080F4C,Special Intel,Tin đặc biệt,approved,
080F5C,Fog of War,Sương mù,approved,
080F68,Climate Status,Thời tiết,approved,
080F78,Naval Forces,Hải quân,approved,
080F88,Dogfights,Không chiến,revised,
080F94,Air Defense,Phòng không,approved,
080FA0,Air Assault,Không kích,approved,
080FAC,Copter Tactics,Mẹo trực thăng,revised,
080FBC,Tank Ops,Đội tăng,revised,
080FC8,APC ABCs,Học APC,approved,
080FD4,Unit Repair,Sửa quân,approved,
080FE0,Base Capture,Chiếm căn cứ,approved,
080FF0,Terrain Intel,Tin địa hình,revised,
081000,Troop Orders,Lệnh quân,approved,
081010,Last Mission,Trận cuối,approved,
081020,Ring Islands,Đảo vòng,revised,
081030,Rivers Four,Bốn sông,approved,
08103C,Stamp Islands,Đảo Tem,revised,Cần tra ngữ cảnh tên màn.
08104C,Terra Maw,Miệng đất,revised,
081058,Egg Islands,Đảo trứng,revised,
081064,Dire Range,Dãy hiểm,revised,
081070,Twin Isle,Đảo đôi,approved,
08107C,Toil Ferry,Phà Vất Vả,revised,Cần tra ngữ cảnh tên màn.
081088,Bounty River,Sông trù phú,approved,
081098,Mial's Hope,Hy vọng của Mial,revised,
0810A4,Ridge Island,Đảo sườn núi,revised,
0810B4,Point Stormy,Mũi bão tố,approved,
0810C4,Kita Straight,Eo Kita,approved,
0810D4,Land's End,Cuối đất,approved,
0810E0,Pivot Isle,Đảo trục,revised,
0810EC,Sole Harbor,Cảng đơn độc,revised,
0810F8,Duo Falls,Thác đôi,revised,
081104,Moji Island,Đảo Moji,approved,
081110,Spann Island,Đảo Spann,approved,
081120,Glory Islands,Đảo vinh quang,revised,
081130,South Cape,Mũi Nam,revised,
08113C,Fable Hills,Đồi cổ tích,revised,
081148,Traitor River,Sông phản bội,revised,
081158,Alakule,Alakule,approved,
081160,Island X,Đảo X,approved,
08116C,Tatter River,Sông tả tơi,revised,
08117C,Spring Lakes,Hồ mùa xuân,revised,
08118C,Chain Canal,Kênh xích,approved,
081198,Jay Islands,Đảo Jay,approved,
0811A4,Cap Narrows,Eo Mũi,revised,Cần tra ngữ cảnh tên màn.
0811B0,Web River,Sông mạng nhện,revised,
0811BC,Patriot Cove,Vịnh ái quốc,revised,
0811CC,Islas Five,Năm đảo,revised,
0811D8,Plus Canal,Kênh dấu cộng,revised,
0811E4,Loop Road,Đường vòng,revised,
0811F0,Rival Islands,Đảo đối thủ,revised,
081200,Tween Isle,Đảo giữa,approved,
08120C,Crop River,Sông mùa màng,revised,
081218,Rocket Cape,Mũi tên lửa,approved,
081224,Four Corners,Bốn góc,approved,
081234,Thorn Islands,Đảo gai,revised,
081244,Jab Peninsula,Bán đảo đâm,revised,
081254,Eel Channels,Kênh lươn,revised,
081264,Atlas River,Sông Atlas,approved,
081270,Nail Canal,Kênh đinh,revised,
08127C,Liar's Cove,Vịnh kẻ dối,revised,
081288,Shear Port,Cảng Shear,approved,
081294,Devil's Inlet,Vịnh quỷ,approved,
0812A4,Glass Heights,Đồi thủy tinh,revised,
0812B4,Gem Creek,Suối ngọc,approved,
0812C0,Peril Maze,Mê cung hiểm,revised,
0812CC,Shield Hills,Đồi khiên,revised,
0812DC,Ink Canal,Kênh mực,revised,
0812E8,Channel City,Thành phố kênh,revised,
0812F8,Mantis River,Sông bọ ngựa,revised,
081308,Fork River,Sông rẽ,approved,
081314,Keyhole Cove,Vịnh lỗ khóa,revised,
081324,Clover Keys,Đảo cỏ ba lá,revised,
081330,Bead Islands,Đảo hạt cườm,revised,
081340,Pyramid Cape,Mũi kim tự tháp,revised,
081350,Battle Cube,Khối chiến trận,revised,
08135C,Leaf Haven,Bến lá,revised,
081368,Coil Range,Dãy núi xoắn,revised,
081374,Blue Lake,Hồ xanh,approved,
081380,Poem Cape,Mũi thơ,approved,
08138C,Delta Heights,Đồi châu thổ,revised,
08139C,Liaison Wood,Rừng liên lạc,revised,
0813AC,Pointing River,Sông chỉ hướng,revised,
0813BC,Scarab Road,Đường bọ hung,revised,
0813C8,Bundle City,Phố chùm,revised,
0813D4,Rapid Ferry,Phà nhanh,revised,
0813E0,Wrench Island,Đảo cờ lê,revised,
0813F0,Jewel Canal,Kênh ngọc,approved,
0813FC,Mint Plateau,Đồi bạc hà,revised,
08140C,Moon Isle,Đảo trăng,revised,
081418,River Range,Dãy ven sông,revised,
081424,Brace Range,Dãy Brace,revised,Cần tra ngữ cảnh tên màn.
081430,Go Islands,Đảo Go,revised,
08143C,Swan Cove,Vịnh thiên nga,revised,
081448,Hat Harbor,Cảng mũ,revised,
081454,Piston Dam,Đập Piston,approved,
081460,Vision Bridge,Cầu tầm nhìn,approved,
081470,Tribe Islands,Đảo bộ lạc,approved,
081480,Rail Strait,Eo đường ray,revised,
08148C,Rainy Haven,Bến mưa,revised,
081498,Ruby Keys,Đảo hồng ngọc,revised,
0814A4,Switchback,Ngoặt gấp,revised,
0814B0,Zero Wood,Rừng số không,revised,
0814BC,Cog Isle,Đảo bánh răng,revised,
0814C8,Asphalt Maze,Mê cung nhựa,revised,
0814D8,Sabre Range,Dãy núi kiếm,revised,
0814E4,Portal Bridge,Cầu cửa ngõ,revised,
0814F4,Eon Springs,Suối eon,approved,
081500,Star Islands,Đảo sao,revised,
081510,Beaker River,Sông cốc đong,revised,
081520,Sun Canal,Kênh mặt trời,revised,
08152C,Little Island,Đảo nhỏ,approved,
08153C,Royal Channel,Eo hoàng gia,approved,
08154C,Shark Strait,Eo cá mập,revised,
08155C,Mirror Islands,Đảo gương,revised,
08156C,Cube Keys,Đảo lập phương,revised,
081578,Squash Island,Đảo bí,revised,
081588,Turtle Atoll,Đảo rùa,revised,
081598,Volcano Isle,Đảo núi lửa,approved,
0815A8,Lost River,Sông lạc lối,revised,
0815B4,Alara Range,Dãy Alara,approved,
0815C0,Deer Harbor,Cảng hươu,approved,
0815CC,Fist Peninsula,Bán đảo nắm đấm,revised,
0815DC,Puzzle Trio,Ba câu đố,approved,
0815E8,Coral Lagoon,Đầm san hô,revised,
0815F8,Ball Islands,Đảo bóng,revised,
081608,Triangles,Tam giác,approved,
081614,Crater Isle,Đảo miệng hố,revised,
081620,Bean Island,Đảo đậu,revised,
0816AC,BLACK HOLE,BLACK HOLE,approved,
0816B8,YELLOW COMET,YELLOW COMET,approved,
0816C8,GREEN EARTH,GREEN EARTH,approved,
0816D4,BLUE MOON,BLUE MOON,approved,
0816E0,ORANGE STAR,ORANGE STAR,approved,
0816EC,NEUTRAL,TRUNG LẬP,revised,
0817F4,DAY,NGY,approved,Cần tra ngữ cảnh tên màn.
081884,OFF,TẮT,approved,
0818A4,SNOW:%s,TUYẾT:%s,approved,
0818AC,SAKU:%s,TAM:%s,excluded,SAKU là biến trạng thái dò tìm trong giao diện kiểm thử nội bộ; giữ nguyên byte gốc và định dạng %s.
0818B4,R: SAKUTEKI  ON,R: ĐỒ XA    BAT,excluded,Chỉ thị bật dò tìm trong giao diện kiểm thử nội bộ; giữ nguyên byte gốc.
0818C4,R: SAKUTEKI  OFF,R: ĐỒ XA    TÁT,excluded,Chỉ thị tắt dò tìm trong giao diện kiểm thử nội bộ; giữ nguyên byte gốc.
0818DC,CP,CP,approved,
0818E4,VS,VS,approved,
0818EC,PAUSE,DỪNG,approved,
081904,ORANGE STAR WIN,PHE CAM THẮNG,approved,
081914,BLUE MOON WIN,PHE LAM THẮNG,approved,
08193C,SYUTO SENRYO,CHIẾM THỦ ĐÔ,approved,
08194C,X SENRYO,X CHIẾM,approved,
081958,SUDDEN DEATH,TỬ CHIẾN,approved,
081A60,NEXT PHASE,LƯỢT TIẾP,approved,
081A6C,PRESS A BUTTON,NHẤN NÚT A,approved,
082234,{09}{COMMAND}Advance Campaign,{09}{COMMAND}Chiến dịch khó,revised,
082248,{09}{UNIT}3-Player Map,{09}{UNIT}Bản 3 người,revised,
082258,{09}{UNIT}Vs. Map,{09}{UNIT}Bản đấu,revised,
082264,{09}{UNIT}Special Map,{09}{UNIT}Bản đặc biệt,revised,
082274,{09}{81}Battle Cube,{09}{81}Khối chiến trận,revised,Cùng tên màn đã rà tại 081350
082284,{09}{81}Leaf Haven,{09}{81}Bến lá,revised,Cùng tên màn đã rà tại 08135C
082294,{09}{81}Blue Lake,{09}{81}Hồ xanh,approved,Cùng tên màn đã rà tại 081374
0822A0,{09}{81}Poem Cape,{09}{81}Mũi thơ,approved,Cùng tên màn đã rà tại 081380
0822AC,{09}{81}Liaison Wood,{09}{81}Rừng liên lạc,revised,Cùng tên màn đã rà tại 08139C
0822BC,{09}{81}Pointing River,{09}{81}Sông chỉ hướng,revised,Cùng tên màn đã rà tại 0813AC
0822D0,{09}{81}Scarab Road,{09}{81}Đường bọ hung,revised,Cùng tên màn đã rà tại 0813BC
0822E0,{09}{81}Rapid Ferry,{09}{81}Phà nhanh,revised,Cùng tên màn đã rà tại 0813D4
0822F0,{09}{81}Wrench Island,{09}{81}Đảo cờ lê,revised,Cùng tên màn đã rà tại 0813E0
082300,{09}{81}Mint Plateau,{09}{81}Đồi bạc hà,revised,Cùng tên màn đã rà tại 0813FC
082310,{09}{81}Moon Isle,{09}{81}Đảo trăng,revised,Cùng tên màn đã rà tại 08140C
08231C,{09}{81}Glory Islands,{09}{81}Đảo vinh quang,revised,Cùng tên màn đã rà tại 081120
08232C,{09}{81}South Cape,{09}{81}Mũi Nam,revised,Cùng tên màn đã rà tại 081130
08233C,{09}{81}Fable Hills,{09}{81}Đồi cổ tích,revised,Cùng tên màn đã rà tại 08113C
08234C,{09}{81}Traitor River,{09}{81}Sông phản bội,revised,Cùng tên màn đã rà tại 081148
08235C,{09}{81}Island X,{09}{81}Đảo X,approved,Cùng tên màn đã rà tại 081160
082368,{09}{81}Tatter River,{09}{81}Sông tả tơi,revised,Cùng tên màn đã rà tại 08116C
082378,{09}{81}Spring Lakes,{09}{81}Hồ mùa xuân,revised,Cùng tên màn đã rà tại 08117C
082388,{09}{81}Jay Islands,{09}{81}Đảo Jay,approved,Cùng tên màn đã rà tại 081198
082398,{09}{81}Cap Narrows,{09}{81}Eo Mũi,revised,Cần tra ngữ cảnh tên màn.
0823A8,{09}{81}Web River,{09}{81}Sông mạng nhện,revised,Cùng tên màn đã rà tại 0811B0
0823B4,{09}{81}Patriot Cove,{09}{81}Vịnh ái quốc,revised,Cùng tên màn đã rà tại 0811BC
0823C4,{09}{81}Plus Canal,{09}{81}Kênh dấu cộng,revised,Cùng tên màn đã rà tại 0811D8
0823D4,{09}{81}Loop Road,{09}{81}Đường vòng,revised,Cùng tên màn đã rà tại 0811E4
0823E0,{09}{81}Crop River,{09}{81}Sông mùa màng,revised,Cùng tên màn đã rà tại 08120C
0823F0,{09}{81}Thorn Islands,{09}{81}Đảo gai,revised,Cùng tên màn đã rà tại 081234
082400,{09}{81}Jab Peninsula,{09}{81}Bán đảo đâm,revised,Cùng tên màn đã rà tại 081244
082410,{09}{81}Eel Channels,{09}{81}Kênh lươn,revised,Cùng tên màn đã rà tại 081254
082420,{09}{81}Atlas River,{09}{81}Sông Atlas,approved,Cùng tên màn đã rà tại 081264
082430,{09}{81}Nail Canal,{09}{81}Kênh đinh,revised,Cùng tên màn đã rà tại 081270
082440,{09}{81}Liar's Cove,{09}{81}Vịnh kẻ dối,revised,Cùng tên màn đã rà tại 08127C
082450,{09}{81}Shear Port,{09}{81}Cảng Shear,approved,Cùng tên màn đã rà tại 081288
082460,{09}{81}Devil's Inlet,{09}{81}Vịnh quỷ,approved,Cùng tên màn đã rà tại 081294
082470,{09}{81}Peril Maze,{09}{81}Mê cung hiểm,revised,Cùng tên màn đã rà tại 0812C0
082480,{09}{81}Shield Hills,{09}{81}Đồi khiên,revised,Cùng tên màn đã rà tại 0812CC
082490,{09}{81}Channel City,{09}{81}Thành phố kênh,revised,Cùng tên màn đã rà tại 0812E8
0824A0,{09}{81}Fork River,{09}{81}Sông rẽ,approved,Cùng tên màn đã rà tại 081308
0824B0,{09}{81}Keyhole Cove,{09}{81}Vịnh lỗ khóa,revised,Cùng tên màn đã rà tại 081314
0824C0,{09}{81}Clover Keys,{09}{81}Đảo cỏ ba lá,revised,Cùng tên màn đã rà tại 081324
0824D0,{09}{81}Go Islands,{09}{81}Đảo Go,revised,Cùng tên màn đã rà tại 081430
0824E0,{09}{81}Swan Cove,{09}{81}Vịnh thiên nga,revised,Cùng tên màn đã rà tại 08143C
0824EC,{09}{81}Hat Harbor,{09}{81}Cảng mũ,revised,Cùng tên màn đã rà tại 081448
0824FC,{09}{81}Piston Dam,{09}{81}Đập Piston,approved,Cùng tên màn đã rà tại 081454
08250C,{09}{81}Tribe Islands,{09}{81}Đảo bộ lạc,approved,Cùng tên màn đã rà tại 081470
08251C,{09}{81}Rail Strait,{09}{81}Eo đường ray,revised,Cùng tên màn đã rà tại 081480
08252C,{09}{81}Rainy Haven,{09}{81}Bến mưa,revised,Cùng tên màn đã rà tại 08148C
08253C,{09}{81}Ruby Keys,{09}{81}Đảo hồng ngọc,revised,Cùng tên màn đã rà tại 081498
082548,{09}{81}Switchback,{09}{81}Ngoặt gấp,revised,Cùng tên màn đã rà tại 0814A4
082558,{09}{81}Zero Wood,{09}{81}Rừng số không,revised,Cùng tên màn đã rà tại 0814B0
082564,{09}{81}Asphalt Maze,{09}{81}Mê cung nhựa,revised,Cùng tên màn đã rà tại 0814C8
082574,{09}{81}Sabre Range,{09}{81}Dãy núi kiếm,revised,Cùng tên màn đã rà tại 0814D8
082584,{09}{81}Eon Springs,{09}{81}Suối eon,approved,Cùng tên màn đã rà tại 0814F4
082594,{09}{81}Star Islands,{09}{81}Đảo sao,revised,Cùng tên màn đã rà tại 081500
0825A4,{09}{81}Last Mission,{09}{81}Trận cuối,approved,Cùng tên màn đã rà tại 081010
0825B4,{09}{81}Ring Islands,{09}{81}Đảo vòng,revised,Cùng tên màn đã rà tại 081020
0825C4,{09}{81}Rivers Four,{09}{81}Bốn sông,approved,Cùng tên màn đã rà tại 081030
0825D4,{09}{81}Stamp Islands,{09}{81}Đảo Tem,revised,Cần tra ngữ cảnh tên màn.
0825E4,{09}{81}Terra Maw,{09}{81}Miệng đất,revised,Cùng tên màn đã rà tại 08104C
0825F0,{09}{81}Egg Islands,{09}{81}Đảo trứng,revised,Cùng tên màn đã rà tại 081058
082600,{09}{81}Twin Isle,{09}{81}Đảo đôi,approved,Cùng tên màn đã rà tại 081070
08260C,{09}{81}Toil Ferry,{09}{81}Phà Vất Vả,revised,Cần tra ngữ cảnh tên màn.
08261C,{09}{81}Bounty River,{09}{81}Sông trù phú,approved,Cùng tên màn đã rà tại 081088
08262C,{09}{81}Mial's Hope,{09}{81}Hy vọng của Mial,revised,Cùng tên màn đã rà tại 081098
08263C,{09}{81}Ridge Island,{09}{81}Đảo sườn núi,revised,Cùng tên màn đã rà tại 0810A4
08264C,{09}{81}Kita Straight,{09}{81}Eo Kita,approved,Cùng tên màn đã rà tại 0810C4
08265C,{09}{81}Pivot Isle,{09}{81}Đảo trục,revised,Cùng tên màn đã rà tại 0810E0
08266C,{09}{81}Moji Island,{09}{81}Đảo Moji,approved,Cùng tên màn đã rà tại 081104
08267C,{09}{81}Royal Channel,{09}{81}Eo hoàng gia,approved,Cùng tên màn đã rà tại 08153C
08268C,{09}{81}Shark Strait,{09}{81}Eo cá mập,revised,Cùng tên màn đã rà tại 08154C
08269C,{09}{NORMAL}Sturm,{09}{NORMAL}Sturm,approved,
0826A4,{09}{NORMAL}Drake,{09}{NORMAL}Drake,approved,
0826AC,{09}{NORMAL}Eagle,{09}{NORMAL}Eagle,approved,
0826B4,{09}{NORMAL}Sonja,{09}{NORMAL}Sonja,approved,
0826BC,{09}{NORMAL}Kanbei,{09}{NORMAL}Kanbei,approved,
0826C8,{09}{NORMAL}Grit,{09}{NORMAL}Grit,approved,
0826D0,{09}{NORMAL}Nell,{09}{NORMAL}Nell,approved,
0826E8,OFF,TẮT,approved,
08270C,YELLOW,VÀNG,approved,
082714,GREEN,LỤC,approved,
08271C,BLUE,LAM,approved,
082724,RED,ĐỎ,approved,
082728,NEUT,T.L,revised,Cần tra ngữ cảnh tên màn.
082740,HUMAN,NGƯỜI,approved,
082748,NON,KO,approved,Cần tra ngữ cảnh tên màn.
082784,HEL,HEL,approved,
082788,MOP,MOP,approved,
08278C,EAGL,EAGL,approved,
082794,ASKA,ASKA,approved,
08279C,KIKU,KIKU,approved,
0827A4,BILY,BILY,approved,
0827AC,DOMI,DOMI,approved,
0827B4,WHIP,WHIP,approved,
0827BC,MAX,MAX,approved,
0827C0,RYO,RYO,approved,
0827C4,CATH,CATH,approved,
0827D8,NORMAL,CHUẨN,approved,
0827E0,FORCE   /,LỰC    /,revised,Cần tra ngữ cảnh tên màn.
0827EC,PLAY,CHƠI,approved,
0827F4,MONEY,TIỀN,approved,
0827FC,BREAK,NGHỈ,approved,
082804,TEAM,ĐỘI,approved,
08280C,SYOGUN,CHỈHUY,approved,
082814,SAKUTEKI,DÒ XA,approved,
082820,SORT,XẾP,approved,
082828,COLOR,MÀU,approved,
082834,METEOR STRIKE,THIÊN THẠCH,approved,
082844,TSUNAMI,SÓNG THẦN,revised,
08284C,LIGHTNING STRIKE,ĐÒN CHỚP,revised,
082860,ENHANCED VISION,TẦM NHÌN XA,approved,
082870,MORALE BOOST,TĂNG SĨ KHÍ,approved,
082880,SNIPE ATTACK,BẮN TỈA XA,approved,
082890,DOUBLE TIME,TĂNG TỐC,revised,
08289C,BLIZZARD,BÃO TUYẾT,approved,
0828A8,MAX FORCE,SỨC MAX,revised,
0828B4,HYPER REPAIR,SỬA TỐI ĐA,approved,
0828C4,LUCKY STAR,SAO MAY,approved,
0828D0,Black Hole,Black Hole,approved,
0828DC,Yellow Comet,Yellow Comet,approved,
0828EC,Green Earth,Green Earth,approved,
0828F8,Blue Moon,Blue Moon,approved,
082904,Orange Star,Orange Star,approved,
082910,Neutral Bases,Căn cứ trung lập,revised,
28072C,Welcome to Design Maps mode!{PAGE},Chào mừng đến mục Tạo Bản Đồ!{PAGE},revised,
28074C,This is where you can{NL}design your own maps!{PAGE},Ở đây bạn có thể{NL}tự vẽ bản đồ!{PAGE},approved,
28077C,"If you need instructions,{NL}choose Help from the menu.{PAGE}","Nếu cần hướng dẫn,{NL}chọn Trợ Giúp trong menu.{PAGE}",approved,
2807B4,Press SELECT and{NL}then choose Help.{PAGE},"Nhấn SELECT, rồi{NL}chọn Trợ Giúp.{PAGE}",revised,
2807D8,"Help contains control explanations, as{NL}well as rules and instructions for{PAGE}playing on the maps you create.{PAGE}",Trợ Giúp giải thích cách điều khiển{NL}và quy tắc chơi trên các bản đồ{PAGE}mà bạn tạo ra.{PAGE},approved,
280844,Enjoy!{PAGE},Chơi vui!{PAGE},revised,
28084C,Map Conditions :,Điều kiện bản đồ:,revised,
280860,"At least two armies, with an HQ","Ít nhất 2 phe, mỗi phe có HQ",revised,
280880,and one or more units or factories each.,và ít nhất 1 đơn vị hoặc căn cứ.,revised,
2808AC,How to Play :,Cách chơi:,approved,
2808BC,Maps can be used for play in,Bản đồ có thể chơi trong,revised,
2808DC,Vs. Mode or Link Mode.,chế độ Đấu hoặc Liên kết.,revised,
2808F4,Place the terrain or unit.,Đặt địa hình hoặc đơn vị.,approved,
280910,Select the terrain or unit.,Chọn địa hình hoặc đơn vị.,approved,
28092C,Open the unit selection menu.,Mở menu chọn đơn vị.,approved,
28094C,Open the terrain selection menu.,Mở menu chọn địa hình.,approved,
280970,Display overhead map.,Xem toàn bản đồ.,approved,
280988,There's no data.,Chưa có dữ liệu.,approved,
28099C,There's no data.{PAGE},Chưa có dữ liệu.{PAGE},approved,
2809B0,Replace current data?{NL}{17},Ghi đè dữ liệu?{NL}{17},approved,
2809C8,Save?{NL}{17},Lưu?{NL}{17},approved,
2809D0,Design Map 1,Bản đồ tạo 1,revised,
2809E0,Design Map 2,Bản đồ tạo 2,revised,
2809F0,Design Map 3,Bản đồ tạo 3,revised,
280A00,Sea,Biển,revised,
280A04,Plain,Đồng,revised,
280A0C,Mtn,Núi,approved,
280A10,Wood,Rừng,approved,
280A18,Random{1F}{1F},Ngẫu{1F}{1F},revised,
280A24,Fill the entire map with sea?{NL}{17},Phủ cả bản đồ bằng biển?{NL}{17},revised,
280A44,Fill the entire map with plains?{NL}{17},Phủ cả bản đồ bằng đồng bằng?{NL}{17},revised,
280A68,Fill the entire map with mountains?{NL}{17},Phủ cả bản đồ bằng núi?{NL}{17},revised,
280A90,Fill the entire map with woods?{NL}{17},Phủ cả bản đồ bằng rừng?{NL}{17},revised,
280AB4,Let the computer design a map?{NL}{17},Để máy tự vẽ bản đồ?{NL}{17},revised,
280AD8,End?{NL}{17},Thoát?{NL}{17},revised,
280AE0,End without saving?{NL}{17},Thoát không lưu?{NL}{17},approved,
280AF8,{1F}{1F}Load,{1F}{1F}Tải,revised,
280B00,{1F}{1F}Save,{1F}{1F}Lưu,approved,
280B08,{1F}{1F}Name{18}Entry{1F},{1F}{1F}Nhập{18}tên{1F},approved,
280B18,{1F}{1F}File,{1F}{1F}Tệp,revised,
280B20,{1F}{1F}Help,{1F}{1F}Giúp,approved,
280B30,{1F}{1F}Fill,{1F}{1F}Phủ,revised,
280B40,You must really like doing{NL}that over and over.{PAGE}Keep it up.{PAGE},Bạn thích làm việc này{NL}lặp đi lặp lại nhỉ.{PAGE}Cứ tiếp tục nhé.{PAGE},revised,
282C3C,Infantry,Bộ binh,approved,
282C48,Mech,CG,approved,
282C50,Md Tank,TăngVừa,approved,
282C58,Tank,Tăng,revised,
282C60,Recon,Trinh sát,revised,
282C68,APC,APC,approved,
282C6C,Artlry,Pháo,approved,
282C74,Rockets,Hỏa tiễn,revised,
282C7C,A-Air,PK,approved,
282C84,Missiles,Tên lửa,approved,
282C90,Fighter,Tiêm kích,revised,
282C98,Bomber,Ném bom,revised,
282CB0,B Ship,Tàu chiến,revised,
282CB8,Cruiser,T.dương,revised,
282CC0,Lander,Tàu đổ bộ,revised,
282CC8,Sub,Tàu ngầm,revised,
282CCC,M Gun,SM,approved,
282CD4,Bazooka,B40,approved,
282CDC,Cannon,Pháo,approved,
282CE4,Rockets,Hỏa tiễn,revised,
282CEC,Vulcan,SM,approved,
282CF4,Cannon,Pháo,approved,
282CFC,Cannon,Pháo,approved,
282D04,Missiles,Tên lửa,approved,
282D10,Missiles,Tên lửa,approved,
282D1C,Missiles,Tên lửa,approved,
282D28,Bombs,Bom,approved,
282D30,Torps,Ngư lôi,revised,
282D38,A-Air Gun,Súng PK,approved,
282D44,None,Không,revised,
28D9C8,The Alara region is quite remote.{PAGE}That's why Olaf hasn't deployed{NL}many troops to the area.{PAGE}You yourself have two {UNIT}infantry{NORMAL}{NL}units under your command.{PAGE},Vùng Alara rất xa xôi.{PAGE}Vì vậy Olaf chưa đưa{NL}nhiều quân đến đây.{PAGE}Bạn có hai đơn vị {UNIT}bộ binh{NORMAL}{NL}dưới quyền chỉ huy.{PAGE},revised,
28DA60,These orange units are yours.{PAGE},Quân màu cam là của bạn.{PAGE},approved,
28DA80,These blue units are the enemy.{NL}They belong to the Blue Moon Army.{PAGE},Quân màu xanh là địch.{NL}Chúng thuộc quân Blue Moon.{PAGE},approved,
28DAC4,Defeat the enemy forces to{NL}complete this mission successfully.{PAGE},Đánh bại quân địch để{NL}hoàn thành nhiệm vụ này.{PAGE},approved,
28DB04,"Well, let's issue some orders.{PAGE}The cursor is used to give commands.{PAGE}The + Control Pad{NL}moves the cursor.{PAGE}","Nào, ra lệnh thôi.{PAGE}Con trỏ dùng để ra lệnh.{PAGE}Phím + điều hướng{NL}di chuyển con trỏ.{PAGE}",revised,
28DB70,"First, let's command this{NL}{UNIT}infantry{NORMAL} unit.{PAGE}Would you place the cursor{NL}on the {UNIT}infantry{NORMAL} unit, please?{PAGE}","Đầu tiên, chọn{NL}{UNIT}bộ binh{NORMAL} này.{PAGE}Hãy đưa con trỏ đến{NL}đơn vị {UNIT}bộ binh{NORMAL} đó.{PAGE}",approved,
28DBD8,"No, not there.{PAGE}Place the cursor here{NL}and press the A Button.{PAGE}","Không, chưa đúng chỗ.{PAGE}Đưa con trỏ đến đây{NL}rồi nhấn nút A.{PAGE}",revised,
28DC18,"The action you just completed{NL}is called selecting.{PAGE}You'll see this term often,{NL}so do your best to remember it.{PAGE}When you select a unit, the area{NL}around it will become highlighted.{PAGE}This area represents the selected{NL}unit's range of movement.{PAGE}First, let's approach{NL}the enemy with this unit.{PAGE}","Việc bạn vừa làm{NL}gọi là chọn.{PAGE}Từ này sẽ gặp nhiều,{NL}hãy nhớ kỹ nhé.{PAGE}Khi chọn một đơn vị, vùng{NL}quanh nó sẽ sáng lên.{PAGE}Đó là phạm vi di chuyển{NL}của quân đã chọn.{PAGE}Hãy đưa đơn vị này{NL}tiến về phía địch.{PAGE}",revised,
28DD38,Try moving the unit to this space.{PAGE}Move the cursor here and{NL}press the A Button.{PAGE},Thử đưa quân đến ô này.{PAGE}Đưa con trỏ đến đây{NL}rồi nhấn nút A.{PAGE},revised,
28DD8C,"That's not quite right.{PAGE}Try moving the unit again, please.{PAGE}Place the cursor here and{NL}press the A Button.{PAGE}",Chưa đúng lắm.{PAGE}Hãy thử di chuyển lần nữa.{PAGE}Đưa con trỏ đến đây{NL}rồi nhấn nút A.{PAGE},revised,
28DDF8,"After a unit moves,{NL}this menu will appear.{PAGE}Select {COMMAND}Wait{NORMAL}, and then press the{NL}A Button to confirm the command.{PAGE}","Quân đã di chuyển,{NL}menu này sẽ hiện ra.{PAGE}Chọn {COMMAND}Chờ{NORMAL}, rồi nhấn{NL}nút A để xác nhận.{PAGE}",approved,
28DE68,"The unit's color changed, right?{PAGE}This indicates that the unit can't{NL}receive any more orders this turn.{PAGE}Don't worry--you'll be able to use it{NL}again on your next turn.{PAGE}","Màu của quân đã đổi, đúng không?{PAGE}Nghĩa là nó không thể{NL}nhận thêm lệnh trong lượt này.{PAGE}Đừng lo, bạn có thể dùng nó{NL}ở lượt tiếp theo.{PAGE}",revised,
28DF10,"OK, now use the same controls{NL}to move this {UNIT}infantry{NORMAL} unit.{PAGE}Move it as close as{NL}possible to the enemy.{PAGE}",Giờ dùng cách vừa học{NL}để di chuyển {UNIT}bộ binh{NORMAL} này.{PAGE}Hãy đưa nó lại gần{NL}quân địch nhất có thể.{PAGE},revised,
28DF78,"Select this unit, please.{PAGE}Remember to press the A Button.{PAGE}",Hãy chọn đơn vị này.{PAGE}Nhớ nhấn nút A.{PAGE},revised,
28DFB4,These are the spaces{NL}closest to the enemy.{PAGE}Please move the {UNIT}infantry{NORMAL}{NL}unit to one of these spaces.{PAGE},Đây là những ô{NL}gần địch nhất.{PAGE}Hãy đưa đơn vị {UNIT}bộ binh{NORMAL}{NL}đến một trong các ô đó.{PAGE},revised,
28E018,"Both of your units have finished{NL}their movements for this turn.{PAGE}When you've finished giving orders to{NL}your units, you must {COMMAND}End{NORMAL} your turn.{PAGE}Press the A Button on an empty{NL}space to display the Map Menu.{PAGE}","Cả hai đơn vị đã di chuyển{NL}xong trong lượt này.{PAGE}Khi đã ra lệnh cho tất cả{NL}quân, hãy {COMMAND}Kết thúc{NORMAL} lượt.{PAGE}Nhấn A tại ô trống{NL}để mở menu bản đồ.{PAGE}",revised,
28E0E4,Eh? Orange Star Army units have{NL}moved into the Alara region?{PAGE}Hah! They won't last long.{PAGE}My troops there will{NL}make short work of them!{PAGE},Hả? Quân Orange Star đã{NL}tới vùng Alara sao?{PAGE}Ha! Chúng chẳng trụ lâu.{PAGE}Quân ta ở đó sẽ{NL}sớm xử lý chúng!{PAGE},revised,
28E16C,"It looks like Olaf has{NL}noticed our arrival.{PAGE}His {UNIT}infantry{NORMAL} units{NL}are heading this way.{PAGE}Stay calm. If we proceed with{NL}caution, we'll be fine.{PAGE}",Có vẻ Olaf đã{NL}phát hiện ta.{PAGE}{UNIT}Bộ binh{NORMAL} của hắn{NL}đang tiến về đây.{PAGE}Bình tĩnh. Cứ thận trọng{NL}thì ta sẽ ổn thôi.{PAGE},revised,
28E1FC,Now it's time to order this {UNIT}infantry{NORMAL}{NL}unit to {COMMAND}Fire{NORMAL} on the enemy.{PAGE}Please select this unit.{PAGE},Giờ hãy ra lệnh {UNIT}bộ binh{NORMAL}{NL}{COMMAND}Bắn{NORMAL} vào địch.{PAGE}Hãy chọn đơn vị này.{PAGE},approved,
28E25C,Please select this {UNIT}infantry{NORMAL} unit.{PAGE}Don't forget to press the A Button.{PAGE},Hãy chọn {UNIT}bộ binh{NORMAL} này.{PAGE}Đừng quên nhấn nút A.{PAGE},approved,
28E2A8,{UNIT}Infantry{NORMAL} units must be next{NL}to the enemy to {COMMAND}Fire{NORMAL} on them.{PAGE}Move your unit here.{PAGE},{UNIT}Bộ binh{NORMAL} phải đứng cạnh{NL}địch mới {COMMAND}Bắn{NORMAL} được.{PAGE}Đưa quân đến đây.{PAGE},revised,
28E2FC,{UNIT}Infantry{NORMAL} units cannot {COMMAND}Fire{NORMAL}{NL}unless they are next to the enemy.{PAGE}Move here and press the A Button.{PAGE},{UNIT}Bộ binh{NORMAL} không thể {COMMAND}Bắn{NORMAL}{NL}nếu chưa đứng cạnh địch.{PAGE}Đi đến đây rồi nhấn nút A.{PAGE},revised,
28E364,Do you see the {COMMAND}Fire{NORMAL} command{NL}on the menu?{PAGE}Please select this command.{PAGE},Bạn thấy lệnh {COMMAND}Bắn{NORMAL}{NL}trên menu?{PAGE}Hãy chọn lệnh đó.{PAGE},approved,
28E3AC,Selecting {COMMAND}Wait{NORMAL} will end your turn.{PAGE}Would you please select {COMMAND}Fire{NORMAL}?{PAGE},Chọn {COMMAND}Chờ{NORMAL} sẽ hết lượt.{PAGE}Hãy chọn {COMMAND}Bắn{NORMAL} nhé?{PAGE},approved,
28E3F4,"This is the cursor you will use{NL}to select which enemy unit to attack.{PAGE}There is only one unit you can engage{NL}now, so press the A Button to {COMMAND}Fire{NORMAL}.{PAGE}","Con trỏ này dùng để{NL}chọn mục tiêu cần đánh.{PAGE}Giờ chỉ có một đích,{NL}nhấn A để {COMMAND}Bắn{NORMAL}.{PAGE}",revised,
28E488,You scored damage on the enemy!{PAGE},Bạn đã gây sát thương!{PAGE},approved,
28E4AC,"Do you see the numbers on the units?{PAGE}This indicates the{NL}units' HP (hit points).{PAGE}All units begin with ten HP.{PAGE}But, as they take damage in{NL}battle, their HP will decrease.{PAGE}When a unit reaches zero HP,{NL}it will vanish from the screen.{PAGE}Notice that your unit has{NL}more HP than the enemy unit.{PAGE}This is because the unit that attacks{NL}first generally has the advantage.{PAGE}Waiting to be attacked{NL}is not a good strategy.{PAGE}You should pick your battles and{NL}always {COMMAND}Fire{NORMAL} first.{PAGE}","Bạn thấy số trên quân chứ?{PAGE}Đó là HP của{NL}các đơn vị.{PAGE}Mỗi quân bắt đầu với 10 HP.{PAGE}Khi trúng đòn trong{NL}trận, HP sẽ giảm.{PAGE}Quân về 0 HP sẽ{NL}biến khỏi màn hình.{PAGE}Quân bạn có{NL}nhiều HP hơn địch.{PAGE}Vì quân đánh trước{NL}thường có lợi thế.{PAGE}Chờ bị đánh{NL}không phải cách hay.{PAGE}Hãy chọn trận có lợi và{NL}luôn {COMMAND}Bắn{NORMAL} trước.{PAGE}",revised,
28E678,"If you {COMMAND}Fire{NORMAL} on this unit{NL}again, you should defeat it.{PAGE}","Nếu {COMMAND}Bắn{NORMAL} vào đơn vị này{NL}lần nữa, bạn sẽ hạ nó.{PAGE}",approved,
28E6B4,"So, now order your remaining{NL}{UNIT}infantry{NORMAL} unit to engage the enemy.{PAGE}",Giờ ra lệnh cho{NL}{UNIT}bộ binh{NORMAL} còn lại đánh địch.{PAGE},approved,
28E6F8,You should try that command later.{PAGE}Select {COMMAND}Fire{NORMAL} and attack the enemy!{PAGE}Press the B Button{NL}to cancel commands.{PAGE},Hãy thử lệnh đó sau.{PAGE}Chọn {COMMAND}Bắn{NORMAL} để đánh địch!{PAGE}Nhấn nút B{NL}để hủy lệnh.{PAGE},revised,
28E768,"If you select that, your turn will end.{PAGE}To engage the enemy, select {COMMAND}Fire.{NORMAL}{PAGE}Use the B Button{NL}to cancel commands.{PAGE}","Chọn nó sẽ hết lượt.{PAGE}Muốn đánh địch, chọn {COMMAND}Bắn.{NORMAL}{PAGE}Nhấn nút B{NL}để hủy lệnh.{PAGE}",approved,
28E7DC,You still have one unit{NL}waiting for orders.{PAGE}Engage the enemy and select {COMMAND}Fire{NORMAL}!{PAGE}Press the B Button{NL}to cancel commands.{PAGE},Bạn vẫn còn một quân{NL}chưa nhận lệnh.{PAGE}Đánh địch và chọn {COMMAND}Bắn{NORMAL}!{PAGE}Nhấn nút B{NL}để hủy lệnh.{PAGE},revised,
28E854,"Congratulations!{PAGE}There is only one enemy{NL}unit left to deal with.{PAGE}If you stick to your battle plan,{NL}you can finish it off, too.{PAGE}Select {COMMAND}End{NORMAL} from the menu{NL}and continue on your next turn.{PAGE}","Chúc mừng!{PAGE}Chỉ còn một quân địch{NL}cần xử lý nữa.{PAGE}Cứ theo kế hoạch,{NL}bạn sẽ hạ nó thôi.{PAGE}Chọn {COMMAND}Kết thúc{NORMAL} trong menu{NL}rồi sang lượt sau.{PAGE}",approved,
28E910,"What are those fools doing?{PAGE}If I were in the field, they wouldn't{NL}be suffering such humiliation!{PAGE}Cursed Orange Star Army!{NL}I will defeat it! I will!{PAGE}","Bọn ngu đó đang làm gì vậy?{PAGE}Nếu ta ở đó, chúng đã không{NL}nhục nhã thế này!{PAGE}Ta ghét Orange Star!{NL}Ta sẽ đánh bại chúng!{PAGE}",approved,
28E9A8,"It's your turn again.{PAGE}You have a two-to-one advantage.{PAGE}This battle is yours to win!{PAGE}But, wait a minute.{PAGE}",Lại đến lượt bạn.{PAGE}Bạn hơn địch hai chọi một.{PAGE}Trận này bạn nắm chắc!{PAGE}Nhưng khoan đã.{PAGE},revised,
28EA14,"This unit took damage in{NL}the last battle, didn't it?{PAGE}Units lose some of their{NL}firepower when damaged.{PAGE}","Quân này bị thương{NL}ở trận trước, đúng không?{PAGE}Quân bị thương sẽ{NL}giảm hỏa lực.{PAGE}",approved,
28EA7C,So it's better to {COMMAND}Fire{NORMAL} on the enemy{NL}with an undamaged unit.{PAGE}Go ahead and order your{NL}undamaged unit to attack.{PAGE},Vậy nên {COMMAND}Bắn{NORMAL} địch{NL}bằng quân còn lành.{PAGE}Hãy cho quân còn nguyên{NL}tấn công đi.{PAGE},revised,
28EAF0,You need to {COMMAND}Fire{NORMAL} now!{PAGE}Selecting {COMMAND}Wait{NORMAL} will end your turn.{PAGE},Bạn cần {COMMAND}Bắn{NORMAL} ngay!{PAGE}Chọn {COMMAND}Chờ{NORMAL} sẽ hết lượt.{PAGE},revised,
28EB30,Forgive me for not being clear.{NL}Please select {COMMAND}Fire{NORMAL} now.{PAGE}Press the B Button to back{NL}up and move your unit.{PAGE},Xin lỗi vì nói chưa rõ.{NL}Hãy chọn {COMMAND}Bắn{NORMAL} ngay.{PAGE}Nhấn B để quay lại{NL}và di chuyển quân.{PAGE},revised,
28EBA0,It's not a good strategy to {COMMAND}End{NORMAL}{NL}when you have units awaiting orders.{PAGE},Đừng {COMMAND}Kết thúc{NORMAL}{NL}khi vẫn còn quân chưa ra lệnh.{PAGE},revised,
28EBE8,{UNIT}Infantry{NORMAL} units can only {COMMAND}Fire{NORMAL}{NL}on enemy units adjacent to them.{PAGE}Move your unit next to the enemy.{PAGE},{UNIT}Bộ binh{NORMAL} chỉ có thể {COMMAND}Bắn{NORMAL}{NL}quân địch đứng ngay cạnh.{PAGE}Đưa quân bạn lại gần địch.{PAGE},revised,
28EC50,This {UNIT}infantry{NORMAL} unit is damaged.{PAGE}Attacking an enemy unit with more{NL}HP is not a good strategy.{PAGE},{UNIT}Bộ binh{NORMAL} này đã bị thương.{PAGE}Đánh quân địch có nhiều{NL}HP hơn là rất mạo hiểm.{PAGE},revised,
28ECB0,"Select the {UNIT}infantry{NORMAL} unit{NL}that is undamaged, please.{PAGE}",Hãy chọn {UNIT}bộ binh{NORMAL}{NL}còn lành lặn.{PAGE},revised,
28ECE8,This {UNIT}infantry{NORMAL} unit has already{NL}taken some damage.{PAGE}You really shouldn't {COMMAND}Fire{NORMAL} on{NL}an enemy with more HP.{PAGE}Please select this {UNIT}infantry{NORMAL} unit.{PAGE},{UNIT}Bộ binh{NORMAL} này đã{NL}bị thương rồi.{PAGE}Bạn không nên {COMMAND}Bắn{NORMAL} vào{NL}địch có nhiều HP hơn.{PAGE}Hãy chọn {UNIT}bộ binh{NORMAL} này.{PAGE},revised,
28ED78,"This is how the A Button is used{NL}to select units and issue commands.{PAGE}If you make a mistake and want{NL}to change orders, use the B Button.{PAGE}It's key that you remember this.{PAGE}","Nút A dùng để{NL}chọn quân và ra lệnh.{PAGE}Nếu làm sai và muốn{NL}đổi lệnh, hãy nhấn nút B.{PAGE}Hãy nhớ điều này.{PAGE}",approved,
28EE24,"Now that the enemy unit is damaged,{NL}this {UNIT}infantry{NORMAL} unit can finish it.{PAGE}Move in and {COMMAND}Fire{NORMAL} on it!{PAGE}","Địch đã bị thương,{NL}{UNIT}bộ binh{NORMAL} này có thể hạ nó.{PAGE}Tiến lên và {COMMAND}Bắn{NORMAL} đi!{PAGE}",revised,
28EE88,Selecting {COMMAND}Wait{NORMAL} now is pointless.{NL}Engage the enemy and select {COMMAND}Fire{NORMAL}.{PAGE}Use the B Button to cancel orders.{PAGE},Giờ chọn {COMMAND}Chờ{NORMAL} chẳng ích gì.{NL}Hãy đánh địch và chọn {COMMAND}Bắn{NORMAL}.{PAGE}Nhấn B để hủy lệnh.{PAGE},revised,
28EEF4,"That's not the best{NL}command in this situation.{PAGE}Please {COMMAND}Fire{NORMAL} on the enemy.{PAGE}Use the B Button to cancel{NL}your last command, please.{PAGE}",Lệnh đó không hay{NL}trong tình huống này.{PAGE}Hãy {COMMAND}Bắn{NORMAL} địch.{PAGE}Nhấn B để hủy{NL}lệnh vừa ra.{PAGE},revised,
28EF78,"You should select {COMMAND}End{NORMAL} after{NL}you give orders to all of your units.{PAGE}You haven't done this, so press the{NL}B Button to close the Map Menu.{PAGE}","Hãy chọn {COMMAND}Kết thúc{NORMAL} sau khi{NL}đã ra lệnh cho mỗi đơn vị.{PAGE}Bạn chưa xong, nên hãy nhấn{NL}B để đóng menu bản đồ.{PAGE}",revised,
28F004,You've defeated all{NL}of the enemy units!{PAGE}Your mission is a success!{PAGE}Keep up the good work!{PAGE},Bạn đã hạ hết{NL}quân địch!{PAGE}Nhiệm vụ thành công!{PAGE}Cứ phát huy nhé!{PAGE},revised,
28F060,"What? Inconceivable!{PAGE}That land was mine! How did{NL}they lose it so easily?{PAGE}Grrr... Next time,{NL}victory will be mine!{PAGE}","Gì? Không thể nào!{PAGE}Đó là đất của ta! Sao{NL}chúng lại thua dễ thế?{PAGE}Grr... Lần sau,{NL}ta sẽ chiến thắng!{PAGE}",revised,
28F0D4,Hmm? The enemy has deployed some{NL}{UNIT}mech{NORMAL} (mechanized infantry) units.{PAGE}This could be trouble...{PAGE}{UNIT}Mech{NORMAL} units have more firepower{NL}than your standard {UNIT}infantry{NORMAL} do.{PAGE},Hm? Địch đã đưa ra{NL}vài đơn vị {UNIT}bộ binh cơ giới{NORMAL}.{PAGE}Rắc rối rồi đây...{PAGE}{UNIT}Bộ binh cơ giới{NORMAL} có hỏa lực{NL}mạnh hơn {UNIT}bộ binh{NORMAL} thường.{PAGE},revised,
28F178,You won't be able to defeat{NL}{UNIT}mech{NORMAL} units in direct combat.{PAGE}So you'll have to use the terrain to{NL}give you some defensive cover.{PAGE},Bạn khó hạ được{NL}{UNIT}cơ giới{NORMAL} khi đấu tay đôi.{PAGE}Hãy dùng địa hình để{NL}tăng khả năng phòng thủ.{PAGE},revised,
28F1F8,"I'll explain about terrain{NL}features as we go.{PAGE}Select this {UNIT}infantry{NORMAL} unit, please.{PAGE}",Tôi sẽ giải thích về{NL}địa hình dần dần.{PAGE}Hãy chọn {UNIT}bộ binh{NORMAL} này.{PAGE},approved,
28F24C,Let's start with this {UNIT}infantry{NORMAL} unit.{PAGE}Press the A Button to select it.{PAGE},Bắt đầu với {UNIT}bộ binh{NORMAL} này.{PAGE}Nhấn A để chọn nó.{PAGE},revised,
28F298,Let's review what we've{NL}learned so far.{PAGE}Order this {UNIT}infantry{NORMAL} unit to {COMMAND}Fire{NORMAL}.{PAGE},Hãy ôn lại những gì{NL}ta vừa học.{PAGE}Ra lệnh {UNIT}bộ binh{NORMAL} này {COMMAND}Bắn{NORMAL}.{PAGE},approved,
28F2E8,"If you don't move here, you won't{NL}be able to {COMMAND}Fire{NORMAL}.{PAGE}Try moving here, please.{PAGE}","Nếu không đến đây, bạn sẽ{NL}không thể {COMMAND}Bắn{NORMAL}.{PAGE}Thử đến đây nhé.{PAGE}",revised,
28F338,{COMMAND}Wait{NORMAL} is the command you give{NL}to end a unit's movement.{PAGE}Now it's time to {COMMAND}Fire{NORMAL}!{PAGE},Lệnh {COMMAND}Chờ{NORMAL} dùng để{NL}kết thúc di chuyển.{PAGE}Giờ hãy {COMMAND}Bắn{NORMAL}!{PAGE},approved,
28F38C,Excellent!{PAGE},Tuyệt vời!{PAGE},approved,
28F398,"OK, select this {UNIT}infantry{NORMAL}{NL}unit next, please.{PAGE}",Giờ chọn {UNIT}bộ binh{NORMAL}{NL}này nhẹ.{PAGE},approved,
28F3C8,"I'm sorry, was that not clear?{PAGE}Please select this {UNIT}infantry{NORMAL} unit.{PAGE}","Xin lỗi, tôi nói chưa rõ sao?{PAGE}Hãy chọn {UNIT}bộ binh{NORMAL} này.{PAGE}",approved,
28F40C,"Do you notice anything different?{PAGE}Up 'til now, the highlighted movement{NL}area for {UNIT}infantry{NORMAL} was three spaces.{PAGE}","Bạn thấy gì khác không?{PAGE}Trước đây, vùng di chuyển{NL}của {UNIT}bộ binh{NORMAL} là ba ô.{PAGE}",approved,
28F47C,"Well, in the mountains, it's less.{NL}Movement cost is double here.{PAGE}This means your movement rate{NL}will be half of that on the plains.{PAGE}Do you think that means you{NL}should avoid mountains?{PAGE}That would be a very{NL}serious tactical error.{PAGE}Mountains offer advantages that{NL}compensate for movement cost.{PAGE}You'll understand once you{NL}{COMMAND}Fire{NORMAL} on the enemy.{PAGE}Go ahead. Engage the enemy{NL}and {COMMAND}Fire{NORMAL}!{PAGE}","Trên núi thì ít hơn.{NL}Di chuyển tốn gấp đôi.{PAGE}Nghĩa là tốc độ ở đây{NL}chỉ bằng nửa đồng bằng.{PAGE}Vậy bạn nghĩ nên{NL}tránh núi sao?{PAGE}Đó là sai lầm{NL}chiến thuật lớn.{PAGE}Núi có lợi thế bù lại{NL}phí di chuyển.{PAGE}Bạn sẽ hiểu khi{NL}{COMMAND}Bắn{NORMAL} vào địch.{PAGE}Nào, hãy đánh địch{NL}và {COMMAND}Bắn{NORMAL}!{PAGE}",revised,
28F5F8,"You know, if you don't move here,{NL}you won't be able to attack.{PAGE}Would you please move here?{PAGE}","Nếu không đến đây,{NL}bạn sẽ không đánh được.{PAGE}Hãy đi đến đây nhé?{PAGE}",approved,
28F654,"If you select that, your {UNIT}infantry{NORMAL}{NL}unit will finish its turn.{PAGE}Please select {COMMAND}Fire{NORMAL}.{PAGE}","Chọn lệnh đó, {UNIT}bộ binh{NORMAL}{NL}sẽ kết thúc lượt.{PAGE}Hãy chọn {COMMAND}Bắn{NORMAL}.{PAGE}",approved,
28F6AC,"Now compare the HP of the two{NL}{UNIT}infantry{NORMAL} units you used to attack.{PAGE}The last unit took less damage than{NL}the first unit, didn't it?{PAGE}This is because of another{NL}terrain feature called{PAGE}defensive cover.{PAGE}","Giờ so HP của hai{NL}{UNIT}bộ binh{NORMAL} vừa đánh đi.{PAGE}Quân thứ hai mất ít HP hơn{NL}quân đầu, đúng không?{PAGE}Đó là nhờ một{NL}yếu tố địa hình khác:{PAGE}độ che chắn.{PAGE}",revised,
28F774,"You attacked the enemy{NL}from the mountains, right?{PAGE}Defensive cover in the mountains{NL}is this number here... a four.{PAGE}","Bạn đánh địch{NL}từ trên núi, đúng không?{PAGE}Mức che chắn của núi{NL}là số này... bốn.{PAGE}",revised,
28F7E8,The defensive cover{NL}on the plains is a one.{PAGE},Mức che chắn{NL}ở đồng bằng là một.{PAGE},approved,
28F818,"The higher the defensive cover{NL}rating is, the less damage you'll take.{PAGE}Is that clear? Good! I knew{NL}you were a quick study.{PAGE}Go ahead and {COMMAND}Fire{NORMAL} on the{NL}remaining {UNIT}infantry{NORMAL} units.{PAGE}Select {COMMAND}End{NORMAL} when{NL}you're finished.{PAGE}","Mức che chắn càng cao,{NL}bạn càng ít bị thương.{PAGE}Hiểu rồi chứ? Tốt! Tôi biết{NL}bạn học nhanh mà.{PAGE}Hãy {COMMAND}Bắn{NORMAL} vào{NL}{UNIT}bộ binh{NORMAL} còn lại.{PAGE}Chọn {COMMAND}Kết thúc{NORMAL}{NL}khi xong.{PAGE}",revised,
28F8F0,Now is the time to {COMMAND}Fire{NORMAL}!{PAGE},Giờ hãy {COMMAND}Bắn{NORMAL}!{PAGE},approved,
28F90C,You can't defeat the enemy by{NL}selecting {COMMAND}Wait{NORMAL}! {COMMAND}Fire{NORMAL} now!{PAGE},Không thể hạ địch nếu{NL}chọn {COMMAND}Chờ{NORMAL}! {COMMAND}Bắn{NORMAL} đi!{PAGE},revised,
28F94C,You don't want to select {COMMAND}End{NORMAL} now.{PAGE}Get moving and attack!{PAGE},Giờ đừng chọn {COMMAND}Kết thúc{NORMAL}.{PAGE}Tiến lên và đánh đi!{PAGE},revised,
28F988,"So you've spotted my troops,{NL}have you? That's pretty good.{PAGE}But this time...heh heh heh...{NL}things will be different!{PAGE}You'll learn what it means{NL}to face {UNIT}mech{NORMAL} units!{PAGE}I'll just keep watch from back here.{PAGE}No need for me to actually be{NL}in the field. I'm still in charge, though!{PAGE}","Ngươi đã thấy quân ta,{NL}giỏi đấy.{PAGE}Nhưng lần này... hè hè...{NL}sẽ khác trước!{PAGE}Ngươi sẽ biết đối đầu{NL}{UNIT}cơ giới{NORMAL} ra sao!{PAGE}Ta đứng đây quan sát thôi.{PAGE}Ta chẳng cần ra{NL}trận, vẫn chỉ huy được!{PAGE}",revised,
28FA9C,"It's your turn.{PAGE}{UNIT}Mech{NORMAL} units really{NL}pack a punch, don't they?{PAGE}","Đến lượt bạn.{PAGE}{UNIT}Quân cơ giới{NORMAL} quá{NL}mạnh, phải không?{PAGE}",approved,
28FADC,"But if you'll notice, one{NL}{UNIT}infantry{NORMAL} unit{PAGE}","Nhưng bạn thấy không,{NL}một {UNIT}bộ binh{NORMAL}{PAGE}",approved,
28FB08,took less damage{NL}than the other.{PAGE},bị thương ít hơn{NL}đơn vị còn lại.{PAGE},approved,
28FB2C,Do you know why?{PAGE}It's because of superior defensive{NL}cover. Remembering this is vital.{PAGE}You should also keep in mind that{NL}movement cost differs between units.{PAGE},Bạn biết sao?{PAGE}Vì nó được che chắn tốt hơn.{NL}Hãy nhớ điều này.{PAGE}Phí di chuyển của mỗi quân{NL}cũng khác nhau.{PAGE},approved,
28FBCC,"For example, {UNIT}mech{NORMAL} and {UNIT}infantry{NORMAL} units{NL}have different movement types.{PAGE}So, their respective movement costs{NL}in mountains are two and one.{PAGE}","Ví dụ, {UNIT}cơ giới{NORMAL} và {UNIT}bộ binh{NORMAL}{NL}có kiểu di chuyển khác nhau.{PAGE}Phí đi qua núi của chúng{NL}lần lượt là hai và một.{PAGE}",revised,
28FC58,"When you need intel like this, place{NL}the cursor on a space and press the{PAGE}R Button. This works for terrain{NL}features, as well as for all unit types.{PAGE}So, for intel on unit movement type,{NL}cost, etc., remember the R Button.{PAGE}Well, I'll leave the rest{NL}of this battle to you.{PAGE}They may have {UNIT}mech{NORMAL} units,{NL}but you have superior numbers!{PAGE}Focus on what you've learned: use{NL}it well, and victory will be yours!{PAGE}","Cần tin tức thì đưa con trỏ{NL}vào một ô và nhấn{PAGE}nút R. Nó cho biết địa hình{NL}lẫn các loại quân.{PAGE}Muốn xem kiểu di chuyển,{NL}phí đi, hãy nhớ nút R.{PAGE}Giờ tôi để bạn tự{NL}xử lý trận này.{PAGE}Địch cơ {UNIT}quân cơ giới{NORMAL},{NL}nhưng bạn đông hơn!{PAGE}Dùng tốt điều đã học,{NL}chiến thắng sẽ là của bạn!{PAGE}",revised,
28FDE8,"Oh, one more thing.{PAGE}If at any point during the battle you{NL}need to stop, there's a way to save.{PAGE}Saving will prevent you from having{NL}to start the same mission over again.{PAGE}Please go to the Map Menu now.{PAGE}Place the cursor on an empty{NL}space and press the A Button.{PAGE}","A, còn điều nữa.{PAGE}Nếu cần nghỉ giữa trận,{NL}bạn có thể lưu game.{PAGE}Lưu sẽ giúp bạn khỏi{NL}chơi lại từ đầu.{PAGE}Hãy mở menu bản đồ ngay.{PAGE}Đưa con trỏ vào ô trống{NL}rồi nhấn nút A.{PAGE}",revised,
28FEEC,Do you see {COMMAND}System{NORMAL} on the menu?{NL}Please select that menu item.{PAGE},Thấy {COMMAND}Hệ thống{NORMAL} trên menu chứ?{NL}Hãy chọn mục đó.{PAGE},revised,
28FF2C,"Excuse me, could you please{NL}display the Map Menu now?{PAGE}Press the A Button when the{NL}cursor's on an empty space.{PAGE}","Xin lỗi, bạn hãy{NL}mở menu bản đồ được chứ?{PAGE}Nhấn A khi con trỏ{NL}đang ở ô trống.{PAGE}",revised,
28FF9C,"There's the {COMMAND}Save{NORMAL} command, right?{PAGE}This will allow you to {COMMAND}Save{NORMAL}{NL}your progress during a battle.{PAGE}Use this whenever you need to{NL}take a break from a mission.{PAGE}I'll let you decide whether{NL}or not to save at this point.{PAGE}OK, just a little more work here,{NL}and you should defeat Olaf.{PAGE}Don't let your guard down, though.{NL}Good luck and move out!{PAGE}","Có lệnh {COMMAND}Lưu{NORMAL} đó, đúng không?{PAGE}Lệnh đó giúp bạn {COMMAND}Lưu{NORMAL}{NL}tiến trình giữa trận.{PAGE}Dùng nó khi bạn cần{NL}nghỉ giữa nhiệm vụ.{PAGE}Giờ bạn tự quyết định{NL}có lưu hay không.{PAGE}Chỉ cần cố gắng chút nữa,{NL}bạn sẽ hạ được Olaf.{PAGE}Đừng mất cảnh giác nhé.{NL}Chúc may mắn, tiến lên!{PAGE}",revised,
2900EC,"I'm sorry, would you please{NL}select {COMMAND}System{NORMAL} now?{PAGE}","Xin lỗi, bạn hãy{NL}chọn {COMMAND}Hệ thống{NORMAL} nhé?{PAGE}",approved,
290120,"Select {COMMAND}System{NORMAL}, please.{PAGE}",Hãy chọn {COMMAND}Hệ thống{NORMAL}.{PAGE},approved,
29013C,You don't need to select {COMMAND}End{NORMAL} now.{PAGE}Please select {COMMAND}System{NORMAL}.{PAGE},Giờ chưa cần chọn {COMMAND}Kết thúc{NORMAL}.{PAGE}Hãy chọn {COMMAND}Hệ thống{NORMAL}.{PAGE},approved,
29017C,"Oh no, you've been defeated...{PAGE}You can't let {UNIT}mech{NORMAL} units frighten you.{NL}Just concentrate and {COMMAND}Fire{NORMAL}!{PAGE}The enemy's units may be stronger,{NL}but you have numbers on your side.{PAGE}Better luck next time.{PAGE}","Ôi không, bạn đã thua...{PAGE}Đừng sợ {UNIT}quân cơ giới{NORMAL}.{NL}Tập trung và {COMMAND}Bắn{NORMAL}!{PAGE}Quân địch tuy mạnh hơn,{NL}nhưng bạn có quân số hơn.{PAGE}Lần sau cố gắng nhé.{PAGE}",revised,
290240,"You've done it!{PAGE}These units really were{NL}on a covert operation.{PAGE}Thanks to your planning, our{NL}troops took minimal damage.{PAGE}Keep up the good work!{PAGE}","Bạn giỏi lắm!{PAGE}Đúng là chúng đang{NL}hành động bí mật.{PAGE}Nhờ kế hoạch của bạn,{NL}quân ta ít bị thương.{PAGE}Cứ phát huy nhé!{PAGE}",revised,
2902D0,"Aargh! Another failure!{PAGE}After all of my careful planning,{NL}another botched mission!{PAGE}Grrr... Next time, I will prevail!{PAGE}",Agh! Lại thất bại!{PAGE}Ta đã tính toán kỹ mà{NL}vẫn hỏng nhiệm vụ!{PAGE}Grr... Lần sau ta sẽ thắng!{PAGE},revised,
290348,"This area is crucial to the{NL}defense of the Alara region.{PAGE}This explains the four enemy {UNIT}tank{NORMAL}{NL}units deployed and waiting for us.{PAGE}Fortunately for us, those {UNIT}tanks{NORMAL}{NL}can't cross the mountains.{PAGE}So let's take care of business here{NL}first and deal with them later.{PAGE}Let's secure some bases by{NL}capturing the local cities.{PAGE}","Nơi này rất quan trọng{NL}để giữ vững Alara.{PAGE}Vì vậy địch đã đưa bốn {UNIT}xe tăng{NORMAL}{NL}đến chỗ ta.{PAGE}May thay, {UNIT}xe tăng{NORMAL} đó{NL}không qua núi được.{PAGE}Giờ xử lý việc ở đây{NL}rồi tính đến chúng sau.{PAGE}Hãy chiếm thành phố{NL}để giữ căn cứ.{PAGE}",revised,
290484,"Select this {UNIT}infantry{NORMAL} unit, please.{PAGE}",Hãy chọn {UNIT}bộ binh{NORMAL} này.{PAGE},approved,
2904AC,Would you move it here?{PAGE},Hãy đưa nó đến đây.{PAGE},approved,
2904C8,Please select this {UNIT}infantry{NORMAL} unit.{PAGE}Move the cursor here and{NL}press the A Button.{PAGE},Hãy chọn {UNIT}bộ binh{NORMAL} này.{PAGE}Đưa con trỏ đến đây{NL}rồi nhấn nút A.{PAGE},revised,
29051C,You shouldn't select {COMMAND}End{NORMAL}{NL}before moving your units.{PAGE}Would you please select this unit?{PAGE},Đừng chọn {COMMAND}Kết thúc{NORMAL}{NL}trước khi di chuyển quân.{PAGE}Hãy chọn đơn vị này.{PAGE},approved,
290578,Move it here using the{NL}cursor and the A Button.{PAGE},Dùng con trỏ và nút A{NL}để đưa nó đến đây.{PAGE},approved,
2905AC,"Do you see the new menu{NL}command, {COMMAND}Capt{NORMAL} (Capture)?{PAGE}Please select this command.{PAGE}","Bạn thấy lệnh mới,{NL}{COMMAND}Chiếm{NORMAL}, trên menu chứ?{PAGE}Hãy chọn lệnh đó.{PAGE}",approved,
2905FC,"If you select {COMMAND}Wait{NORMAL}, that{NL}unit's turn will be over.{PAGE}Select {COMMAND}Capture{NORMAL}, please.{PAGE}",Chọn {COMMAND}Chờ{NORMAL} thì{NL}quân này sẽ hết lượt.{PAGE}Hãy chọn {COMMAND}Chiếm{NORMAL}.{PAGE},approved,
29064C,"This city is now half-captured!{PAGE}It takes at least two{NL}days to {COMMAND}Capture{NORMAL} a city.{PAGE}Order this unit to {COMMAND}Capture{NORMAL} again{NL}next turn to secure an allied base.{PAGE}Oh, I almost forgot...{PAGE}Don't move a unit that's in the{NL}process of capturing a city.{PAGE}If you do, you'll have to begin{NL}capturing it all over again.{PAGE}The same is true if the capturing{NL}unit loses all of its HP.{PAGE}Do your best to protect units{NL}trying to secure new bases.{PAGE}","Đã chiếm nửa thành phố!{PAGE}Cần ít nhất hai{NL}ngày để {COMMAND}Chiếm{NORMAL} thành phố.{PAGE}Lượt sau lại cho quân {COMMAND}Chiếm{NORMAL}{NL}để nó thành căn cứ của ta.{PAGE}A, suýt quên...{PAGE}Đừng di chuyển quân khi nó{NL}đang chiếm thành phố.{PAGE}Nếu đi, bạn phải bắt đầu{NL}chiếm lại từ đầu.{PAGE}Quân đang chiếm mà{NL}về 0 HP cũng vậy.{PAGE}Hãy bảo vệ quân{NL}đang chiếm căn cứ mới.{PAGE}",revised,
2907EC,"OK, now let's move this {UNIT}mech{NORMAL} unit.{PAGE}Go ahead and select it, please.{PAGE}",Giờ hãy di chuyển {UNIT}quân cơ giới{NORMAL}.{PAGE}Hãy chọn nó đi.{PAGE},approved,
290834,"Select this {UNIT}mech{NORMAL} unit, please.{PAGE}Don't forget to press the A Button.{PAGE}",Hãy chọn {UNIT}quân cơ giới{NORMAL} này.{PAGE}Nhớ nhấn nút A.{PAGE},revised,
29087C,"Don't select {COMMAND}End{NORMAL} yet, please.{PAGE}",Đừng chọn {COMMAND}Kết thúc{NORMAL} vội.{PAGE},approved,
2908A0,Only {UNIT}infantry{NORMAL} and {UNIT}mech{NORMAL}{NL}units can capture new bases.{PAGE}Remember this when deploying{NL}units into unsecured areas.{PAGE},Chỉ {UNIT}bộ binh{NORMAL} và {UNIT}cơ giới{NORMAL}{NL}mới chiếm được căn cứ.{PAGE}Hãy nhớ khi đưa quân{NL}vào vùng chưa an toàn.{PAGE},revised,
290914,"Move the unit to this position, please.{PAGE}",Hãy đưa quân đến vị trí này.{PAGE},approved,
290940,"When you don't have any immediate{NL}goals, it's best to move close to cities.{PAGE}So, move to this space, please.{PAGE}","Nếu chưa có mục tiêu{NL}ngay, hãy đến gần thành phố.{PAGE}Vậy hãy đến ô này.{PAGE}",revised,
2909B0,"Now, go ahead and move the rest of{NL}your units close to the cities.{PAGE}Select {COMMAND}End{NORMAL} when{NL}you've finished moving.{PAGE}",Giờ đưa những quân còn lại{NL}đến gần thành phố.{PAGE}Chọn {COMMAND}Kết thúc{NORMAL} khi{NL}đã di chuyển xong.{PAGE},approved,
290A20,"What?{PAGE}Enemy forces have appeared again?{PAGE}Those cowards! Attacking my most{NL}remote units... How typical!{PAGE}But wait... I have some {UNIT}tank{NORMAL} units{NL}deployed there. Ha ha ha...{PAGE}Crushing those {UNIT}infantry{NORMAL} and{UNIT} mech{NORMAL}{NL}units will be a piece of cake!{PAGE}Fight on, my loyal troops! This{NL}time, you shall be victorious!{PAGE}","Gì?{PAGE}Địch lại xuất hiện sao?{PAGE}Bọn hèn! Đánh quân ta{NL}ở nơi xa... Đúng là chúng!{PAGE}Nhưng khoan... Ta có {UNIT}xe tăng{NORMAL}{NL}ở đó. Hạ hạ hạ...{PAGE}Nghiền nát {UNIT}bộ binh{NORMAL} và{UNIT} cơ giới{NORMAL}{NL}sẽ dễ như chơi!{PAGE}Quân trung thành, chiến đấu đi!{NL}Lần này hãy chiến thắng!{PAGE}",revised,
290B4C,It's your turn.{PAGE},Đến lượt bạn.{PAGE},approved,
290B60,"First, you should always start by{NL}completing the {COMMAND}Capture{NORMAL} of cities.{PAGE}Please select this {UNIT}infantry{NORMAL} unit{NL}and press the A Button.{PAGE}","Đầu mỗi lượt, hãy{NL}hoàn tất {COMMAND}Chiếm{NORMAL} thành phố.{PAGE}Chọn {UNIT}bộ binh{NORMAL} này{NL}rồi nhấn nút A.{PAGE}",approved,
290BE4,You may lose the battle if you{NL}forget to finish securing cities.{PAGE}Always start your turn by having{NL}units complete previous orders.{PAGE},"Bạn có thể thua nếu{NL}quên chiếm xong thành phố.{PAGE}Mỗi lượt, cho quân{NL}hoàn tất lệnh từ trước.{PAGE}",revised,
290C68,Select this {UNIT}infantry{NORMAL} unit{NL}and {COMMAND}Capture{NORMAL} this city.{PAGE},Chọn {UNIT}bộ binh{NORMAL} này{NL}và {COMMAND}Chiếm{NORMAL} thành phố.{PAGE},approved,
290CA0,It's not time to select {COMMAND}End{NORMAL} yet.{PAGE}{COMMAND}Capture{NORMAL} this city!{PAGE},Chưa đến lúc chọn {COMMAND}Kết thúc{NORMAL}.{PAGE}{COMMAND}Chiếm{NORMAL} thành phố!{PAGE},approved,
290CDC,"If you select {COMMAND}Wait{NORMAL}, that{NL}unit's turn will be over.{PAGE}You need to {COMMAND}Capture{NORMAL} the city!{PAGE}",Chọn {COMMAND}Chờ{NORMAL} thì{NL}quân này sẽ hết lượt.{PAGE}Bạn cần {COMMAND}Chiếm{NORMAL} thành phố!{PAGE},revised,
290D34,"Now, this city is yours!{PAGE}It's the same color as your troops,{NL}right? You can now use it as a base.{PAGE}","Thành phố này của bạn!{PAGE}Nó cùng màu với quân bạn,{NL}đúng không? Giờ dùng làm căn cứ.{PAGE}",revised,
290D98,"So, now you can see that{NL}these cities are under enemy control.{PAGE}",Giờ bạn thấy các{NL}thành phố này do địch chiếm.{PAGE},approved,
290DD8,"By the way, gray{NL}cities are neutral.{PAGE}",Phố màu xám{NL}là trung lập.{PAGE},approved,
290E00,"Let's get back to discussing bases.{PAGE}If you put a damaged unit in a base,{NL}it will recover some HP each turn.{PAGE}You will also receive 1000 G per{NL}day from each city you {COMMAND}Capture.{NORMAL}{PAGE}These funds are crucial for restoring{NL}HP to your units.{PAGE}Funds are also used for other{NL}purposes, but I'll explain those later.{PAGE}","Trở lại chuyện căn cứ nào.{PAGE}Cho quân bị thương vào căn cứ,{NL}mỗi lượt sẽ hồi ít HP.{PAGE}Mỗi ngày bạn nhận 1000 G{NL}từ mỗi phố đã {COMMAND}Chiếm{NORMAL}.{PAGE}Tiền này rất cần để hồi{NL}HP cho quân bạn.{PAGE}Tiền còn dùng việc khác,{NL}tôi sẽ nói sau.{PAGE}",revised,
290F30,"OK, now use this {UNIT}mech{NORMAL} unit to{NL}{COMMAND}Capture{NORMAL} a new base.{PAGE}Would you please select this unit?{PAGE}",Giờ dùng {UNIT}quân cơ giới{NORMAL} này{NL}để {COMMAND}Chiếm{NORMAL} căn cứ mới.{PAGE}Hãy chọn quân này.{PAGE},revised,
290F8C,Please select this {UNIT}mech{NORMAL} unit.{PAGE}Press the A Button to{NL}confirm your command.{PAGE},Hãy chọn {UNIT}quân cơ giới{NORMAL} này.{PAGE}Nhấn nút A để{NL}xác nhận lệnh.{PAGE},approved,
290FDC,"Select this {UNIT}mech{NORMAL} unit, please.{PAGE}",Hãy chọn {UNIT}quân cơ giới{NORMAL} này.{PAGE},approved,
291000,"Now, here's a problem for you.{PAGE}",Giờ tôi cho bạn một bài toán.{PAGE},revised,
291020,Two cities are within your{NL}movement range.{PAGE}One is neutral and one is hostile.{NL}Which one should you {COMMAND}Capture{NORMAL} first?{PAGE},"Có hai thành phố trong{NL}tầm di chuyển của bạn.{PAGE}Một trung lập, một của địch.{NL}Bạn nên {COMMAND}Chiếm{NORMAL} nơi nào trước?{PAGE}",revised,
291098,Would you please {COMMAND}Capture{NORMAL}{NL}one of these two cities?{PAGE},Hãy {COMMAND}Chiếm{NORMAL}{NL}một trong hai thành phố đó.{PAGE},approved,
2910D0,That unit's turn will be over{NL}if you select {COMMAND}Wait{NORMAL}.{PAGE}You need to {COMMAND}Capture{NORMAL}{NL}one of these cities.{PAGE},Quân này sẽ hết lượt{NL}nếu bạn chọn {COMMAND}Chờ{NORMAL}.{PAGE}Bạn cần {COMMAND}Chiếm{NORMAL}{NL}một trong hai thành phố.{PAGE},revised,
291130,"Yes, that's the correct choice!{PAGE}Of course, capturing either one{NL}of these cities is a plus for you.{PAGE}But if you secure the enemy city,{NL}you also reduce your foe's funds.{PAGE}","Đúng rồi, chọn rất hay!{PAGE}Tất nhiên, chiếm thành phố nào{NL}cũng có lợi cho bạn.{PAGE}Nhưng chiếm nơi của địch{NL}còn làm giảm tiền của chúng.{PAGE}",revised,
2911D8,"No, that's not the correct choice.{PAGE}This isn't the city you should{NL}{COMMAND}Capture{NORMAL} first.{PAGE}Of course, securing this city{NL}isn't completely wrong.{PAGE}But taking the enemy city{NL}first will reduce the enemy's funds.{PAGE}","Không, đó chưa phải lựa chọn hay.{PAGE}Đây chưa phải thành phố cần{NL}{COMMAND}Chiếm{NORMAL} trước.{PAGE}Chiếm nơi này{NL}cũng không sai hẳn.{PAGE}Nhưng chiếm của địch trước{NL}sẽ làm chúng mất tiền.{PAGE}",revised,
2912A4,"Oh, yes. There's one more thing{NL}you need to know.{PAGE}","A, còn một điều nữa{NL}bạn cần biết.{PAGE}",approved,
2912D8,"Look here to see how long{NL}it will take to secure the city.{PAGE}The Capture Number is now ten.{PAGE}When this number is reduced to{NL}zero, the city is secure!{PAGE}An {UNIT}infantry{NORMAL} unit has ten HP, so{NL}it takes two days to {COMMAND}Capture{NORMAL} a city{PAGE}with a Capture Number of twenty.{PAGE}A damaged unit has less HP, so it'll{NL}take longer for it to {COMMAND}Capture{NORMAL} a city.{PAGE}","Nhìn đây để biết còn{NL}bao lâu để chiếm thành phố.{PAGE}Điểm chiếm giờ là mười.{PAGE}Khi số đó xuống{NL}không, thành phố thuộc bạn!{PAGE}{UNIT}Bộ binh{NORMAL} có mười HP, nên{NL}cần hai ngày để {COMMAND}Chiếm{NORMAL} thành phố{PAGE}có điểm chiếm là hai mươi.{PAGE}Quân bị thương ít HP hơn,{NL}nên {COMMAND}Chiếm{NORMAL} lâu hơn.{PAGE}",revised,
291424,"So now you know how to{NL}{COMMAND}Capture{NORMAL} cities, right?{PAGE}I'm going to let you make all of{NL}the command decisions from now on.{PAGE}Would you like some advice{PAGE}on how to proceed?{NL}{16}",Giờ bạn đã biết{NL}{COMMAND}Chiếm{NORMAL} thành phố rồi chứ?{PAGE}Từ giờ tôi để bạn tự{NL}quyết định mọi lệnh.{PAGE}Bạn có muốn nghe lời khuyên{PAGE}về bước tiếp theo?{NL}{16},revised,
2914C8,"Really?{PAGE}Ok, but just one.{PAGE}","Sao?{PAGE}Được, một lời.{PAGE}",approved,
2914E4,"Naturally, you can win this battle{NL}by defeating all of the enemy units.{PAGE}However, the enemy {UNIT}tank{NORMAL} units{NL}are extremely powerful.{PAGE}Fighting them head-on is{NL}not an advisable strategy.{PAGE}I suggest waiting by your bases and{NL}taking out the {UNIT}infantry{NORMAL} and{PAGE}{UNIT}mech{NORMAL} units first.{PAGE}Avoid the {UNIT}tank{NORMAL} units as you{NL}try to {COMMAND}Capture{NORMAL} the enemy HQ.{PAGE}The weakness of {UNIT}tank{NORMAL} units is{NL}that their treads won't allow them{PAGE}to move through mountains.{PAGE}Place the cursor on a unit{NL}or terrain and press the R Button{PAGE}for more valuable intel.{PAGE}One last thing...{PAGE}","Bạn có thể thắng bằng cách{NL}hạ hết quân địch.{PAGE}Những {UNIT}xe tăng{NORMAL} của địch{NL}rất mạnh.{PAGE}Đánh trực diện chúng{NL}không phải cách hay.{PAGE}Nên đứng gần căn cứ và{NL}hạ {UNIT}bộ binh{NORMAL} cùng{PAGE}{UNIT}cơ giới{NORMAL} trước.{PAGE}Tránh {UNIT}xe tăng{NORMAL} khi bạn{NL}thử {COMMAND}Chiếm{NORMAL} sở chỉ huy địch.{PAGE}Điểm yếu của {UNIT}xe tăng{NORMAL} là{NL}bánh xích không cho nó{PAGE}vượt qua núi.{PAGE}Đưa con trỏ vào quân{NL}hoặc địa hình, nhấn R{PAGE}để xem thêm tin tức.{PAGE}Còn một điều nữa...{PAGE}",revised,
2916F4,Don't let the enemy{NL}{COMMAND}Capture{NORMAL} your HQ.{PAGE}You will lose if this happens.{PAGE}That's all. Good luck!{PAGE},"Đừng để địch{NL}{COMMAND}Chiếm{NORMAL} sở chỉ huy của bạn.{PAGE}Nếu vậy, bạn sẽ thua.{PAGE}Hết rồi. Chúc may mắn!{PAGE}",revised,
291754,"Outstanding!{PAGE}You've reclaimed the area and{NL}forced Blue Moon to withdraw!{PAGE}There's one more thing{NL}I have to tell you.{PAGE}You receive funds by{NL}capturing cities, right?{PAGE}Well, once you clear a map,{NL}you lose those funds. Sorry!{PAGE}Good luck on the next battle!{PAGE}","Xuất sắc!{PAGE}Bạn đã lấy lại vùng này và{NL}buộc Blue Moon rút lui!{PAGE}Tôi còn một điều{NL}phải nói với bạn.{PAGE}Chiếm thành phố sẽ{NL}cho tiền, đúng không?{PAGE}Nhưng hết màn thì bạn{NL}mất số tiền đó. Xin lỗi!{PAGE}Chúc may mắn trận sau!{PAGE}",revised,
291850,"Fantastic!{PAGE}You really showed those {UNIT}tank{NORMAL}{NL}units a thing or two!{PAGE}Do you see how a good strategy{NL}can defeat superior firepower?{PAGE}You've cleared the area and forced{NL}the Blue Moon forces to retreat.{PAGE}There's one more thing{NL}I have to tell you.{PAGE}You receive funds by{NL}capturing cities, right?{PAGE}Well, once you clear a map,{NL}you lose those funds. Sorry!{PAGE}Good luck on the next battle!{PAGE}","Tuyệt vời!{PAGE}Bạn đã cho bọn {UNIT}xe tăng{NORMAL}{NL}thấy tài năng rồi!{PAGE}Chiến thuật tốt có thể{NL}hạ hỏa lực mạnh, thấy chứ?{PAGE}Bạn đã giải phóng vùng này{NL}và đẩy Blue Moon rút lui.{PAGE}Tôi còn một điều{NL}phải nói với bạn.{PAGE}Chiếm thành phố sẽ{NL}cho tiền, đúng không?{PAGE}Nhưng hết màn thì bạn{NL}mất số tiền đó. Xin lỗi!{PAGE}Chúc may mắn trận sau!{PAGE}",revised,
2919C4,Unbelievable!{PAGE}We've been forced to withdraw?{PAGE}What's going on?{PAGE}What were the {UNIT}tank{NORMAL} units{NL}doing? Those useless fools!{PAGE}I'll take direct command next time.{PAGE}Grrr... I'll show you!{NL}I'll show you all!{PAGE},Không thể tin nổi!{PAGE}Ta bị buộc rút lui sao?{PAGE}Chuyện gì xảy ra vậy?{PAGE}Bốn {UNIT}xe tăng{NORMAL} đã{NL}làm gì? Lũ ngốc vô dụng!{PAGE}Lần sau ta sẽ trực tiếp chỉ huy.{PAGE}Grr... Cứ chờ đó!{NL}Ta sẽ cho các người thấy!{PAGE},revised,
291A88,"Oh, no!{NL}You've been defeated...{PAGE}Regroup and try again.{NL}Good luck!{PAGE}",Ôi không!{NL}Bạn đã thua...{PAGE}Tập hợp lại rồi thử nữa.{NL}Chúc may mắn!{PAGE},revised,
291ACC,Olaf has his bases covered.{PAGE}It looks like he understands the{NL}importance of holding this area.{PAGE}Almost all of our units heading for{NL}Lost Fortress have been eliminated.{PAGE},Olaf đã phòng thủ căn cứ.{PAGE}Có vẻ hắn hiểu vì sao{NL}phải giữ vùng này.{PAGE}Gần hết quân ta tiến đến{NL}Pháo Đài Thất Lạc đã bị diệt.{PAGE},revised,
291B74,"There are only two {UNIT}tank{NORMAL}{NL}units left of the original contingent.{PAGE}We must repair them in order to have{NL}any hopes of winning here.{PAGE}So first, let's pull those two units{NL}back here and patch them up.{PAGE}",Chỉ còn hai {UNIT}xe tăng{NORMAL}{NL}trong nhóm quân ban đầu.{PAGE}Ta phải sửa chúng mới có{NL}hy vọng chiến thắng.{PAGE}Trước tiên đưa hai quân đó{NL}về đây để sửa.{PAGE},revised,
291C38,"Will you select this {UNIT}tank{NORMAL}{NL}unit, please?{PAGE}",Hãy chọn {UNIT}xe tăng{NORMAL}{NL}này nhé?{PAGE},approved,
291C64,"First, we need to get this {UNIT}tank{NORMAL}{NL}out of danger. Select it, please.{PAGE}",Trước tiên phải đưa {UNIT}xe tăng{NORMAL}{NL}thoát hiểm. Hãy chọn nó.{PAGE},approved,
291CAC,"To repair a unit, just move it to an{NL}allied city or a secure base.{PAGE}","Muốn sửa quân, hãy đưa nó đến{NL}thành phố hoặc căn cứ của ta.{PAGE}",approved,
291CF0,This {UNIT}tank{NORMAL} unit can make it to this{NL}city. Please move it here.{PAGE},{UNIT}Xe tăng{NORMAL} này đến được{NL}thành phố. Hãy đưa nó đến đây.{PAGE},approved,
291D34,"If you don't move the unit into a city,{NL}it won't regain any HP.{PAGE}Would you move it here, please?{PAGE}","Nếu không vào thành phố,{NL}quân sẽ không hồi HP.{PAGE}Hãy đưa nó đến đây nhé?{PAGE}",approved,
291D98,Good. That's right.{PAGE}This {UNIT}tank{NORMAL} unit will now recover{NL}two HP for every turn it stays here.{PAGE},Tốt. Đúng rồi.{PAGE}{UNIT}Xe tăng{NORMAL} này sẽ hồi{NL}hai HP mỗi lượt ở đây.{PAGE},revised,
291DF4,"Okay. Now, let's withdraw this{NL}{UNIT}tank{NORMAL} unit, too.{PAGE}Would you select it, please?{PAGE}",Giờ hãy rút tiếp{NL}{UNIT}xe tăng{NORMAL} này về.{PAGE}Hãy chọn nó nhé?{PAGE},approved,
291E44,"If you leave it out there next{NL}to the enemy, it's done for.{PAGE}Let's move it to a safe place.{PAGE}",Nếu để nó gần địch{NL}thì nó chắc tiêu.{PAGE}Hãy đưa nó đến nơi an toàn.{PAGE},revised,
291EA0,"I'd like to repair this unit now, but{NL}there's no safe place within{PAGE}its movement range. There's{NL}nothing we can do about that.{PAGE}Let's get it as close to a city as{NL}possible and begin repairs next turn.{PAGE}","Tôi muốn sửa quân này ngay, nhưng{NL}trong tầm di chuyển không có{PAGE}nơi nào an toàn.{NL}Ta chưa làm được gì.{PAGE}Đưa nó đến gần thành phố{NL}nhất rồi sửa ở lượt sau.{PAGE}",revised,
291F68,"Would you move it here, please?{PAGE}",Hãy đưa nó đến đây nhé?{PAGE},approved,
291F8C,I'm sorry for the confusion.{PAGE}Would you please move the unit here?{PAGE},Xin lỗi vì làm bạn rối.{PAGE}Hãy đưa quân đến đây được không?{PAGE},revised,
291FD0,"That's right. Thank you.{PAGE}But we can't stop there, can we?{PAGE}","Đúng rồi. Cảm ơn bạn.{PAGE}Nhưng ta chưa thể dừng, phải không?{PAGE}",revised,
29200C,The unit's still vulnerable to attack{NL}from the enemy's {UNIT}tank{NORMAL} unit.{PAGE}Place the cursor on a unit and press{NL}the B Button to check its{PAGE}attack range. The area it can {COMMAND}Fire{NORMAL}{NL}upon will appear in red.{PAGE},Quân này vẫn dễ bị đánh{NL}bởi {UNIT}xe tăng{NORMAL} của địch.{PAGE}Đưa trỏ vào quân rồi nhấn{NL}B để xem{PAGE}tầm đánh. Vùng nó có thể {COMMAND}Bắn{NORMAL}{NL}sẽ hiện màu đỏ.{PAGE},revised,
2920D0,"Well, what to do now? How about{NL}giving it a little assistance?{PAGE}Let's deploy other units around it to{NL}prevent it from being attacked.{PAGE}This tactic is called building{NL}a defensive wall.{PAGE}Our available units are...{PAGE}",Giờ làm sao đây? Hãy{NL}giúp nó một chút nhé?{PAGE}Đưa quân khác đứng quanh{NL}để địch không đánh được.{PAGE}Cách này gọi là lập{NL}hàng phòng thủ.{PAGE}Quân ta hiện có là...{PAGE},revised,
2921A4,This {UNIT}mech{NORMAL} unit should{NL}do nicely.{PAGE},{UNIT}Quân cơ giới{NORMAL} này{NL}rất hợp.{PAGE},approved,
2921C8,Move it here to create{NL}a defensive wall.{PAGE},Đưa nó đến đây để tạo{NL}hàng phòng thủ.{PAGE},approved,
2921F4,"At this point, our goal is to{NL}protect this unit.{PAGE}","Lúc này, mục tiêu là{NL}bảo vệ quân đó.{PAGE}",approved,
292228,"So, we need to block the enemy's{NL}approach with one of our other units.{PAGE}",Vậy ta cần dùng một quân khác{NL}chặn đường tiến của địch.{PAGE},approved,
292270,The only unit available now is{NL}this {UNIT}mech{NORMAL} unit.{PAGE}Please select this {UNIT}mech{NORMAL} unit.{PAGE},Quân duy nhất dùng được là{NL}{UNIT}quân cơ giới{NORMAL} này.{PAGE}Hãy chọn {UNIT}quân cơ giới{NORMAL}.{PAGE},approved,
2922C4,"We can't protect this {UNIT}tank{NORMAL} unit{NL}without moving here.{PAGE}The enemy {UNIT}tank{NORMAL} unit will{NL}move right through this space.{PAGE}Move here, please.{PAGE}",Không thể bảo vệ {UNIT}xe tăng{NORMAL}{NL}nếu không đến đây.{PAGE}{UNIT}Xe tăng{NORMAL} địch sẽ{NL}đi qua ô này.{PAGE}Hãy đến đây.{PAGE},approved,
29234C,There! Now the unit is safe{NL}from enemy attack.{PAGE}Enemy units can't cross allied{NL}lines and vice-versa.{PAGE}You can see why a defensive wall is{NL}such an effective strategic tool.{PAGE},Đó! Giờ quân ta đã an toàn{NL}trước địch.{PAGE}Quân địch không qua được{NL}hàng ta và ngược lại.{PAGE}Bạn thấy hàng phòng thủ{NL}hiệu quả ra sao rồi chứ.{PAGE},revised,
2923F8,"This {UNIT}mech{NORMAL} unit will come under {COMMAND}fire{NORMAL},{NL}but it should be able to hold a turn.{PAGE}","{UNIT}Quân cơ giới{NORMAL} sẽ bị {COMMAND}Bắn{NORMAL},{NL}nhưng trụ được một lượt.{PAGE}",revised,
292448,"Since we have two {UNIT}mech{NORMAL} units,{NL}we should be OK for two days.{PAGE}","Ta có hai {UNIT}quân cơ giới{NORMAL},{NL}nên sẽ ổn trong hai ngày.{PAGE}",approved,
292488,"So, move the {UNIT}mech{NORMAL} units up, and{NL}then deploy the {UNIT}infantry{NORMAL} as you like.{PAGE}Press {COMMAND}End{NORMAL} when you're finished.{PAGE}","Đưa {UNIT}quân cơ giới{NORMAL} lên,{NL}rồi bố trí {UNIT}bộ binh{NORMAL} tùy ý.{PAGE}Xong thì chọn {COMMAND}Kết thúc{NORMAL}.{PAGE}",revised,
2924F8,"Ah ha! The Orange Star{NL}forces have arrived.{PAGE}It looks like the group that's{NL}been giving me such trouble, too.{PAGE}But...they don't even have one{NL}decent {UNIT}tank{NORMAL} unit with them!{PAGE}I've nothing to fear from these{NL}ragged fools. Prepare to be routed!{PAGE}",A hà! Quân Orange Star{NL}đã đến.{PAGE}Chính là bọn làm ta{NL}phiền toái bấy lâu.{PAGE}Nhưng chúng không có cả{NL}một {UNIT}xe tăng{NORMAL} ra hồn!{PAGE}Ta chẳng ngại bọn quân rách đó.{NL}Chuẩn bị thua đi!{PAGE},revised,
2925E8,It's your turn.{PAGE},Đến lượt bạn.{PAGE},approved,
2925FC,"The enemy is closing in, but...the{NL}{UNIT}tanks{NORMAL} need more time for repairs.{PAGE}","Địch đang áp sát, nhưng...{NL}{UNIT}xe tăng{NORMAL} cần sửa thêm.{PAGE}",approved,
292644,"Even regaining two HP per day,{NL}we're not going to be ready in time.{PAGE}","Dù hồi hai HP mỗi ngày,{NL}ta vẫn không kịp chuẩn bị.{PAGE}",approved,
29268C,It looks like we'll have to {COMMAND}Join{NORMAL}{NL}these two units together.{PAGE},Có vẻ ta phải {COMMAND}Ghép{NORMAL}{NL}hai đơn vị này lại.{PAGE},approved,
2926CC,Please select this {UNIT}tank{NORMAL} unit.{PAGE},Hãy chọn {UNIT}xe tăng{NORMAL} này.{PAGE},approved,
2926F0,"First, I need you to select this {UNIT}tank{NORMAL}{NL}unit. Don't forget: use the A Button.{PAGE}","Trước hết, chọn {UNIT}xe tăng{NORMAL}{NL}này. Nhớ nhấn nút A.{PAGE}",revised,
292740,Great! Put the cursor here and{NL}move to this spot.{PAGE},Tốt! Đưa con trỏ đến đây{NL}và đi đến ô này.{PAGE},revised,
292774,"Select {COMMAND}Join{NORMAL} from the menu, please.{PAGE}",Hãy chọn {COMMAND}Ghép{NORMAL} trên menu.{PAGE},approved,
29279C,"To {COMMAND}Join{NORMAL} units, move one unit into{NL}the same space as another unit.{PAGE}So, you need to move it here.{PAGE}","Muốn {COMMAND}Ghép{NORMAL} quân, hãy đưa một{NL}quân vào cùng ô với quân kia.{PAGE}Vậy đưa nó đến đây.{PAGE}",revised,
292800,"You did it! The units{NL}have been merged!{PAGE}When two units {COMMAND}Join{NORMAL}, they{NL}combine their HP.{PAGE}Of course, now there's only{NL}one unit, but...{PAGE}I know that two units may seem{NL}better than one at most times,{PAGE}but running around with low{NL}HP is very risky.{PAGE}I recommend using {COMMAND}Join{NORMAL} when{NL}you feel it's necessary.{PAGE}","Làm được rồi! Hai quân{NL}đã nhập lại!{PAGE}Khi {COMMAND}Ghép{NORMAL} hai quân,{NL}HP của chúng cộng lại.{PAGE}Giờ chỉ còn một{NL}đơn vị, nhưng...{PAGE}Tôi biết hai quân thường{NL}có vẻ lợi hơn một,{PAGE}nhưng đi lại với ít{NL}HP rất mạo hiểm.{PAGE}Hãy dùng {COMMAND}Ghép{NORMAL} khi{NL}bạn thấy cần thiết.{PAGE}",revised,
292928,I'm going to leave the rest of this{NL}mission to you.{PAGE}Do you want some strategic advice?{NL}{16},Giờ tôi để phần còn lại{NL}cho bạn.{PAGE}Bạn có muốn nghe lời khuyên?{NL}{16},revised,
292984,"Really?{PAGE}Don't forget: to win, you must{NL}{COMMAND}Capture{NORMAL} the enemy HQ or destroy{PAGE}all enemy units in the field.{NL}Good luck!{PAGE}","Thật sao?{PAGE}Nhớ rằng để thắng, bạn phải{NL}{COMMAND}Chiếm{NORMAL} sở chỉ huy địch hoặc hạ{PAGE}hết quân địch ngoài trận.{NL}Chúc may mắn!{PAGE}",revised,
2929F8,"The {UNIT}tank{NORMAL} unit will have full HP{NL}and be ready to go on the next turn.{PAGE}First, use your {UNIT}mech{NORMAL} and {UNIT}tank{NORMAL}{NL}units to destroy the enemy tanks.{PAGE}If your {UNIT}mech{NORMAL} units take too much{NL}damage, use {COMMAND}Join{NORMAL} to merge them.{PAGE}If you can just get rid of Olaf's{NL}{UNIT}tank{NORMAL} units, you'll surely win.{PAGE}As long as you keep your HQ from{NL}being seized, you can't lose.{PAGE}You can also win by {COMMAND}Capturing{NORMAL} the{NL}enemy's HQ, but it'll be faster to{PAGE}defeat all of the enemy units.{NL}Good luck!{PAGE}","{UNIT}Xe tăng{NORMAL} sẽ đầy HP{NL}và sẵn sàng vào lượt sau.{PAGE}Đầu tiên dùng {UNIT}cơ giới{NORMAL} và {UNIT}xe tăng{NORMAL}{NL}để hạ xe tăng địch.{PAGE}Nếu {UNIT}cơ giới{NORMAL} bị thương nặng,{NL}hãy {COMMAND}Ghép{NORMAL} chung lại.{PAGE}Chỉ cần hạ hết{NL}{UNIT}xe tăng{NORMAL} của Olaf là bạn thắng.{PAGE}Miễn là giữ được sở chỉ huy,{NL}bạn sẽ không thua.{PAGE}Bạn cũng có thể {COMMAND}Chiếm{NORMAL}{NL}sở chỉ huy địch, nhưng hạ{PAGE}hết quân địch sẽ nhanh hơn.{NL}Chúc may mắn!{PAGE}",revised,
292BBC,The Blue Moon forces{NL}have retreated!{PAGE}Capturing this area was vital{NL}to our strategy.{PAGE}You did a great job!{PAGE}Keep up the good work.{PAGE},Quân Blue Moon{NL}đã rút lui!{PAGE}Chiếm vùng này rất quan trọng{NL}cho chiến thuật của ta.{PAGE}Bạn làm rất tốt!{PAGE}Cứ phát huy nhé.{PAGE},revised,
292C40,"Nell?{PAGE}So, she does have her hand in this!{PAGE}That explains why this little group{NL}has been such unexpected trouble.{PAGE}This is unforgivable! Next time, I{NL}will give them a display of true might!{PAGE}Mark my words!{PAGE}",Nell?{PAGE}Hóa ra cô ta nhúng tay vào!{PAGE}Bảo sao nhóm quân nhỏ này{NL}lại gây rắc rối cho ta.{PAGE}Không thể tha thứ! Lần sau ta{NL}sẽ cho chúng thấy sức mạnh thật!{PAGE}Nhớ lời ta đấy!{PAGE},revised,
292D0C,You lost. That's too bad.{PAGE}Better luck next time.{PAGE},Bạn thua rồi. Tiếc quá.{PAGE}Lần sau may mắn hơn nhé.{PAGE},revised,
292D40,"Well, it's good to see that we{NL}have an {UNIT}artillery{NORMAL} unit, but...{PAGE}it's out of ammo.{PAGE}And it's almost out of fuel, too.{PAGE}It can't {COMMAND}Fire{NORMAL} without ammo,{NL}and it can't move without fuel.{PAGE}In this condition, it's useless.{PAGE}But don't worry. I think{NL}we'll manage just fine.{PAGE}","May là ta có{NL}{UNIT}pháo binh{NORMAL}, nhưng...{PAGE}nó đã hết đạn.{PAGE}Và cũng gần hết xăng.{PAGE}Không đạn thì không {COMMAND}Bắn{NORMAL},{NL}không xăng thì không đi được.{PAGE}Giờ nó vô dụng.{PAGE}Nhưng đừng lo. Tôi nghĩ{NL}ta vẫn xoay xở được.{PAGE}",revised,
292E48,"We just need to {COMMAND}Supply{NORMAL} the unit{NL}using a {UNIT}transport{NORMAL} unit.{PAGE}When you {COMMAND}Supply{NORMAL} a unit, you fill its{NL}ammo and fuel to the maximum level.{PAGE}For intel on a specific unit, select the{NL}unit and press the R Button.{PAGE}","Ta chỉ cần {COMMAND}Tiếp tế{NORMAL} cho quân{NL}bằng {UNIT}xe tiếp tế{NORMAL}.{PAGE}Khi {COMMAND}Tiếp tế{NORMAL}, đạn và xăng{NL}sẽ được nạp đầy.{PAGE}Muốn xem tin từng đơn vị,{NL}hãy chọn nó rồi nhấn R.{PAGE}",revised,
292F18,"OK. Will you select this unit{NL}and move it here, please?{PAGE}",Giờ hãy chọn quân này{NL}và đưa nó đến đây.{PAGE},approved,
292F54,"To make this unit usable, we need{NL}to give it some supplies.{PAGE}Since we can't get it into a base,{NL}we'll have to use a {UNIT}transport{NORMAL} unit.{PAGE}Select this unit, please.{PAGE}","Muốn quân này dùng được,{NL}ta cần tiếp tế.{PAGE}Không đưa nó vào căn cứ được,{NL}nên phải dùng {UNIT}xe tiếp tế{NORMAL}.{PAGE}Hãy chọn quân này.{PAGE}",revised,
292FF4,Would you please move the{NL}unit to this position?{PAGE},Hãy đưa{NL}quân đến ô này.{PAGE},revised,
293028,"The {COMMAND}Supply{NORMAL} command appears{NL}in the menu, right?{PAGE}Select that command, please.{PAGE}","Lệnh {COMMAND}Tiếp tế{NORMAL} đã hiện{NL}trên menu, đúng không?{PAGE}Hãy chọn lệnh đó.{PAGE}",approved,
293078,Choosing {COMMAND}Wait{NORMAL} will end the unit's{NL}turn. Please select {COMMAND}Supply{NORMAL}.{PAGE},Chọn {COMMAND}Chờ{NORMAL} sẽ hết{NL}lượt. Hãy chọn {COMMAND}Tiếp tế{NORMAL}.{PAGE},approved,
2930BC,Great! Now we've given the unit{NL}both ammo and fuel.{PAGE}This is how {UNIT}transport{NORMAL} units supply{NL}allied units in adjacent spaces.{PAGE},Tốt! Quân đã được bổ sung{NL}đạn và xăng.{PAGE}Đây là cách {UNIT}xe tiếp tế{NORMAL}{NL}giúp quân ta ở ô liền kề.{PAGE},revised,
293138,"This time, we gave supplies to only one{NL}unit, but {UNIT}transport{NORMAL} units can{PAGE}","Lần này ta chỉ tiếp tế cho một{NL}quân, nhưng {UNIT}xe tiếp tế{NORMAL} có thể{PAGE}",approved,
293184,also provide supplies simultaneously{NL}to any unit adjacent to it.{PAGE},tiếp tế đồng thời{NL}cho mọi quân đứng cạnh.{PAGE},revised,
2931C8,"Oh, yes. You can also {COMMAND}Supply{NORMAL} units{NL}by placing them in allied bases.{PAGE}And, as I explained before, in addition{NL}to supplies, bases also provide HP.{PAGE}So, use bases when you can. But{NL}when you can't, use {UNIT}transport{NORMAL} units.{PAGE}","A, bạn cũng có thể {COMMAND}Tiếp tế{NORMAL} quân{NL}bằng cách cho nó vào căn cứ ta.{PAGE}Như đã nói, căn cứ không chỉ{NL}tiếp tế mà còn hồi HP.{PAGE}Có căn cứ thì dùng căn cứ.{NL}Không thì dùng {UNIT}xe tiếp tế{NORMAL}.{PAGE}",revised,
2932A4,"Now that the {UNIT}artillery{NORMAL} unit is ready{NL}to go, let's use it and {COMMAND}Fire{NORMAL}!{PAGE}Would you select it, please?{PAGE}","Giờ {UNIT}pháo binh{NORMAL} đã sẵn sàng{NL}rồi, hãy cho nó {COMMAND}Bắn{NORMAL}!{PAGE}Bạn chọn nó nhé?{PAGE}",approved,
29330C,We need to test this {UNIT}artillery{NORMAL} unit.{PAGE}Would you please select it?{PAGE},Ta cần thử {UNIT}pháo binh{NORMAL} này.{PAGE}Hãy chọn nó nhé?{PAGE},approved,
293350,"Thank you. Now, press the A Button{NL}again to display the Command Menu.{PAGE}",Cảm ơn. Giờ nhấn nút A{NL}lần nữa để mở menu lệnh.{PAGE},approved,
293398,"Select {COMMAND}Fire{NORMAL}, please.{PAGE}",Hãy chọn {COMMAND}Bắn{NORMAL}.{PAGE},approved,
2933B0,We won't be able to see what this{NL}unit can do if you select {COMMAND}Wait{NORMAL}.{PAGE}Please select {COMMAND}Fire{NORMAL}.{PAGE},Ta không biết quân này{NL}làm gì nếu chọn {COMMAND}Chờ{NORMAL}.{PAGE}Hãy chọn {COMMAND}Bắn{NORMAL}.{PAGE},approved,
29340C,"This is why we have {UNIT}artillery{NORMAL}{NL}units: Indirect Fire!{PAGE}Indirect Fire is the term used for{NL}a long-distance attack on the enemy.{PAGE}This technique allows units to{NL}{COMMAND}Fire{NORMAL} without fear of counterfire.{PAGE}Now that that's clear, go ahead{NL}and deploy the rest of your troops.{PAGE}","Đây là lý do có {UNIT}pháo binh{NORMAL}:{NL}tấn công gián tiếp!{PAGE}Đó là cách đánh địch{NL}từ khoảng cách xa.{PAGE}Nó cho phép quân{NL}{COMMAND}Bắn{NORMAL} mà không lo bị đánh trả.{PAGE}Giờ đã rõ, hãy triển khai{NL}những quân còn lại.{PAGE}",revised,
293514,Hmm... It's only a matter of time{NL}before the enemy {UNIT}infantry{NORMAL}{PAGE}attacks these allied bases.{PAGE}Let's see what we can{NL}do to protect them.{PAGE},Hm... Chẳng bao lâu nữa{NL}{UNIT}bộ binh{NORMAL} địch sẽ{PAGE}đánh căn cứ của ta.{PAGE}Hãy xem ta có thể{NL}bảo vệ chúng ra sao.{PAGE},approved,
29359C,I think a single {UNIT}tank{NORMAL} unit{NL}might barely suffice.{PAGE},Tôi nghĩ một {UNIT}xe tăng{NORMAL}{NL}là vừa đủ.{PAGE},approved,
2935D0,Please move the unit here.{PAGE},Hãy đưa quân đến đây.{PAGE},approved,
2935EC,"Among these units, only this {UNIT}tank{NORMAL} unit{NL}has a sufficient movement range.{PAGE}So, please select this {UNIT}tank{NORMAL} unit.{PAGE}","Trong số này, chỉ {UNIT}xe tăng{NORMAL}{NL}có đủ tầm di chuyển.{PAGE}Hãy chọn {UNIT}xe tăng{NORMAL} đó.{PAGE}",approved,
29365C,"It will be easier to deploy this unit{NL}from a point near this base,{PAGE}so please deploy it to this position.{PAGE}","Đưa quân đến gần căn cứ{NL}sẽ dễ triển khai hơn,{PAGE}nên hãy đưa nó đến vị trí này.{PAGE}",approved,
2936C8,"On second thought, protecting these{NL}bases with a single {UNIT}tank{NORMAL} unit may{PAGE}be a little tough. The enemy also{NL}has {UNIT}tank{NORMAL} units nearby, and...{PAGE}I think it would be wise to move{NL}a {UNIT}mech{NORMAL} unit up as close as possible.{PAGE}","Nghĩ lại, giữ căn cứ{NL}bằng một {UNIT}xe tăng{NORMAL}{PAGE}có lẽ hơi khó. Địch cũng{NL}có {UNIT}xe tăng{NORMAL} ở gần, và...{PAGE}Ta nên đưa một{NL}{UNIT}quân cơ giới{NORMAL} lên gần hơn.{PAGE}",revised,
29379C,Please move this {UNIT}mech{NORMAL} unit{PAGE},Hãy đưa {UNIT}quân cơ giới{NORMAL} này{PAGE},approved,
2937BC,to this point.{PAGE},đến điểm này.{PAGE},approved,
2937CC,Please select this {UNIT}mech{NORMAL} unit.{PAGE}Remember to press the A Button.{PAGE},Hãy chọn {UNIT}quân cơ giới{NORMAL}.{PAGE}Nhớ nhấn nút A.{PAGE},revised,
293810,"We need to move it{NL}toward the base.{PAGE}Would you move it here, please?{PAGE}",Ta cần đưa nó{NL}đến gần căn cứ.{PAGE}Hãy đưa nó đến đây nhé?{PAGE},approved,
293858,The remaining units are yours{NL}to deploy as you see fit.{PAGE}Would you like some strategic advice?{NL}{16},Bạn tự bố trí{NL}những quân còn lại.{PAGE}Có muốn nghe lời khuyên?{NL}{16},revised,
2938B8,"There are some neutral cities below{NL}us, right? It would be serious trouble{PAGE}if they were captured, so let's send{NL}these {UNIT}infantry{NORMAL} units down there.{PAGE}I think we can {COMMAND}Capture{NORMAL} the cities and{NL}engage the enemy at the same time.{PAGE}","Phía dưới có vài thành phố{NL}trung lập, đúng không? Sẽ rất nguy{PAGE}nếu địch chiếm, nên đưa{NL}{UNIT}bộ binh{NORMAL} xuống đó.{PAGE}Ta có thể vừa {COMMAND}Chiếm{NORMAL} thành phố{NL}vừa đánh địch.{PAGE}",revised,
293998,"But watch out for the enemy{NL}{UNIT}artillery{NORMAL}. If you don't deploy{PAGE}your troops carefully,{NL}the enemy will attack them.{PAGE}","Nhưng coi chừng{NL}{UNIT}pháo binh{NORMAL} địch. Nếu bố trí{PAGE}quân không cẩn thận,{NL}bạn sẽ bị đánh.{PAGE}",revised,
293A0C,"Oh, I almost forgot.{PAGE}Wouldn't you like to know how{NL}far your units can {UNIT}Fire{NORMAL}?{PAGE}Do you remember how we checked{NL}an enemy unit's attack range?{PAGE}Check your own troops' attack{NL}range the same way.{PAGE}Place the cursor on a unit, then press{NL}and hold down the B Button.{PAGE}The area displayed in red indicates{NL}the unit's attack range.{PAGE}OK. When you've finished deploying{NL}all of your units, select {COMMAND}End{NORMAL}.{PAGE}","A, suýt quên.{PAGE}Bạn có muốn biết{NL}quân mình {UNIT}Bắn{NORMAL} xa đến đâu?{PAGE}Nhớ cách xem tầm đánh{NL}của địch chứ?{PAGE}Hãy xem tầm đánh quân ta{NL}bằng cách tương tự.{PAGE}Đưa con trỏ vào quân, rồi nhấn{NL}và giữ nút B.{PAGE}Vùng màu đỏ là{NL}tầm đánh của nó.{PAGE}Bố trí quân xong thì{NL}chọn {COMMAND}Kết thúc{NORMAL}.{PAGE}",revised,
293B90,"Grrr... Curse you, Nell!{PAGE}Looks like you're bound and{NL}determined to get in my way!{PAGE}I'll have my troops swat{NL}you like a fly!{PAGE}",Grr... Nell đáng ghét!{PAGE}Có vẻ có quyết tâm{NL}cản đường ta!{PAGE}Quân ta sẽ đập{NL}cô như con ruồi!{PAGE},revised,
293C0C,"It's your turn.{PAGE}This doesn't look good. Enemy units{NL}are closing in, and our {UNIT}mech{NORMAL} unit{PAGE}won't arrive in time to help. But{NL}don't panic! There's a way for us to{PAGE}help that {UNIT}mech{NORMAL} unit move{NL}a bit faster and farther.{PAGE}","Đến lượt bạn.{PAGE}Không ổn. Địch đang{NL}áp sát, và {UNIT}quân cơ giới{NORMAL} ta{PAGE}không kịp đến cứu. Nhưng{NL}đừng hoảng! Ta có cách{PAGE}giúp {UNIT}quân cơ giới{NORMAL} đi{NL}nhanh và xa hơn.{PAGE}",approved,
293CE4,Please select this {UNIT}mech{NORMAL} unit.{PAGE},Hãy chọn {UNIT}quân cơ giới{NORMAL}.{PAGE},approved,
293D08,"Would you select this {UNIT}mech{NORMAL}{NL}unit, please?{PAGE}Don't forget to press{NL}the A Button.{PAGE}",Hãy chọn {UNIT}quân cơ giới{NORMAL}{NL}này nhé?{PAGE}Nhớ nhấn{NL}nút A.{PAGE},revised,
293D58,"OK. Now move the{NL}unit here, please.{PAGE}",Được. Giờ hãy đưa{NL}quân đến đây.{PAGE},approved,
293D80,Please move the unit to the same{NL}space as the {UNIT}transport{NORMAL} unit.{PAGE}Remember to press{NL}the A Button.{PAGE},Đưa quân vào cùng{NL}ô với {UNIT}xe tiếp tế{NORMAL}.{PAGE}Nhớ nhấn{NL}nút A.{PAGE},revised,
293DE4,"The {COMMAND}Load{NORMAL} command is in the{NL}menu, right?{PAGE}Please select that command.{PAGE}","Lệnh {COMMAND}Chất lên{NORMAL} có trên{NL}menu, đúng không?{PAGE}Hãy chọn lệnh đó.{PAGE}",revised,
293E2C,You've now loaded the {UNIT}mech{NORMAL} unit{NL}onto the {UNIT}transport{NORMAL}.{PAGE}{UNIT}Transport{NORMAL} units can carry both{NL}{UNIT}mech{NORMAL} and {UNIT}infantry{NORMAL} units.{PAGE}This effectively increases the{NL}movement range for these units.{PAGE}You won't go wrong using {UNIT}transport{NORMAL}{NL}units to carry troops.{PAGE},Bạn đã đưa {UNIT}quân cơ giới{NORMAL}{NL}lên {UNIT}xe tiếp tế{NORMAL}.{PAGE}{UNIT}Xe tiếp tế{NORMAL} chở được cả{NL}{UNIT}cơ giới{NORMAL} và {UNIT}bộ binh{NORMAL}.{PAGE}Nhờ đó tầm di chuyển{NL}của chúng tăng lên.{PAGE}Chở quân đi bằng {UNIT}xe tiếp tế{NORMAL}{NL}là cách rất hay.{PAGE},revised,
293F20,"Let's move this unit.{PAGE}Would you select it, please?{PAGE}",Hãy di chuyển quân này.{PAGE}Bạn chọn nó nhé?{PAGE},approved,
293F54,Please move the unit to{NL}this space.{PAGE},Hãy đưa quân đến{NL}ô này.{PAGE},revised,
293F7C,"We need to test our {UNIT}transport{NORMAL}{NL}a little more.{PAGE}Would you select it, please?{PAGE}",Ta cần thử {UNIT}xe tiếp tế{NORMAL}{NL}thêm chút nữa.{PAGE}Hãy chọn nó nhé?{PAGE},approved,
293FCC,Please move it here. Remember{NL}to press the A Button.{PAGE},Hãy đưa nó đến đây. Nhớ{NL}nhấn nút A.{PAGE},revised,
294004,Do you see the {COMMAND}Drop{NORMAL}{NL}command in the menu?{PAGE}Please select this command.{PAGE},Bạn thấy lệnh {COMMAND}Thả xuống{NORMAL}{NL}trên menu chứ?{PAGE}Hãy chọn lệnh đó.{PAGE},approved,
29404C,Choosing {COMMAND}Wait{NORMAL} will end the unit's{NL}turn. Please select {COMMAND}Drop{NORMAL}.{PAGE},Chọn {COMMAND}Chờ{NORMAL} sẽ hết{NL}lượt. Hãy chọn {COMMAND}Thả xuống{NORMAL}.{PAGE},approved,
294090,"After selecting {COMMAND}Drop{NORMAL}, you'll need{NL}to choose where you want to unload.{PAGE}This time, please unload here.{PAGE}Use the + Control Pad to select{NL}the drop point.{PAGE}","Sau khi chọn {COMMAND}Thả xuống{NORMAL}, hãy{NL}chọn nơi cho quân rời xe.{PAGE}Lần này, hãy thả ở đây.{PAGE}Dùng phím + để chọn{NL}điểm thả quân.{PAGE}",approved,
294128,"Please unload the unit{NL}into this space.{PAGE}Use the + Control Pad{NL}to select this space, please.{PAGE}",Hãy thả quân{NL}vào ô này.{PAGE}Dùng phím +{NL}để chọn ô này.{PAGE},revised,
294188,"That finishes the {COMMAND}Drop{NORMAL} command!{PAGE}Unloading ends the turn for both the{NL}{UNIT}transport{NORMAL} and the unloaded unit.{PAGE}This is a much faster way to reach{NL}distant objectives, right?{PAGE}So, {UNIT}transport{NORMAL} units can {COMMAND}Supply{NORMAL}{NL}all units as well as carry {UNIT}infantry{NORMAL}{PAGE}and {UNIT}mech{NORMAL} units. But there is{NL}one thing you need to remember.{PAGE}{UNIT}Transport{NORMAL} units carry no weapons,{NL}which means they cannot {COMMAND}Fire{NORMAL}.{PAGE}For more intel on {UNIT}transport{NORMAL} units,{NL}place the cursor on one and{PAGE}press the R Button. From this point{NL}on, the army is yours to command.{PAGE}Would you like any{PAGE}strategic advice?{NL}{16}","Lệnh {COMMAND}Thả xuống{NORMAL} đã xong!{PAGE}Thả quân sẽ hết lượt của cả{NL}{UNIT}xe tiếp tế{NORMAL} và quân vừa thả.{PAGE}Đây là cách đến mục tiêu xa{NL}nhanh hơn, đúng không?{PAGE}{UNIT}Xe tiếp tế{NORMAL} có thể {COMMAND}Tiếp tế{NORMAL}{NL}cho quân và chở {UNIT}bộ binh{NORMAL}{PAGE}và {UNIT}cơ giới{NORMAL} đi. Nhưng{NL}bạn cần nhớ một điều.{PAGE}{UNIT}Xe tiếp tế{NORMAL} không có vũ khí,{NL}nên không thể {COMMAND}Bắn{NORMAL}.{PAGE}Muốn biết thêm về {UNIT}xe tiếp tế{NORMAL},{NL}đưa con trỏ vào nó và{PAGE}nhấn R. Từ đây bạn sẽ{NL}tự chỉ huy quân đội.{PAGE}Bạn có muốn nghe{PAGE}lời khuyên chiến thuật?{NL}{16}",revised,
2943AC,"First of all, you need to protect{NL}these two cities.{PAGE}","Trước tiên, bạn cần giữ{NL}hai thành phố này.{PAGE}",approved,
2943E4,You should deploy a {UNIT}tank{NORMAL} unit to this{NL}city in front of the bridge.{PAGE},Hãy đưa {UNIT}xe tăng{NORMAL} vào{NL}thành phố trước cầu.{PAGE},approved,
29442C,"Next, I would advise moving this{NL}{UNIT}artillery{NORMAL} unit near here.{PAGE}","Tiếp theo, đưa{NL}{UNIT}pháo binh{NORMAL} này đến gần đây.{PAGE}",approved,
29446C,"Oh, and there's one more thing about{NL}{UNIT}artillery{NORMAL} units I need to tell you.{PAGE}{UNIT}Artillery{NORMAL} units are powerful long-{NL}range weapons, but they're weak in{PAGE}direct combat. They also can't move{NL}and {COMMAND}Fire{NORMAL} in the same turn.{PAGE}Anyway, once you take care of the{NL}enemy {UNIT}tank{NORMAL} units, you shouldn't{PAGE}have any problems winning this battle.{NL}To win, seize the enemy HQ or wipe{PAGE}out all the enemy troops. It's up to you.{PAGE}Do your best, and good luck!{PAGE}","A, tôi còn điều nữa về{NL}{UNIT}pháo binh{NORMAL} cần nói.{PAGE}{UNIT}Pháo binh{NORMAL} bắn xa rất mạnh,{NL}nhưng kém khi{PAGE}đánh gần. Nó không thể vừa đi{NL}vừa {COMMAND}Bắn{NORMAL} cùng lượt.{PAGE}Khi đã hạ hết{NL}{UNIT}xe tăng{NORMAL} địch, bạn sẽ{PAGE}dễ thắng trận này.{NL}Hãy chiếm sở chỉ huy địch hoặc{PAGE}hạ hết quân. Tùy bạn chọn.{PAGE}Cố lên và chúc may mắn!{PAGE}",revised,
294618,"Fine. It's your choice. But let{NL}me offer one piece of advice anyway.{PAGE}{UNIT}Artillery{NORMAL} units cannot move and{NL}attack in the same turn.{PAGE}Keep that in mind, OK?{PAGE}You can win by seizing the enemy HQ{NL}or by destroying all the enemy units.{PAGE}Good luck!{PAGE}","Được, tùy bạn. Nhưng{NL}tôi xin khuyên một điều.{PAGE}{UNIT}Pháo binh{NORMAL} không thể vừa đi{NL}vừa đánh trong một lượt.{PAGE}Nhớ kỹ nhé.{PAGE}Bạn thắng nếu chiếm sở chỉ huy{NL}hoặc hạ hết quân địch.{PAGE}Chúc may mắn!{PAGE}",revised,
294708,"Did you get a feel for deploying{NL}{UNIT}artillery{NORMAL} units?{PAGE}You're doing well. Now get{NL}going, and keep up the good work.{PAGE}",Bạn đã quen cách triển khai{NL}{UNIT}pháo binh{NORMAL} chưa?{PAGE}Bạn làm tốt. Tiếp tục{NL}phát huy nhé.{PAGE},revised,
29477C,"Grrr...{PAGE}Next time, blast it! Next time!{PAGE}",Grr...{PAGE}Lần sau! Lần sau ta sẽ thắng!{PAGE},approved,
2947A8,"It's too bad, but you lost.{PAGE}I have a feeling you'll win next{NL}time though. Good luck!{PAGE}","Tiếc quá, bạn đã thua.{PAGE}Tôi nghĩ lần sau bạn sẽ{NL}thắng. Chúc may mắn!{PAGE}",approved,
294800,"{UNIT}Medium tanks{NORMAL}?!? Olaf got his hands{NL}on some of those, too??? {PAGE}That explains what happened to{NL}the recon units that vanished...{PAGE}Even with your units, I don't{NL}know if we can win.{PAGE}","{UNIT}Xe tăng hạng trung{NORMAL}?! Olaf cũng có{NL}loại này sao?{PAGE}Bảo sao các đơn vị trinh sát{NL}đã biến mất...{PAGE}Dù có quân của bạn, tôi vẫn{NL}không chắc ta thắng.{PAGE}",revised,
2948B4,"You don't win battles with just{NL}a show of force, though.{PAGE}You know that by now, right?{PAGE}I'm going to leave this one up to you.{PAGE}Do you want any strategic hints?{NL}{16}",Nhưng sức mạnh thuần túy{NL}không giúp thắng trận.{PAGE}Giờ bạn đã biết rồi chứ?{PAGE}Trận này tôi giao bạn tự xử lý.{PAGE}Có cần gợi ý chiến thuật?{NL}{16},revised,
294954,"For the time being, you can{NL}ignore the {UNIT}medium tanks{NORMAL}.{PAGE}Just be sure you don't{NL}move into their attack range.{PAGE}Do you remember how to check{NL}a unit's attack range?{PAGE}Move the cursor onto the unit{NL}and hold the B Button.{PAGE}","Tạm thời, bạn có thể{NL}bỏ qua {UNIT}xe tăng hạng trung{NORMAL}.{PAGE}Chỉ cần đừng đi vào{NL}tầm đánh của chúng.{PAGE}Bạn còn nhớ cách xem{NL}tầm đánh của quân chứ?{PAGE}Đưa con trỏ vào quân đó{NL}rồi giữ nút B.{PAGE}",revised,
294A2C,"Now for your strategy...{PAGE}First, take out the enemy units{NL}between the rivers.{PAGE}Try to make the most of your {UNIT}tanks{NORMAL},{NL}{UNIT}mech units{NORMAL}, and {UNIT}artillery{NORMAL}.{PAGE}","Giờ đến chiến thuật...{PAGE}Trước hết, hạ quân địch{NL}nằm giữa hai dòng sông.{PAGE}Hãy tận dụng {UNIT}xe tăng{NORMAL},{NL}{UNIT}cơ giới{NORMAL} và {UNIT}pháo binh{NORMAL}.{PAGE}",approved,
294AC0,"Now, send some {UNIT}infantry{NORMAL} to secure{NL}the neutral cities below you.{PAGE}The river will protect you from all but{NL}the enemy's {UNIT}infantry{NORMAL}, so don't worry.{PAGE} ","Giờ đưa {UNIT}bộ binh{NORMAL} xuống chiếm{NL}các thành phố trung lập.{PAGE}Sông sẽ chặn mọi quân địch trừ{NL}{UNIT}bộ binh{NORMAL}, nên đừng lo.{PAGE} ",revised,
294B54,I'll give you some more strategic hints{NL}after you {COMMAND}Capture{NORMAL} those cities.{PAGE}Good luck!{PAGE},Tôi sẽ gợi ý thêm{NL}sau khi {COMMAND}Chiếm{NORMAL} phố đó.{PAGE}Chúc may mắn!{PAGE},revised,
294BAC,{COMMAND}Capture{NORMAL} the capital or defeat all the{NL}enemy troops to win!{PAGE}Good luck! I'm counting on you!{PAGE},{COMMAND}Chiếm{NORMAL} thủ đô hoặc hạ hết{NL}quân địch để thắng!{PAGE}Chúc may mắn! Tôi tin bạn!{PAGE},approved,
294C0C,"Ha, ha, ha! I see you've failed{NL}to notice my new weapons, Nell!{PAGE}You'll soon tremble before the power{NL}of the mightiest ground forces ever!{PAGE}","Hạ hạ hạ! Có vẻ cô chưa thấy{NL}vũ khí mới của ta, Nell!{PAGE}Ngươi sẽ sớm run sợ trước{NL}lực lượng mặt đất mạnh nhất!{PAGE}",revised,
294C98,"You've managed to get this far.{PAGE}Now, I'll give you some{NL}advice for the future.{PAGE}It's not impossible to stop {UNIT}medium tanks{NORMAL}{NL}with {UNIT}artillery{NORMAL}, but it's tough.{PAGE}","Bạn đã đi xa đến đây.{PAGE}Giờ tôi có vài{NL}lời khuyên cho sau này.{PAGE}Có thể chặn {UNIT}tăng hạng trung{NORMAL}{NL}bằng {UNIT}pháo binh{NORMAL}, nhưng rất khó.{PAGE}",revised,
294D38,"Instead, try to stop the {UNIT}medium{NL}tanks{NORMAL} from crossing the river.{PAGE}Then try to {COMMAND}Capture{NORMAL} the enemy HQ.{PAGE}If the tanks do get across... Well, like I{NL}said, concentrate on the enemy HQ.{PAGE}","Thay vào đó, hãy chặn {UNIT}xe tăng hạng{NL}trung{NORMAL} qua sông.{PAGE}Rồi thử {COMMAND}Chiếm{NORMAL} sở chỉ huy địch.{PAGE}Nếu chúng qua được... thì hãy{NL}tập trung vào sở chỉ huy.{PAGE}",revised,
294DEC,{COMMAND}Capture{NORMAL} the HQ or defeat all the{NL}enemy troops to win!{PAGE}Good luck!{PAGE},{COMMAND}Chiếm{NORMAL} sở chỉ huy hoặc hạ hết{NL}quân địch để thắng!{PAGE}Chúc may mắn!{PAGE},revised,
294E30,"Honestly, I thought you were done for{NL}this time, but you did it!{PAGE}But now that Olaf has {UNIT}Md tanks{NORMAL}, our{NL}current tactics won't suffice.{PAGE}I'll have to ask central{NL}command to send us some, too.{PAGE}Keep up the good work!{PAGE}","Thật lòng, tôi tưởng lần này bạn{NL}không qua nổi, nhưng bạn đã thắng!{PAGE}Olaf đã có {UNIT}xe tăng hạng trung{NORMAL}, nên{NL}chiến thuật cũ không đủ.{PAGE}Tôi sẽ xin bộ chỉ huy{NL}gửi thêm xe cho ta.{PAGE}Cứ phát huy nhé!{PAGE}",revised,
294F08,What?!?{PAGE}Even my {UNIT}medium tanks{NORMAL} were{NL}defeated???{PAGE}THAT NELL!!!{PAGE}Hmm... But it doesn't look like she has{NL}any {UNIT}medium tanks{NORMAL} ready to use...{PAGE}Ha ha ha! I'm sure I'll{NL}enjoy our next encounter!{PAGE},Gì?!{PAGE}Cả {UNIT}xe tăng hạng trung{NORMAL} của ta{NL}cũng thua sao?{PAGE}CON NELL ĐỒ!!!{PAGE}Hm... Nhưng cô ta chưa có{NL}{UNIT}xe tăng hạng trung{NORMAL} nào...{PAGE}Hạ hà! Lần sau{NL}sẽ thú vị đây!{PAGE},revised,
294FC4,"I guess the {UNIT}medium tanks{NORMAL} were too{NL}overwhelming...{PAGE}But they have limited movement and{NL}other weaknesses, so don't lose heart.{PAGE}Better luck next time!{PAGE}","Có lẽ {UNIT}xe tăng hạng trung{NORMAL} quá{NL}mạnh với bạn...{PAGE}Nhưng chúng đi chậm và{NL}có điểm yếu, đừng nản lòng.{PAGE}Lần sau may mắn hơn!{PAGE}",revised,
29505C,Olaf is one shrewd guy.{PAGE}Look at the units he's deployed.{NL}He's always one step ahead of us.{PAGE},Olaf rất gian xảo.{PAGE}Nhìn quân hắn đã triển khai.{NL}Hắn luôn đi trước ta một bước.{PAGE},revised,
2950B8,I didn't think he'd have any air units.{NL}I guess I underestimated him again.{PAGE},Tôi không ngờ hắn có quân bay.{NL}Tôi lại đánh giá thấp hắn.{PAGE},revised,
295108,"But, as I suspected, he has deployed{NL}a number of {UNIT}medium tanks{NORMAL}...{PAGE}A frontal attack would be reckless.{PAGE}","Nhưng như tôi đoán, hắn đã đưa{NL}nhiều {UNIT}xe tăng hạng trung{NORMAL} ra...{PAGE}Đánh trực diện quá liều.{PAGE}",revised,
295170,"As always, we need to defeat all{NL}enemy units or {COMMAND}Capture{NORMAL} their HQ.{PAGE}But, looking at all of Olaf's units,{NL}I think we have only one true option.{PAGE}","Như mỗi khi, ta phải hạ hết{NL}quân địch hoặc {COMMAND}Chiếm{NORMAL} sở chỉ huy.{PAGE}Nhưng nhìn quân của Olaf,{NL}ta chỉ còn một cách thôi.{PAGE}",revised,
295200,We must {COMMAND}Capture{NORMAL} the enemy HQ!{PAGE},Ta phải {COMMAND}Chiếm{NORMAL} sở chỉ huy!{PAGE},revised,
295224,"First, can you select{NL}this {UNIT}infantry{NORMAL} unit?{PAGE}","Trước tiên, chọn{NL}{UNIT}bộ binh{NORMAL} này được không?{PAGE}",approved,
295254,"No, not that unit.{PAGE}Select this unit, please.{PAGE}",Không phải quân đó.{PAGE}Hãy chọn quân này.{PAGE},approved,
295284,Don't choose {COMMAND}End{NORMAL} yet.{PAGE},Đừng {COMMAND}Kết thúc{NORMAL} vội.{PAGE},revised,
2952A0,The enemy HQ is right below you.{PAGE},Sở chỉ huy địch ngay bên dưới.{PAGE},approved,
2952C4,"But {UNIT}infantry{NORMAL} units{NL}can't cross seas.{PAGE}It might be possible to march{NL}there, but with all of those enemies...{PAGE}","Nhưng {UNIT}bộ binh{NORMAL}{NL}không qua biển được.{PAGE}Đi bộ tới đó cũng có thể,{NL}nhưng địch quá đông...{PAGE}",revised,
295334,This is where {UNIT}transport copters{NORMAL}{NL}come in handy.{PAGE},Giờ {UNIT}trực thăng chở quân{NORMAL}{NL}phát huy tác dụng.{PAGE},approved,
295368,Do you remember {UNIT}APCs{NORMAL}?{PAGE},Còn nhớ {UNIT}APC{NORMAL} không?{PAGE},approved,
295384,"Like {UNIT}APCs{NORMAL}, {UNIT}transport copters{NORMAL} can{NL}carry {UNIT}infantry{NORMAL} and {UNIT}mech{NORMAL} units.{PAGE}But, also like {UNIT}APCs{NORMAL}, they have{NL}no weapons and can't {COMMAND}Fire{NORMAL}.{PAGE}OK, go ahead and {COMMAND}Load{NORMAL}{NL}a unit onto your {UNIT}transport copter{NORMAL}.{PAGE}","Như {UNIT}APC{NORMAL}, {UNIT}trực thăng chở quân{NORMAL} cũng{NL}chở {UNIT}bộ binh{NORMAL} và {UNIT}cơ giới{NORMAL}.{PAGE}Nhưng cũng như {UNIT}APC{NORMAL}, nó{NL}không có vũ khí và không {COMMAND}Bắn{NORMAL}.{PAGE}Giờ hãy {COMMAND}Chất lên{NORMAL}{NL}một quân vào {UNIT}trực thăng chở quân{NORMAL}.{PAGE}",revised,
295448,"I want to test the capabilities{NL}of this {UNIT}transport copter{NORMAL}.{PAGE}{COMMAND}Load{NORMAL} this unit, please.{PAGE}",Tôi muốn thử khả năng{NL}của {UNIT}trực thăng chở quân{NORMAL}.{PAGE}Hãy {COMMAND}Chất lên{NORMAL} quân này.{PAGE},revised,
2954A0,Good! You {COMMAND}Loaded{NORMAL} your troops! Now{NL}select the {UNIT}transport copter{NORMAL}.{PAGE},Tốt! Bạn đã {COMMAND}Chất lên{NORMAL} quân! Giờ{NL}hãy chọn {UNIT}trực thăng chở quân{NORMAL}.{PAGE},approved,
2954E4,"Your {UNIT}infantry{NORMAL} is in the {UNIT}transport{NL}copter{NORMAL}, so let's test its capabilities!{PAGE}","{UNIT}Bộ binh{NORMAL} đã ở trong {UNIT}trực thăng{NL}chở quân{NORMAL}, giờ thử khả năng nó!{PAGE}",revised,
295534,"I want to test the {UNIT}transport copter{NORMAL},{NL}so don't choose {COMMAND}End{NORMAL} yet.{PAGE}","Tôi muốn thử {UNIT}trực thăng chở quân{NORMAL},{NL}nên đừng chọn {COMMAND}Kết thúc{NORMAL} vội.{PAGE}",revised,
295578,"Now look where it can move.{PAGE}That's right! {UNIT}Transport copters{NORMAL}{NL}can move over seas.{PAGE}Plus, the Movement Cost is the same{NL}over all terrain types.{PAGE}",Giờ xem nó đi được đến đâu.{PAGE}Đúng! {UNIT}Trực thăng chở quân{NORMAL}{NL}bay qua biển được.{PAGE}Phí di chuyển giống nhau{NL}trên mọi loại địa hình.{PAGE},revised,
295608,"OK, let's move it down here.{PAGE}","Được, đưa nó xuống đây.{PAGE}",approved,
295628,Do you think you could move it{NL}here?{PAGE},Bạn đưa nó đến{NL}đây được không?{PAGE},approved,
295650,Now {COMMAND}Drop{NORMAL} the {UNIT}infantry{NORMAL}.{PAGE},Giờ {COMMAND}Thả xuống{NORMAL} {UNIT}bộ binh{NORMAL}.{PAGE},revised,
29566C,"If you choose {COMMAND}Wait{NORMAL}, you can't{NL}{COMMAND}Drop{NORMAL} the {UNIT}infantry{NORMAL}.{PAGE}Choose {COMMAND}Drop{NORMAL}, please.{PAGE}",Chọn {COMMAND}Chờ{NORMAL} thì không thể{NL}{COMMAND}Thả xuống{NORMAL} {UNIT}bộ binh{NORMAL}.{PAGE}Hãy chọn {COMMAND}Thả xuống{NORMAL}.{PAGE},approved,
2956BC,"This is the only place you can {COMMAND}Drop{NORMAL}{NL}troops now. Do you know why?{PAGE}{UNIT}Infantry{NORMAL} can't move on the ocean.{PAGE}You can only {COMMAND}Drop{NORMAL} {UNIT}infantry{NORMAL} on{NL}terrain they can move across.{PAGE}Don't forget that.{PAGE}You should check to see on which{NL}terrain you can {COMMAND}Drop{NORMAL} {UNIT}infantry{NORMAL}.{PAGE}You remember how to check{NL}terrain...right?{PAGE}Move the cursor onto the terrain,{NL}and press the R Button to check it.{PAGE}Give it a try.{PAGE}","Giờ chỉ có ô này để {COMMAND}Thả xuống{NORMAL}{NL}quân. Bạn biết tại sao không?{PAGE}{UNIT}Bộ binh{NORMAL} không đi trên biển được.{PAGE}Chỉ được {COMMAND}Thả xuống{NORMAL} {UNIT}bộ binh{NORMAL}{NL}ở địa hình nó đi được.{PAGE}Hãy nhớ kỹ.{PAGE}Bạn nên xem ở đâu{NL}có thể {COMMAND}Thả xuống{NORMAL} {UNIT}bộ binh{NORMAL}.{PAGE}Còn nhớ cách xem{NL}địa hình chứ?{PAGE}Đưa con trỏ vào địa hình,{NL}rồi nhấn R để xem.{PAGE}Thử đi nào.{PAGE}",revised,
29583C,"OK, now let's test the {UNIT}battle{NL}copter's{NORMAL} capabilities.{PAGE}Select it!{PAGE}",Giờ thử khả năng của {UNIT}trực thăng{NL}chiến đấu{NORMAL}.{PAGE}Hãy chọn nó!{PAGE},approved,
295880,I want to test the {UNIT}battle copter's{NORMAL}{NL}capabilities. Can you select it?{PAGE},Tôi muốn thử {UNIT}trực thăng chiến đấu{NORMAL}{NL}này. Bạn chọn nó nhé?{PAGE},approved,
2958C8,I want to test the {UNIT}battle copter's{NORMAL}{NL}capabilities. Select it.{PAGE},Tôi muốn thử {UNIT}trực thăng chiến đấu{NORMAL}{NL}này. Hãy chọn nó.{PAGE},approved,
295908,"The {UNIT}battle copter{NORMAL} is an air unit,{NL}just like the {UNIT}transport copter{NORMAL}.{PAGE}This means terrain doesn't affect{NL}its movement range.{PAGE}Air units aren't affected by{NL}terrain bonuses, either.{PAGE}Which makes sense, since{NL}they're always flying.{PAGE}As for attack power, well...you{NL}should check it out for yourself.{PAGE}","{UNIT}Trực thăng chiến đấu{NORMAL} là quân bay,{NL}giống {UNIT}trực thăng chở quân{NORMAL}.{PAGE}Vì thế địa hình không ảnh hưởng{NL}tầm di chuyển của nó.{PAGE}Quân bay cũng không được{NL}cộng thêm từ địa hình.{PAGE}Điều đó hợp lý, vì{NL}nó luôn bay trên không.{PAGE}Còn sức đánh thì...{NL}bạn tự thử xem nhé.{PAGE}",revised,
295A30,This {UNIT}tank{NORMAL} is in the perfect spot!{PAGE}Test your {UNIT}B copter{NORMAL}! {COMMAND}Fire{NORMAL}!!!{PAGE},{UNIT}Xe tăng{NORMAL} này đứng rất đẹp!{PAGE}Thử {UNIT}trực thăng B{NORMAL} nào! {COMMAND}Bắn{NORMAL}!!!{PAGE},revised,
295A78,This is where you {COMMAND}Fire{NORMAL}!{PAGE},Đây là lúc {COMMAND}Bắn{NORMAL}!{PAGE},approved,
295A94,"Oops! I guess I forgot something.{PAGE}{UNIT}Battle copters{NORMAL} attack directly, so you{NL}must be right next to the {UNIT}tank{NORMAL}.{PAGE}","Oops! Tôi quên mất một điều.{PAGE}{UNIT}Trực thăng chiến đấu{NORMAL} đánh gần,{NL}nên phải đứng cạnh {UNIT}xe tăng{NORMAL}.{PAGE}",approved,
295B04,"Aren't they powerful?{PAGE}{UNIT}Battle copters{NORMAL} are even{NL}effective versus {UNIT}tanks{NORMAL}!{PAGE}Plus, with their superior movement{NL}capabilities, they're easy to deploy.{PAGE}Now, let me tell you a little more{NL}about your new copter units.{PAGE}As you know, they're both air units.{PAGE}All the other units you've used up{NL}to this point have been ground units.{PAGE}Since air units are always flying,{NL}they use fuel every day.{PAGE}The {UNIT}battle{NORMAL} and {UNIT}transport{NORMAL} copters{NL}use two fuel units per day.{PAGE}Don't worry about remembering that{NL}exact number, though.{PAGE}Just keep in mind that they{NL}burn fuel every day.{PAGE}Now you know all you need to know{NL}about these new units, right?{PAGE}I'm leaving the rest up to you.{PAGE}Do you want some strategic advice?{NL}{16}","Nó mạnh quá, đúng không?{PAGE}{UNIT}Trực thăng chiến đấu{NORMAL} đánh{NL}{UNIT}xe tăng{NORMAL} cũng rất hiệu quả!{PAGE}Nó di chuyển linh hoạt,{NL}nên dễ triển khai.{PAGE}Tôi sẽ nói thêm về{NL}hai loại trực thăng mới.{PAGE}Bạn đã biết cả hai đều là quân bay.{PAGE}Những quân bạn dùng trước đây{NL}đều là quân mặt đất.{PAGE}Quân bay lượn trên không,{NL}nên mỗi ngày tốn xăng.{PAGE}{UNIT}Trực thăng chiến đấu{NORMAL} và {UNIT}chở quân{NORMAL}{NL}tốn hai xăng mỗi ngày.{PAGE}Không cần nhớ đúng{NL}con số đó đâu.{PAGE}Chỉ cần nhớ chúng{NL}tốn xăng mỗi ngày.{PAGE}Giờ bạn đã biết đủ về{NL}hai đơn vị mới rồi chứ?{PAGE}Tôi để bạn tự xử lý phần còn lại.{PAGE}Có muốn nghe lời khuyên?{NL}{16}",revised,
295DB4,"Pay careful attention to the enemy{NL}{UNIT}battle copters{NORMAL} and {UNIT}medium tanks{NORMAL}.{PAGE}All we have that can go toe-to-toe{NL}with them are our {UNIT}Battle copters{NORMAL}.{PAGE}So, play it safe, and keep them out{NL}of attack range until necessary.{PAGE}Other than that, don't forget to{NL}{COMMAND}Capture{NORMAL} the enemy HQ{PAGE}tomorrow. I'm sure Olaf hasn't{PAGE}considered the possibility that it{NL}could be {COMMAND}Captured{NORMAL} early on!{PAGE}Good luck!{PAGE}","Hãy để ý: địch có{NL}{UNIT}trực thăng chiến đấu{NORMAL} và {UNIT}tăng vừa{NORMAL}.{PAGE}Quân ta chỉ có{NL}{UNIT}trực thăng chiến đấu{NORMAL} để đối đầu.{PAGE}Nên chơi cẩn thận, giữ quân{NL}ngoài tầm đánh khi chưa cần.{PAGE}Ngoài ra, đừng quên{NL}{COMMAND}Chiếm{NORMAL} sở chỉ huy địch{PAGE}vào ngày mai. Tôi chắc Olaf chưa{PAGE}nghĩ đến việc nó{NL}bị {COMMAND}Chiếm{NORMAL} sớm đâu!{PAGE}Chúc may mắn!{PAGE}",revised,
295F2C,Good luck!{PAGE}I'm counting on you!{PAGE},Chúc may mắn!{PAGE}Tôi tin bạn!{PAGE},approved,
295F50,"Ha ha ha!{PAGE}I see Nell hasn't deployed any{NL}{UNIT}medium tanks{NORMAL}!{PAGE}Go, my troops!{PAGE}This time nothing can stand in the{NL}way of our victory!{PAGE}","Hạ hạ hạ!{PAGE}Nell không có{NL}{UNIT}xe tăng hạng trung{NORMAL}!{PAGE}Tiến lên, quân ta!{PAGE}Lần này không gì ngăn được{NL}chiến thắng của ta!{PAGE}",approved,
295FD0,"I kind of wondered about this before,{NL}but Olaf typically makes terrible use{PAGE}of his units...{PAGE}It doesn't matter how good your{NL}units are if you don't know how to{PAGE}use them. Anyway, let me tell you{NL}a little more about those new{PAGE}air units. Even if you land them{NL}on allied cities and HQs, they{PAGE}won't recover HP or be supplied{NL}with fuel or ammunition. You haven't{PAGE}seen any yet, but you can only{NL}resupply air units at airports. If they{PAGE}run low on fuel or ammo, you can{NL}restock them with an {UNIT}APC{NORMAL},{PAGE}just like land units.{PAGE}Now, keep up the good work!{PAGE}","Tôi đã nghĩ từ trước,{NL}Olaf dùng quân của mình{PAGE}rất kém...{PAGE}Quân mạnh cũng vô ích nếu{NL}bạn không biết cách{PAGE}dùng. Giờ để tôi nói thêm{NL}về những{PAGE}quân bay mới. Dù hạ cánh{NL}xuống phố hay sở chỉ huy,{PAGE}chúng vẫn không hồi HP hay{NL}được tiếp thêm xăng, đạn. Bạn{PAGE}chưa thấy sân bay, nhưng{NL}quân bay chỉ tiếp tế ở đó.{PAGE}Nếu thiếu xăng, đạn, bạn{NL}có thể dùng {UNIT}APC{NORMAL} tiếp tế,{PAGE}như quân mặt đất.{PAGE}Giờ cứ phát huy nhé!{PAGE}",revised,
2961EC,"What in the...{PAGE}My HQ has been stormed!{PAGE}Nell, you troublesome little...{PAGE}You saw that you couldn't survive{NL}a frontal assault, and so you pull{PAGE}this out of your hat!{NL}Grrr...{PAGE}This isn't over yet!{PAGE}","Cái gì...{PAGE}Sở chỉ huy ta bị đột kích!{PAGE}Nell, đồ phiền phức...{PAGE}Biết không thắng nổi{NL}khi đánh trực diện, cô mới{PAGE}dùng mưu này sao!{NL}Grrr...{PAGE}Chuyện chưa xong đâu!{PAGE}",revised,
2962AC,"You routed the enemy?{PAGE}Amazing!{PAGE}I have to admit, I didn't{NL}think you could destroy them all!{PAGE}Keep up the good work! Outstanding!{PAGE}",Bạn diệt hết địch rồi sao?{PAGE}Tuyệt vời!{PAGE}Tôi phải nhận là tôi{NL}không ngờ bạn hạ hết chúng!{PAGE}Cứ phát huy! Xuất sắc!{PAGE},revised,
29632C,All of my beautiful units...gone?{PAGE}Impossible!{PAGE}Nell couldn't possibly do this{NL}on her own.{PAGE}Grrr...{PAGE}This isn't over yet!{PAGE},Tất cả quân ta... mất hết sao?{PAGE}Không thể nào!{PAGE}Nell không thể tự mình{NL}làm được việc này.{PAGE}Grrr...{PAGE}Chuyện chưa xong đâu!{PAGE},approved,
2963A4,"A frontal assault on so many enemies{NL}makes for pretty tough odds...{PAGE}As long as you don't forget to{NL}take over the HQ, things should{PAGE}improve. Better luck next time!{PAGE}","Đánh trực diện quá nhiều địch{NL}thì khả năng thắng rất thấp...{PAGE}Miễn bạn không quên{NL}chiếm sở chỉ huy, mọi việc sẽ{PAGE}khá hơn. Lần sau cố gắng!{PAGE}",revised,
296448,"Ha ha ha!{PAGE}Nell! Mobilizing your troops{NL}again, are you?{PAGE}Well, you're too late!{PAGE}Fly, my masters of the sky!{PAGE}Finish off these surviving troops, then{NL}destroy that meddlesome Nell's units!{PAGE}","Ha ha ha!{PAGE}Nell! Lại điều quân ra{NL}chiến trường à?{PAGE}Nhưng cô tới muộn rồi!{PAGE}Bay đi, các chủ nhân bầu trời!{PAGE}Hạ hết quân sống sót, rồi{NL}diệt quân Nell phiền phức!{PAGE}",revised,
296504,"I see my fears were well founded.{PAGE}He's got {UNIT}bombers{NORMAL}... and{NL}{UNIT}fighters{NORMAL}, too. This is bad.{PAGE}All of our units that were deployed{NL}here have been decimated.{PAGE}If we don't stop Olaf here, he'll push{NL}onward and cause even more damage.{PAGE}This is a major turning point!{NL}We must be strong!!!{PAGE}First, let me tell you about a new{NL}unit which has been assigned to you.{PAGE}","Nỗi lo của tôi đã thành sự thật.{PAGE}Hắn có {UNIT}máy bay ném bom{NORMAL}... và{NL}{UNIT}máy bay chiến đấu{NORMAL}. Rất tệ.{PAGE}Quân ta đưa tới đây{NL}gần như bị diệt sạch.{PAGE}Nếu không chặn Olaf, hắn sẽ{NL}tiến tiếp và gây thêm thiệt hại.{PAGE}Đây là bước ngoặt lớn!{NL}Ta phải vững vàng!!!{PAGE}Trước hết, để tôi nói về{NL}quân mới bạn được giao.{PAGE}",revised,
296664,"You've seen plenty of {UNIT}medium tanks{NORMAL},{NL}so you know how to use them, right?{PAGE}Against other ground units, they're{NL}practically unstoppable.{PAGE}","Bạn thấy nhiều {UNIT}xe tăng hạng trung{NORMAL},{NL}nên biết cách dùng rồi chứ?{PAGE}Đánh quân mặt đất khác,{NL}chúng gần như vô địch.{PAGE}",revised,
2966EC,But--as you've just seen--they're{NL}helpless against {UNIT}bombers{NORMAL}.{PAGE},"Nhưng như vừa thấy, chúng{NL}vô phương trước {UNIT}máy bay ném bom{NORMAL}.{PAGE}",approved,
29672C,"OK. Now, let's look at the {UNIT}anti-air{NORMAL}{NL}unit. Let's see what it can do!{PAGE}Select this one, please.{PAGE}",Giờ hãy xem {UNIT}quân phòng không{NORMAL}{NL}có thể làm gì!{PAGE}Hãy chọn đơn vị này.{PAGE},approved,
29678C,This is the {UNIT}anti-air{NORMAL} unit.{NL}Would you please select it?{PAGE},Đây là {UNIT}quân phòng không{NORMAL}.{NL}Bạn chọn nó nhé?{PAGE},approved,
2967C8,"As its name implies, the {UNIT}anti-air{NORMAL} unit{NL}is most effective against flying units.{PAGE}","Như tên gọi, {UNIT}quân phòng không{NORMAL}{NL}đánh quân bay hiệu quả nhất.{PAGE}",approved,
29681C,This {UNIT}battle copter{NORMAL} is in the perfect{NL}spot! {COMMAND}Attack{NORMAL} it!{PAGE},{UNIT}Trực thăng chiến đấu{NORMAL} ở đúng{NL}vị trí rồi! {COMMAND}Đánh{NORMAL} nó đi!{PAGE},revised,
296858,"{UNIT}Anti-air{NORMAL} units attack air units{NL}directly, so move it over here.{PAGE}","{UNIT}Phòng không{NORMAL} đánh quân bay{NL}trực diện, nên đưa nó đến đây.{PAGE}",approved,
29689C,"If you order it to {COMMAND}Wait{NORMAL}, it can't do{NL}anything else.{PAGE}Command it to {COMMAND}Attack{NORMAL}.{PAGE}",Ra lệnh {COMMAND}Chờ{NORMAL} thì nó sẽ{NL}không làm gì được nữa.{PAGE}Hãy ra lệnh {COMMAND}Đánh{NORMAL}.{PAGE},approved,
2968EC,"That's what {UNIT}anti-air{NORMAL} units can do!{PAGE}You can see how overwhelmingly{NL}powerful they are against air units.{PAGE}Plus, against ground units, {UNIT}mech{NORMAL} and{NL}{UNIT}infantry{NORMAL} in particular, they're more{PAGE}effective than {UNIT}tanks{NORMAL}.{PAGE}However, {UNIT}tanks{NORMAL} will defeat them{NL}in head-to-head combat.{PAGE}Now that you understand {UNIT}anti-air{NORMAL}{NL}units, I'll let you take command.{PAGE}Do you want some strategic advice?{NL}{16}","{UNIT}Phòng không{NORMAL} mạnh đến thế đó!{PAGE}Bạn thấy nó có thể{NL}hạ quân bay dễ dàng thế nào rồi.{PAGE}Với quân mặt đất, nhất là {UNIT}cơ giới{NORMAL} và{NL}{UNIT}bộ binh{NORMAL}, nó còn{PAGE}hiệu quả hơn {UNIT}xe tăng{NORMAL}.{PAGE}Nhưng {UNIT}xe tăng{NORMAL} sẽ hạ nó{NL}nếu đánh trực diện.{PAGE}Giờ bạn đã hiểu {UNIT}phòng không{NORMAL},{NL}tôi để bạn tự chỉ huy.{PAGE}Bạn muốn nghe gợi ý chiến thuật?{NL}{16}",revised,
296A60,"Watch out for {UNIT}fighters{NORMAL}, {UNIT}bombers{NORMAL},{NL}{UNIT}battle copters{NORMAL}, and {UNIT}medium tanks{NORMAL}.{PAGE}","Để ý {UNIT}tiêm kích{NORMAL}, {UNIT}máy bay ném bom{NORMAL},{NL}{UNIT}trực thăng chiến đấu{NORMAL} và {UNIT}tăng vừa{NORMAL}.{PAGE}",revised,
296AAC,"It appears the {UNIT}fighters{NORMAL} and {UNIT}bombers{NORMAL}{NL}don't have much fuel or ammunition.{PAGE}I was nervous at first, but we may get{NL}through this after all!{PAGE}With air units, you have to watch how{NL}much fuel they have.{PAGE}I already told you that copters use{NL}two fuel units per day.{PAGE}The other air units--{UNIT}fighters{NORMAL} and{NL}{UNIT}bombers{NORMAL}--use five per day.{PAGE}If they run out, they crash, and the{NL}units are lost!{PAGE}Try to make the most of this intel.{PAGE}Let's talk more on strategy after the{NL}{UNIT}bombers{NORMAL} and {UNIT}fighters{NORMAL} are gone.{PAGE}Good luck!{PAGE}","Có vẻ {UNIT}tiêm kích{NORMAL} và {UNIT}máy bay ném bom{NORMAL}{NL}sắp hết xăng và đạn.{PAGE}Lúc đầu tôi lo, nhưng có lẽ{NL}ta qua được trận này!{PAGE}Với quân bay, phải để ý{NL}lượng xăng còn lại.{PAGE}Tôi đã nói trực thăng tốn{NL}hai xăng mỗi ngày.{PAGE}Quân bay khác, {UNIT}tiêm kích{NORMAL} và{NL}{UNIT}máy bay ném bom{NORMAL}, tốn năm mỗi ngày.{PAGE}Hết xăng là rơi,{NL}mất quân!{PAGE}Hãy tận dụng tin này.{PAGE}Ta sẽ bàn tiếp chiến thuật sau khi{NL}{UNIT}máy ném bom{NORMAL} và {UNIT}tiêm kích{NORMAL} hết xăng.{PAGE}Chúc may mắn!{PAGE}",revised,
296CA0,"Well, OK. I'll give you some advice.{PAGE}It appears the {UNIT}fighters{NORMAL} and {UNIT}bombers{NORMAL}{NL}don't have much fuel or ammunition.{PAGE}I was nervous at first, but it looks like{NL}we may get through this after all!{PAGE}With air units, you have to watch how{NL}much fuel they have.{PAGE}I already told you that copters use{NL}two fuel units per day.{PAGE}The other air units--{UNIT}fighters{NORMAL} and{NL}{UNIT}bombers{NORMAL}--use five per day.{PAGE}If they run out, they crash, and the{NL}units are lost!{PAGE}Try to make the most of this intel.{PAGE}Let's talk more on strategy after the{NL}{UNIT}bombers{NORMAL} and {UNIT}fighters{NORMAL} are gone.{PAGE}Good luck!{PAGE}I'm counting on you!{PAGE}","Được, tôi sẽ cho lời khuyên.{PAGE}Có vẻ {UNIT}tiêm kích{NORMAL} và {UNIT}máy bay ném bom{NORMAL}{NL}sắp hết xăng và đạn.{PAGE}Lúc đầu tôi lo, nhưng có lẽ{NL}ta qua được trận này!{PAGE}Với quân bay, phải để ý{NL}lượng xăng còn lại.{PAGE}Tôi đã nói trực thăng tốn{NL}hai xăng mỗi ngày.{PAGE}Quân bay khác, {UNIT}tiêm kích{NORMAL} và{NL}{UNIT}máy bay ném bom{NORMAL}, tốn năm mỗi ngày.{PAGE}Hết xăng là rơi,{NL}mất quân!{PAGE}Hãy tận dụng tin này.{PAGE}Ta sẽ bàn tiếp chiến thuật sau khi{NL}{UNIT}máy ném bom{NORMAL} và {UNIT}tiêm kích{NORMAL} hết xăng.{PAGE}Chúc may mắn!{PAGE}Tôi tin bạn!{PAGE}",revised,
296EDC,"OK, now for some more strategy.{PAGE}First, the {UNIT}battle copters{NORMAL}...{PAGE}The simplest thing to do is to use{NL}your {UNIT}infantry{NORMAL} as decoys.{PAGE}Use them to draw the copters toward{NL}your {UNIT}anti-air{NORMAL} units and {COMMAND}Attack{NORMAL}.{PAGE}If you can take out the {UNIT}battle copters{NORMAL}{NL}like that, then the fight is ours!{PAGE}As for {UNIT}medium tanks{NORMAL}, try to trap them{NL}and pound away with your {UNIT}artillery{NORMAL}.{PAGE}Once that's accomplished, you'll{NL}be in complete control.{PAGE}If your air units look low on fuel, you{NL}can resupply them with an {UNIT}APC{NORMAL}.{PAGE}I told you that already, didn't I?{PAGE}Well, anyway, the rest is up to you!{PAGE}Good luck!{PAGE}","Giờ nói thêm về chiến thuật.{PAGE}Trước hết, {UNIT}trực thăng chiến đấu{NORMAL}...{PAGE}Đơn giản nhất là dùng{NL}{UNIT}bộ binh{NORMAL} như mồi nhử.{PAGE}Dụ chúng đến gần{NL}{UNIT}phòng không{NORMAL} rồi {COMMAND}Đánh{NORMAL}.{PAGE}Hạ được {UNIT}trực thăng chiến đấu{NORMAL}{NL}thì ta nắm chắc phần thắng!{PAGE}Với {UNIT}xe tăng hạng trung{NORMAL}, hay vây{NL}chúng rồi {UNIT}pháo binh{NORMAL} bắn.{PAGE}Xong xuôi, bạn sẽ{NL}kiểm soát tất cả.{PAGE}Quân bay sắp hết xăng thì{NL}dùng {UNIT}APC{NORMAL} để tiếp tế.{PAGE}Tôi đã nói rồi, đúng không?{PAGE}Thôi, phần còn lại giao bạn!{PAGE}Chúc may mắn!{PAGE}",revised,
297114,"Now for your next strategic move.{PAGE}You've already taken out the {UNIT}battle{NL}copters{NORMAL}?!? Incredible!{PAGE}Then the only powerful units left{NL}are the {UNIT}medium tanks{NORMAL}!{PAGE}Your best best is to use your {UNIT}infantry{NORMAL}{NL}or {UNIT}mech{NORMAL} units as decoys.{PAGE}Lure the {UNIT}medium tanks{NORMAL} to them and{NL}then pound them with your {UNIT}artillery{NORMAL}.{PAGE}We could even use our {UNIT}medium tanks{NORMAL}{NL}to mount a frontal assault.{PAGE}Well, the rest is up to you!{PAGE}Good luck!{PAGE}",Giờ đến bước tiếp theo.{PAGE}Bạn đã hạ {UNIT}trực thăng{NL}chiến đấu{NORMAL} rồi sao? Quá giỏi!{PAGE}Vậy chỉ còn quân mạnh{NL}là {UNIT}xe tăng hạng trung{NORMAL}!{PAGE}Hãy dùng {UNIT}bộ binh{NORMAL}{NL}hoặc {UNIT}cơ giới{NORMAL} làm mồi.{PAGE}Dụ {UNIT}xe tăng hạng trung{NORMAL} đến rồi{NL}cho {UNIT}pháo binh{NORMAL} bắn chúng.{PAGE}Có thể dùng {UNIT}xe tăng hạng trung{NORMAL}{NL}để đánh trực diện.{PAGE}Giờ bạn tự xử lý nhé!{PAGE}Chúc may mắn!{PAGE},revised,
2972A8,"Well, we've learned that Olaf has{NL}readied his {UNIT}bombers{NORMAL} and {UNIT}fighters{NORMAL}.{PAGE}The fact that he had no clue about{NL}keeping them supplied saved us.{PAGE}Good luck in the next battle.{NL}Keep up the good work!{PAGE}",Ta đã biết Olaf có{NL}{UNIT}máy bay ném bom{NORMAL} và {UNIT}tiêm kích{NORMAL}.{PAGE}Hắn không biết tiếp tế{NL}nên ta mới thoát.{PAGE}Chúc may mắn trận sau.{NL}Cứ phát huy nhé!{PAGE},revised,
29736C,We forgot to refill the fuel tanks?{PAGE}What are you fools thinking???{PAGE}Is it that hard to refuel an aircraft?{PAGE}Augh!!!{PAGE}Just wait until next time!{PAGE},Ta quên đổ xăng sao?{PAGE}Bọn ngu các người nghĩ gì vậy???{PAGE}Đổ xăng máy bay khó thế à?{PAGE}Agh!!!{PAGE}Cứ đợi đến lần sau!{PAGE},revised,
2973FC,"The {UNIT}bomber{NORMAL} and {UNIT}fighter{NORMAL} units are{NL}almost out of fuel, so ignore them.{PAGE}You should use your {UNIT}anti-air{NORMAL} unit{NL}against the enemy {UNIT}battle copters{NORMAL}.{PAGE}For the {UNIT}medium tanks{NORMAL}, try {UNIT}artillery{NORMAL}{NL}and {UNIT}battle copters{NORMAL}.{PAGE}Better luck next time!{PAGE}","{UNIT}Máy bay ném bom{NORMAL} và {UNIT}tiêm kích{NORMAL}{NL}gần hết xăng, cứ bỏ qua.{PAGE}Dùng {UNIT}phòng không{NORMAL}{NL}đánh {UNIT}trực thăng chiến đấu{NORMAL} địch.{PAGE}Dùng {UNIT}pháo binh{NORMAL} đánh {UNIT}tăng hạng trung{NORMAL}{NL}và {UNIT}trực thăng chiến đấu{NORMAL}.{PAGE}Lần sau may mắn hơn!{PAGE}",revised,
2974E4,You've assembled a pretty{NL}well-balanced army.{PAGE},Bạn đã tập hợp được{NL}quân đội khá cân bằng.{PAGE},revised,
297514,"It looks like the enemy {UNIT}bombers{NORMAL} have{NL}plenty of fuel and ammunition this time.{PAGE}If you don't take them out, they'll{NL}do lots of damage to your units.{PAGE}","Có vẻ {UNIT}máy bay ném bom{NORMAL} địch{NL}lần này có đủ xăng và đạn.{PAGE}Nếu không hạ chúng,{NL}quân bạn sẽ bị tổn thất lớn.{PAGE}",revised,
2975AC,"But since they're across the sea, you{NL}can't easily attack them.{PAGE}","Nhưng vì chúng ở bên kia biển,{NL}bạn khó đánh tới.{PAGE}",approved,
2975F0,This is where {UNIT}missiles{NORMAL} come in handy!{NL}Let's see what they can do!{PAGE}Select this unit.{PAGE},Giờ {UNIT}tên lửa phòng không{NORMAL} có ích!{NL}Hãy xem nó làm được gì!{PAGE}Chọn đơn vị này.{PAGE},revised,
297648,I want to test the {UNIT}missiles{NORMAL} first.{NL}Press the A Button here.{PAGE},Tôi sẽ thử {UNIT}tên lửa phòng không{NORMAL}.{NL}Nhấn nút A ở đây.{PAGE},revised,
297688,{UNIT}Missiles{NORMAL} can {COMMAND}Fire{NORMAL} on air units{NL}from a distance.{PAGE}Units that are three to five spaces{NL}away fall within their range.{PAGE}Press the A Button to{NL}open the Command Menu.{PAGE},{UNIT}Tên lửa phòng không{NORMAL} {COMMAND}Bắn{NORMAL} quân bay{NL}từ xa.{PAGE}Quân cách ba đến năm ô{NL}nằm trong tầm bắn.{PAGE}Nhấn nút A để{NL}mở menu lệnh.{PAGE},revised,
29772C,That's right! {COMMAND}Fire{NORMAL}!{PAGE},Đúng rồi! {COMMAND}Bắn{NORMAL}!{PAGE},approved,
297744,"I want to test the {UNIT}missiles{NORMAL}, so choose{NL}{COMMAND}Fire{NORMAL}.{PAGE}","Thử {UNIT}tên lửa phòng không{NORMAL}, hãy chọn{NL}{COMMAND}Bắn{NORMAL}.{PAGE}",revised,
297778,"See! {UNIT}Missiles{NORMAL} can even take{NL}out {UNIT}bombers{NORMAL}! Since they{PAGE}don't engage directly, like {UNIT}anti-air{NORMAL}{NL}units, they don't take damage.{PAGE}However, they can't {COMMAND}Fire{NORMAL} right{NL}after moving.{PAGE}Your main focus is to draw units{NL}within their attack range.{PAGE}It's smart to use them in{NL}conjunction with {UNIT}anti-air{NORMAL} units.{PAGE}","Thấy chứ! {UNIT}Tên lửa{NORMAL} hạ được cả{NL}{UNIT}máy bay ném bom{NORMAL}! Vì nó{PAGE}bắn xa, không áp sát như {UNIT}phòng không{NORMAL}{NL}, nên không bị thương.{PAGE}Nhưng nó không thể {COMMAND}Bắn{NORMAL} ngay{NL}sau khi di chuyển.{PAGE}Hãy dụ địch vào{NL}tầm bắn của nó.{PAGE}Kết hợp nó với{NL}{UNIT}phòng không{NORMAL} là cách hay.{PAGE}",revised,
2978A0,"Now, let's test our {UNIT}rockets{NORMAL}.{PAGE}Select this unit.{PAGE}",Giờ thử {UNIT}pháo tên lửa{NORMAL}.{PAGE}Chọn đơn vị này.{PAGE},approved,
2978D4,"Now is our chance to test them.{PAGE}Select this unit, please.{PAGE}",Giờ là cơ hội thử chúng.{PAGE}Hãy chọn đơn vị này.{PAGE},revised,
297910,{UNIT}Rockets{NORMAL} are basically powered-up{NL}{UNIT}artillery{NORMAL}.{PAGE}They have the same attack range as{NL}{UNIT}missiles{NORMAL}--three to five spaces.{PAGE}Now open the Command Menu.{PAGE},{UNIT}Pháo tên lửa{NORMAL} là bản nâng cấp{NL}của {UNIT}pháo binh{NORMAL}.{PAGE}Nó có cùng tầm bắn với{NL}{UNIT}tên lửa{NORMAL}: ba đến năm ô.{PAGE}Giờ mở menu lệnh.{PAGE},revised,
2979A4,Choose {COMMAND}Fire{NORMAL}.{PAGE},Chọn {COMMAND}Bắn{NORMAL}.{PAGE},approved,
2979B4,Do you remember what to do when{NL}you have multiple potential targets?{PAGE}That's right! Use the + Control Pad{NL}to choose one.{PAGE},Bạn nhớ làm gì khi{NL}có nhiều mục tiêu không?{PAGE}Đúng rồi! Dùng phím +{NL}để chọn một mục tiêu.{PAGE},approved,
297A30,"That's good!{PAGE}They don't do as much damage as{NL}{UNIT}missiles{NORMAL}, but it's not too shabby.{PAGE}The greatest advantage of indirect{NL}combat units is that they don't take{PAGE}damage. But as with {UNIT}artillery{NORMAL}, they{NL}take heavy damage from direct{PAGE}attacks, so you have to protect them.{PAGE}One more thing about the {UNIT}missiles{NORMAL}{NL}and {UNIT}rockets{NORMAL}...{PAGE}Their movement is classified as tire{NL}movement. This is similar to tread{PAGE}movement, but the difference is{NL}clear on flat terrain.{PAGE}Select terrain or a unit and press the{NL}R Button for more details.{PAGE}I'm going to leave the rest up to you.{PAGE}Do you want any strategic advice?{NL}{16}","Tốt lắm!{PAGE}Nó gây ít sát thương hơn{NL}{UNIT}tên lửa{NORMAL}, nhưng vẫn khá tốt.{PAGE}Ưu điểm lớn nhất của quân{NL}đánh gián tiếp là không bị{PAGE}đánh trả. Nhưng như {UNIT}pháo binh{NORMAL}, nó{NL}dễ bị thương khi địch{PAGE}đánh gần, nên hãy bảo vệ nó.{PAGE}Còn điều nữa về {UNIT}tên lửa{NORMAL}{NL}và {UNIT}pháo tên lửa{NORMAL}...{PAGE}Kiểu di chuyển của chúng{NL}là bằng lốp. Nó giống bằng xích{PAGE}nhưng khác rõ khi qua{NL}đất phẳng.{PAGE}Chọn địa hình hoặc quân và nhấn{NL}R để xem chi tiết.{PAGE}Tôi để bạn xử lý phần còn lại.{PAGE}Có muốn gợi ý chiến thuật?{NL}{16}",revised,
297C78,"First, try to take out as many enemy{NL}units as you can with your {UNIT}anti-air{NORMAL}{PAGE}units and your {UNIT}missiles{NORMAL}.{PAGE}If you surround your {UNIT}missiles{NORMAL} and{NL}{UNIT}rockets{NORMAL} to protect them, the enemy{PAGE}will move in to attack. If you can take{NL}the units around the HQ with your{PAGE}{UNIT}rockets{NORMAL}, the battle will be yours.{PAGE}You can send troops in to the HQ{NL}by {UNIT}transport copter{NORMAL} or surround{PAGE}it and slowly work your way in.{PAGE}Do it however you like!{PAGE}Good luck!{PAGE}","Trước hết, hạ càng nhiều địch{NL}càng tốt bằng {UNIT}phòng không{NORMAL}{PAGE}và {UNIT}tên lửa{NORMAL} của bạn.{PAGE}Vây quanh {UNIT}tên lửa{NORMAL} và{NL}{UNIT}pháo tên lửa{NORMAL} để bảo vệ, địch{PAGE}sẽ đến đánh. Nếu hạ được{NL}quân quanh sở chỉ huy bằng{PAGE}{UNIT}pháo tên lửa{NORMAL}, bạn sẽ thắng.{PAGE}Đưa quân vào sở chỉ huy{NL}bằng {UNIT}trực thăng chở quân{NORMAL} hoặc vây{PAGE}quanh rồi tiến dần vào.{PAGE}Tùy bạn chọn cách!{PAGE}Chúc may mắn!{PAGE}",revised,
297E20,"Well done! I knew you'd do it!{PAGE}I don't need to tell you anything{NL}more! Why don't you see how quickly{PAGE}you can clear this map? Ten days is{PAGE}a good benchmark, but if you're really{NL}good, you could do it in five.{PAGE}Well, good luck!{PAGE}I'm counting on you!{PAGE}","Giỏi lắm! Tôi biết bạn làm được!{PAGE}Tôi không cần nói{NL}thêm gì nữa! Thử xem bạn{PAGE}qua màn nhanh đến đâu nhé.{PAGE}Mười ngày là mốc khá, nhưng{NL}giỏi thì năm ngày cũng được.{PAGE}Chúc may mắn!{PAGE}Tôi tin bạn!{PAGE}",revised,
297F18,What?!?{PAGE}You cleared this map that quickly???{PAGE}Incredible!{PAGE}I'm impressed at how far you've{NL}developed your skills!{PAGE}Keep up the good work!{PAGE},Gì?!{PAGE}Bạn qua màn nhanh vậy sao?{PAGE}Không thể tin nổi!{PAGE}Kỹ năng của bạn đã{NL}tiến bộ quá nhiều!{PAGE}Cứ phát huy nhé!{PAGE},revised,
297FA0,Well done!{PAGE}Keep up the good work!{PAGE},Giỏi lắm!{PAGE}Cứ phát huy nhé!{PAGE},revised,
297FC4,"It took a little time, but you won out{NL}in the end! Keep up the good work!{PAGE}","Hơi lâu một chút, nhưng cuối cùng{NL}bạn đã thắng! Cứ phát huy!{PAGE}",revised,
298010,Augh!!! I never had{NL}a chance this time!{PAGE}NELL!!!{PAGE}Just wait until next time!{PAGE},Agh!!! Lần này ta không{NL}có cơ hội nào!{PAGE}NELL!!!{PAGE}Cứ đợi đến lần sau!{PAGE},approved,
29805C,"First, just try to defend your {UNIT}rockets{NORMAL}{NL}and {UNIT}missiles{NORMAL}.{PAGE}You should surround them with{NL}{UNIT}infantry{NORMAL} and {UNIT}anti-air{NORMAL} units.{PAGE}Then take out the surrounding enemy{NL}units with your {UNIT}rockets{NORMAL} and {UNIT}missiles{NORMAL}.{PAGE}Don't forget which unit types{NL}they can {COMMAND}Fire{NORMAL} on.{PAGE}Use {UNIT}rockets{NORMAL} on ground units and{NL}{UNIT}missiles{NORMAL} on air units.{PAGE}If you stick to these guidelines, you{NL}shouldn't have much trouble.{PAGE}","Trước tiên, bảo vệ {UNIT}pháo tên lửa{NORMAL}{NL}và {UNIT}tên lửa{NORMAL}.{PAGE}Hãy để quân vây quanh chúng:{NL}{UNIT}bộ binh{NORMAL} và {UNIT}phòng không{NORMAL}.{PAGE}Rồi hạ địch ở gần{NL}bằng {UNIT}pháo tên lửa{NORMAL} và {UNIT}tên lửa{NORMAL}.{PAGE}Nhớ loại quân nào{NL}chúng có thể {COMMAND}Bắn{NORMAL}.{PAGE}Dùng {UNIT}pháo tên lửa{NORMAL} đánh quân bộ và{NL}{UNIT}tên lửa{NORMAL} đánh quân bay.{PAGE}Làm đúng thế, bạn sẽ{NL}không gặp nhiều khó khăn.{PAGE}",revised,
2981D4,"Apparently, we're just in time!{PAGE}We were able to prepare our troops{NL}before Olaf's troops came ashore,{PAGE}so all we need to do now is attack!{PAGE}It's always smart to check your data.{NL}You know which units can {COMMAND}Attack{NORMAL}{PAGE}which units, right? If you forget...{PAGE}Just check the unit's data.{PAGE}You know to move the cursor to the{NL}unit and press the R Button to check{PAGE}its data, right?{PAGE}OK! Good luck!{PAGE}","Có vẻ ta đến vừa kịp lúc!{PAGE}Ta chuẩn bị xong quân{NL}trước khi Olaf đổ bộ,{PAGE}giờ chỉ cần tấn công!{PAGE}Xem dữ liệu luôn là cách hay.{NL}Bạn biết quân nào {COMMAND}Đánh{NORMAL}{PAGE}được quân nào chứ? Nếu quên...{PAGE}Cứ xem dữ liệu quân.{PAGE}Đưa con trỏ vào đơn vị{NL}rồi nhấn R để xem{PAGE}dữ liệu của nó, nhớ chứ?{PAGE}Được! Chúc may mắn!{PAGE}",revised,
298350,What's this?!?{PAGE}They found my landing forces?{PAGE}Augh! There's no way around it!{PAGE}We'll have to make due with what{NL}we've got!{PAGE},Cái gì?!{PAGE}Chúng phát hiện quân đổ bộ của ta?{PAGE}Agh! Không còn cách nào khác!{PAGE}Ta đành dùng những gì{NL}mình đang có!{PAGE},revised,
2983CC,"Incredible!{PAGE}I can't believed you cleared this map{NL}in just two days!{PAGE}Someone with your skills may even{NL}be able to earn the ""S"" ranking in{PAGE}Campaigns, War Room...maybe even{NL}the Advanced Campaign!{PAGE}You might enjoy the challenge!{PAGE}Keep up the good work!{PAGE}","Không thể tin nổi!{PAGE}Bạn qua màn chỉ trong{NL}hai ngày!{PAGE}Người giỏi như bạn có thể{NL}đạt hạng S trong{PAGE}Chiến dịch, Đấu trận... thậm chí{NL}Chiến dịch nâng cao!{PAGE}Hãy thử thách bản thân nhé!{PAGE}Cứ phát huy!{PAGE}",revised,
2984C4,What?!?{PAGE}You cleared this map in three days?{PAGE}Incredible!{PAGE}I'm very impressed that you've{NL}developed your skills so much!{PAGE}Keep up the good work!{PAGE},Gì?!{PAGE}Bạn qua màn trong ba ngày?{PAGE}Thật không thể tin nổi!{PAGE}Kỹ năng của bạn đã{NL}tiến bộ rất nhiều!{PAGE}Cứ phát huy!{PAGE},revised,
298554,Well done!{PAGE}Keep up the good work!{PAGE},Giỏi lắm!{PAGE}Cứ phát huy nhé!{PAGE},revised,
298578,"It took a little time, but you won out{NL}in the end! Keep up the good work!{PAGE}","Hơi lâu một chút, nhưng cuối cùng{NL}bạn đã thắng! Cứ phát huy!{PAGE}",revised,
2985C4,Augh!!! How could my landing forces{NL}be defeated?!?{PAGE}Now I'm in trouble!{PAGE}Just wait until next time!{PAGE},Agh!!! Sao quân đổ bộ của ta{NL}lại thua?!{PAGE}Giờ ta gặp rắc rối rồi!{PAGE}Cứ đợi đến lần sau!{PAGE},approved,
298628,"Air units use fuel every day, so if{NL}you don't refuel them, they'll crash.{PAGE}You just have to stand tall and{NL}attack here. Better luck next time!{PAGE}","Quân bay tốn xăng mỗi ngày,{NL}không tiếp tế sẽ rơi.{PAGE}Bạn chỉ cần đứng vững{NL}và đánh. Lần sau cố gắng!{PAGE}",approved,
2986B8,"Protect your {UNIT}transport copter{NORMAL}!{PAGE}...Easier said than done, huh?{PAGE}It looks like it's almost done for...{PAGE}","Bảo vệ {UNIT}trực thăng chở quân{NORMAL}!{PAGE}...Nói dễ hơn làm, hả?{PAGE}Nó sắp bị hạ mất rồi...{PAGE}",revised,
298720,This {UNIT}cruiser{NORMAL} is very effective against{NL}air units. And it's so close!{PAGE},{UNIT}Tàu tuần dương{NORMAL} này đánh quân bay{NL}rất tốt. Nó lại ở gần!{PAGE},approved,
298768,"If you leave the copter here, it'll be{NL}destroyed immediately.{PAGE}","Để trực thăng ở đây, nó sẽ{NL}bị hạ ngay.{PAGE}",approved,
2987A8,Hurry up and get it out of there!{PAGE}Can you select it?{PAGE},Mau đưa nó ra khỏi đó!{PAGE}Bạn chọn nó được không?{PAGE},revised,
2987E0,Don't {COMMAND}End{NORMAL} just yet.{PAGE}Select the {UNIT}transport copter{NORMAL}.{PAGE},Đừng {COMMAND}Kết thúc{NORMAL} vội.{PAGE}Chọn {UNIT}trực thăng chở quân{NORMAL}.{PAGE},revised,
298818,Select the {UNIT}transport copter{NORMAL}.{PAGE},Chọn {UNIT}trực thăng chở quân{NORMAL}.{PAGE},approved,
298838,"At first glance, it doesn't look like{NL}there's anywhere it can pull back to...{PAGE}But there is a way to save it!{PAGE}","Nhìn qua, có vẻ không{NL}có chỗ nào để rút...{PAGE}Nhưng vẫn có cách cứu nó!{PAGE}",approved,
2988A8,Move it here!{PAGE},Đưa đến đây!{PAGE},approved,
2988B8,Move it on top of the {UNIT}cruiser{NORMAL}.{PAGE},Đưa nó lên {UNIT}tàu tuần dương{NORMAL}.{PAGE},approved,
2988DC,{COMMAND}Load{NORMAL} it!{PAGE},{COMMAND}Lên tàu{NORMAL}!{PAGE},approved,
2988E8,"Now the {UNIT}transport copter{NORMAL}{NL}can't be attacked.{PAGE}That's right! You can put{NL}{UNIT}transport copters{NORMAL} onto {UNIT}cruisers{NORMAL}.{PAGE}If you {COMMAND}Load{NORMAL} it, it'll be safe as long{NL}as the {UNIT}cruiser{NORMAL} isn't destroyed!{PAGE}You can also {COMMAND}Load{NORMAL} {UNIT}battle copters{NORMAL}{NL}onto {UNIT}cruisers{NORMAL}.{PAGE}{UNIT}Cruisers{NORMAL} can hold up to two units{NL}at one time.{PAGE}And by loading units, you resupply{NL}those units with fuel and ammunition.{PAGE}You have a {UNIT}battle copter{NORMAL}, too.{NL}You should try it sometime.{PAGE}","Giờ {UNIT}trực thăng chở quân{NORMAL}{NL}không bị đánh được.{PAGE}Đúng rồi! Bạn có thể cho{NL}{UNIT}trực thăng chở quân{NORMAL} lên {UNIT}tuần dương{NORMAL}.{PAGE}Nếu {COMMAND}Chất lên{NORMAL}, nó sẽ an toàn miễn{NL}{UNIT}tàu tuần dương{NORMAL} chưa bị hạ.{PAGE}Cũng {COMMAND}Chất lên{NORMAL} {UNIT}trực thăng chiến đấu{NORMAL}{NL}lên {UNIT}tàu tuần dương{NORMAL}.{PAGE}{UNIT}Tàu tuần dương{NORMAL} chở được hai quân{NL}cùng lúc.{PAGE}Quân lên tàu sẽ được tiếp{NL}xăng và đạn.{PAGE}Bạn cũng có {UNIT}trực thăng chiến đấu{NORMAL}.{NL}Hãy thử khi có dịp.{PAGE}",revised,
298A90,"Now, let's test the attack power of{NL}the {UNIT}cruiser{NORMAL}.{PAGE}Select it!{PAGE}",Giờ thử hỏa lực{NL}của {UNIT}tàu tuần dương{NORMAL}.{PAGE}Chọn nó!{PAGE},revised,
298AD0,The {UNIT}cruiser{NORMAL} is next!{PAGE}Go ahead and select it.{PAGE},Tiếp theo là {UNIT}tàu tuần dương{NORMAL}!{PAGE}Hãy chọn nó.{PAGE},approved,
298B00,Don't {COMMAND}End{NORMAL} just yet.{PAGE}Select the {UNIT}cruiser{NORMAL}.{PAGE},Đừng {COMMAND}Kết thúc{NORMAL} vội.{PAGE}Chọn {UNIT}tàu tuần dương{NORMAL}.{PAGE},revised,
298B30,{UNIT}Cruisers{NORMAL} engage enemy units directly.{PAGE}You might be surprised by the{NL}kind of units they can attack.{PAGE}They can only {COMMAND}Fire{NORMAL} on air units and{NL}{UNIT}submarines{NORMAL}.{PAGE}As for right now...{PAGE},{UNIT}Tàu tuần dương{NORMAL} đánh địch trực diện.{PAGE}Bạn sẽ bất ngờ về{NL}loại quân nó đánh được.{PAGE}Nó chỉ {COMMAND}Bắn{NORMAL} quân bay và{NL}{UNIT}tàu ngầm{NORMAL}.{PAGE}Còn lúc này...{PAGE},revised,
298BE0,You can {COMMAND}Fire{NORMAL} on this {UNIT}sub{NORMAL}.{PAGE}Let's attack!{PAGE},Hãy {COMMAND}Bắn{NORMAL} {UNIT}tàu ngầm{NORMAL} này.{PAGE}Hãy đánh đi!{PAGE},revised,
298C10,"Units that engage the enemy directly{NL}have to be right next to a unit in{PAGE}order to {COMMAND}Attack{NORMAL}, so move the{NL}{UNIT}cruiser{NORMAL} here.{PAGE}","Quân đánh trực diện phải{NL}đứng cạnh địch mới{PAGE}{COMMAND}Đánh{NORMAL} được, nên đưa{NL}{UNIT}tàu tuần dương{NORMAL} đến đây.{PAGE}",approved,
298C88,The first strike is usually victorious!{PAGE}{COMMAND}Fire{NORMAL} now!{PAGE},Đánh trước thường là thắng!{PAGE}{COMMAND}Bắn{NORMAL} ngay!{PAGE},revised,
298CC0,"If you {COMMAND}Drop{NORMAL} now, your {UNIT}transport{NL}copter{NORMAL} will be attacked!{PAGE}You want to {COMMAND}Fire{NORMAL} now!{PAGE}","Nếu {COMMAND}Thả xuống{NORMAL} giờ, {UNIT}trực thăng{NL}chở quân{NORMAL} sẽ bị đánh!{PAGE}Bạn nên {COMMAND}Bắn{NORMAL} ngay!{PAGE}",revised,
298D18,"{UNIT}Cruisers{NORMAL} are very effective against{NL}{UNIT}subs{NORMAL}!{PAGE}And like I said earlier, they're also{NL}effective against air units.{PAGE}Since they can only attack certain{NL}units, they are a bit limited.{PAGE}Once you learn their intricacies,{NL}though, you'll be glad you have them!{PAGE}But learning that right off the bat{NL}is pretty hard.{PAGE}If you forget which units they{NL}can {COMMAND}Fire{NORMAL} on, press the R Button.{PAGE}The ever-helpful R Button!{PAGE}If you remember that, you'll always{NL}be able to get the intel you need.{PAGE}","{UNIT}Tàu tuần dương{NORMAL} rất hiệu quả với{NL}{UNIT}tàu ngầm{NORMAL}!{PAGE}Như đã nói, nó cũng{NL}đánh quân bay tốt.{PAGE}Vì chỉ đánh được vài loại{NL}quân, nó có hạn chế.{PAGE}Nhưng khi hiểu cách dùng,{NL}bạn sẽ thấy nó rất có ích!{PAGE}Học ngay từ đầu{NL}hơi khó đấy.{PAGE}Nếu quên nó có thể{NL}{COMMAND}Bắn{NORMAL} quân nào, nhấn R.{PAGE}Nút R luôn giúp bạn!{PAGE}Nhờ nó, bạn sẽ luôn{NL}tìm được tin cần thiết.{PAGE}",revised,
298EEC,"That took longer to explain than I{NL}thought it would.{PAGE}Well, let's move on to the{NL}next unit's capabilities.{PAGE}",Giải thích lâu hơn{NL}tôi tưởng.{PAGE}Giờ ta xem khả năng{NL}của đơn vị tiếp theo.{PAGE},revised,
298F58,Next is the {UNIT}battleship{NORMAL}.{PAGE}Can you select this unit?{PAGE},Tiếp là {UNIT}thiết giáp hạm{NORMAL}.{PAGE}Bạn chọn nó được không?{PAGE},approved,
298F90,Would you select the {UNIT}battleship{NORMAL}?{PAGE},Hãy chọn {UNIT}thiết giáp hạm{NORMAL}.{PAGE},approved,
298FB4,Don't {COMMAND}End{NORMAL} yet.  Select the{NL}{UNIT}battleship{NORMAL}!{PAGE},Đừng {COMMAND}Kết thúc{NORMAL}. Chọn{NL}{UNIT}thiết giáp hạm{NORMAL}!{PAGE},revised,
298FE0,"{UNIT}Battleships{NORMAL} attack from a distance,{NL}so, don't move it...{PAGE}Just open the Command Menu.{PAGE}","{UNIT}Thiết giáp hạm{NORMAL} đánh từ xa,{NL}nên đừng di chuyển...{PAGE}Chỉ cần mở menu lệnh.{PAGE}",revised,
299038,Now choose {COMMAND}Fire{NORMAL}!{PAGE},Giờ chọn {COMMAND}Bắn{NORMAL}!{PAGE},approved,
29904C,"If you make it {COMMAND}Wait{NORMAL}, you won't{NL}know what it can do.{PAGE}Choose {COMMAND}Fire{NORMAL}.{PAGE}",Chọn {COMMAND}Chờ{NORMAL} thì bạn sẽ không{NL}biết nó làm được gì.{PAGE}Chọn {COMMAND}Bắn{NORMAL}.{PAGE},approved,
299094,"Did you notice that it has a large{NL}attack range?{PAGE}That's right! {UNIT}Battleships{NORMAL} have an{NL}attack range of two to six spaces!{PAGE}{UNIT}Rockets{NORMAL} have a range{NL}of three to five.{PAGE}You may think it's only a little{NL}larger, but it's quite a big difference!{PAGE}You'll understand better as you{NL}start to use them more.{PAGE}","Bạn thấy tầm bắn rộng{NL}của nó chứ?{PAGE}Đúng! {UNIT}Thiết giáp hạm{NORMAL} bắn từ{NL}hai đến sáu ô!{PAGE}{UNIT}Pháo tên lửa{NORMAL} bắn{NL}từ ba đến năm ô.{PAGE}Nghe chỉ hơn chút ít,{NL}nhưng khác biệt rất lớn!{PAGE}Dùng nhiều bạn sẽ sẽ{NL}hiểu rõ hơn.{PAGE}",revised,
2991B8,"That's all on {UNIT}battleships{NORMAL} for now.{PAGE}Now on to {UNIT}submarines{NORMAL}.{NL}Select this one, please.{PAGE}",Tạm thời về {UNIT}thiết giáp hạm{NORMAL} thế thôi.{PAGE}Giờ đến {UNIT}tàu ngầm{NORMAL}.{NL}Hãy chọn nó.{PAGE},revised,
299210,Test the {UNIT}submarine's{NORMAL} capabilities!{NORMAL}{PAGE},Thử khả năng {UNIT}tàu ngầm{NORMAL}!{NORMAL}{PAGE},approved,
299238,You don't need to {COMMAND}End{NORMAL} yet.{PAGE}Select the {UNIT}submarine{NORMAL}. I want to test{NL}its abilities.{PAGE},Chưa cần {COMMAND}Kết thúc{NORMAL}.{PAGE}Chọn {UNIT}tàu ngầm{NORMAL}. Tôi muốn thử{NL}khả năng của nó.{PAGE},approved,
29928C,{UNIT}Submarines{NORMAL} use direct-fire to{NL}engage the enemy.{PAGE}They can only {COMMAND}Fire{NORMAL} on{NL}other naval units.{PAGE},{UNIT}Tàu ngầm{NORMAL} đánh trực diện{NL}vào địch.{PAGE}Nó chỉ {COMMAND}Bắn{NORMAL} được{NL}quân hải quân.{PAGE},approved,
2992EC,I think this unit should do for now.{PAGE}{COMMAND}Fire{NORMAL}!{PAGE},Tôi nghĩ quân này được rồi.{PAGE}{COMMAND}Bắn{NORMAL}!{PAGE},approved,
29931C,"{UNIT}Subs{NORMAL} engage the enemy directly,{NL}so you have to move it to attack.{PAGE}Move it over here.{PAGE}","{UNIT}Tàu ngầm{NORMAL} đánh trực diện,{NL}nên phải di chuyển để đánh.{PAGE}Đưa nó đến đây.{PAGE}",approved,
299374,This is where you {COMMAND}Fire{NORMAL}!{PAGE},Đây là lúc {COMMAND}Bắn{NORMAL}!{PAGE},approved,
299390,I'll explain this command tomorrow.{PAGE}Just choose {COMMAND}Fire{NORMAL} right now.{PAGE},Tôi sẽ giải thích lệnh này ngày mai.{PAGE}Giờ cứ chọn {COMMAND}Bắn{NORMAL}.{PAGE},revised,
2993D4,"As you can see, {UNIT}subs{NORMAL} can inflict{NL}heavy damage!{PAGE}{UNIT}Subs{NORMAL} also have other distinct abilities,{NL}but I'll tell you about those later.{PAGE}","Bạn thấy {UNIT}tàu ngầm{NORMAL} gây{NL}sát thương lớn chứ!{PAGE}{UNIT}Tàu ngầm{NORMAL} còn khả năng riêng,{NL}tôi sẽ nói sau.{PAGE}",approved,
299458,"You've seen a lot of new units here,{NL}but this is the last one: the {UNIT}lander{NORMAL}.{PAGE}You remember {UNIT}APCs{NORMAL} and {UNIT}transport{NL}copters{NORMAL}, right?{PAGE}You use {UNIT}landers{NORMAL}{NL}in basically the same way.{PAGE}Like the others, they can't attack.{PAGE}Let's try this one out.{PAGE}","Bạn đã thấy nhiều quân mới,{NL}nhưng đây là loại cuối: {UNIT}tàu đổ bộ{NORMAL}.{PAGE}Còn nhớ {UNIT}APC{NORMAL} và {UNIT}trực thăng{NL}chở quân{NORMAL} chứ?{PAGE}Cách dùng {UNIT}tàu đổ bộ{NORMAL}{NL}gần giống vậy.{PAGE}Nó cũng không đánh được.{PAGE}Hãy thử nó nào.{PAGE}",revised,
299544,"First, select this {UNIT}infantry{NORMAL} unit.{PAGE}",Trước tiên chọn {UNIT}bộ binh{NORMAL}.{PAGE},approved,
29956C,"{UNIT}Landers{NORMAL} are transport units.{PAGE}I want to try them out, so select{NL}this unit.{PAGE}","{UNIT}Tàu đổ bộ{NORMAL} dùng để chở quân.{PAGE}Tôi muốn thử nó, hãy chọn{NL}đơn vị này.{PAGE}",approved,
2995BC,It's still too soon to {COMMAND}End{NORMAL}.{PAGE}Select the unit now.{PAGE},Vẫn chưa đến lúc {COMMAND}Kết thúc{NORMAL}.{PAGE}Hãy chọn đơn vị ngay.{PAGE},approved,
2995F0,Now just {COMMAND}Load{NORMAL} that unit{NL}into the {UNIT}lander{NORMAL}.{PAGE},Giờ {COMMAND}Chất lên{NORMAL} quân đó{NL}vào {UNIT}tàu đổ bộ{NORMAL}.{PAGE},revised,
299620,Just move that unit onto the{NL}{UNIT}lander{NORMAL} to {COMMAND}Load{NORMAL} it.{PAGE}Now press the A Button.{PAGE},Đưa quân đó lên{NL}{UNIT}tàu đổ bộ{NORMAL} để {COMMAND}Chất lên{NORMAL}.{PAGE}Giờ nhấn nút A.{PAGE},revised,
299670,"You've {COMMAND}Loaded{NORMAL} it!{PAGE}So, {UNIT}landers{NORMAL} and {COMMAND}T copters{NORMAL} are{NL}basically the same.{PAGE}That's what you're thinking, right?{NL}Actually, there's a big difference.{PAGE}You can load two ground units{NL}at a time onto a {UNIT}lander{NORMAL}!{PAGE}{UNIT}Landers{NORMAL} carry land units,{NL}and {UNIT}cruisers{NORMAL} carry copters.{PAGE}That's what I said, right?{PAGE}","Bạn đã {COMMAND}Chất lên{NORMAL} được rồi!{PAGE}{UNIT}Tàu đổ bộ{NORMAL} và {COMMAND}trực thăng chở quân{NORMAL}{NL}gần giống nhau.{PAGE}Bạn đang nghĩ vậy chứ?{NL}Thật ra khác biệt rất lớn.{PAGE}Chở được hai quân bộ{NL}cùng lúc trên {UNIT}tàu đổ bộ{NORMAL}!{PAGE}{UNIT}Tàu đổ bộ{NORMAL} chở quân bộ,{NL}còn {UNIT}tàu tuần dương{NORMAL} chở trực thăng.{PAGE}Đúng như tôi đã nói chứ?{PAGE}",revised,
299794,"Now, let's try to {COMMAND}Load{NORMAL} a {UNIT}medium tank{NORMAL}.{PAGE}",Giờ {COMMAND}Chất lên{NORMAL} {UNIT}xe tăng hạng trung{NORMAL}.{PAGE},revised,
2997C0,Select this unit.{PAGE},Chọn quân này.{PAGE},approved,
2997D4,Don't {COMMAND}End{NORMAL} yet.{PAGE},Chưa {COMMAND}Kết thúc{NORMAL}.{PAGE},approved,
2997E8,Move it onto the {UNIT}lander{NORMAL} to {COMMAND}Load{NORMAL} it.{PAGE}Press the A Button.{PAGE},Đưa nó lên {UNIT}tàu đổ bộ{NORMAL} để {COMMAND}Chất lên{NORMAL}.{PAGE}Nhấn nút A.{PAGE},approved,
299828,"What do you think?{NL}Pretty handy, isn't it?{PAGE}But there's one thing you have{NL}to pay attention to...{PAGE}On this map, you can only {COMMAND}Load{NORMAL} units{NL}onto a {UNIT}lander{NORMAL} at a shallow shoreline.{PAGE}Eventually, you'll be able to do this{NL}at a port, but there aren't any here.{PAGE}Just be careful, because it's not{NL}like you can {COMMAND}Load{NORMAL} just anywhere.{PAGE}Next let's try to {COMMAND}Drop{NORMAL} the troops.{PAGE}","Bạn thấy sao?{NL}Tiện lợi chứ?{PAGE}Nhưng có một điều bạn{NL}phải để ý...{PAGE}Trên màn này, chỉ {COMMAND}Chất lên{NORMAL} quân{NL}vào {UNIT}tàu đổ bộ{NORMAL} ở bờ biển nông.{PAGE}Sau này có thể làm ở cảng,{NL}nhưng ở đây không có cảng.{PAGE}Nhớ cẩn thận, không phải{NL}ở đâu cũng {COMMAND}Chất lên{NORMAL} được.{PAGE}Giờ thử {COMMAND}Thả xuống{NORMAL} quân.{PAGE}",revised,
299990,Move it over here.{PAGE},Đưa nó đến đây.{PAGE},approved,
2999A4,Select the {UNIT}lander{NORMAL}.{PAGE},Chọn {UNIT}tàu đổ bộ{NORMAL}.{PAGE},approved,
2999BC,Don't {COMMAND}End{NORMAL} just yet. Select the{NL}{UNIT}lander{NORMAL}.{PAGE},Đừng {COMMAND}Kết thúc{NORMAL} vội. Chọn{NL}{UNIT}tàu đổ bộ{NORMAL}.{PAGE},revised,
2999E8,I want to {COMMAND}Drop{NORMAL} the units.{PAGE}Can you move it over here?{PAGE},Tôi muốn {COMMAND}Thả xuống{NORMAL} quân.{PAGE}Đưa tàu đến đây nhé?{PAGE},revised,
299A20,It's just the same as {COMMAND}Loading{NORMAL} units:{PAGE}You can only {COMMAND}Drop{NORMAL} them at{NL}ports and shallow shorelines.{PAGE},Cũng như {COMMAND}Chất lên{NORMAL} quân:{PAGE}Chỉ {COMMAND}Thả xuống{NORMAL} được ở{NL}cảng và bờ biển nông.{PAGE},revised,
299A84,"If you {COMMAND}Wait{NORMAL}, you can't {COMMAND}Drop{NORMAL}{NL}the troops. Choose {COMMAND}Drop{NORMAL}.{PAGE}",Chọn {COMMAND}Chờ{NORMAL} thì không {COMMAND}Thả{NORMAL}{NL}được. Chọn {COMMAND}Thả{NORMAL}.{PAGE},revised,
299AC0,"You can {COMMAND}drop{NORMAL} {UNIT}infantry{NORMAL} here and here.{PAGE}But wait a second...{PAGE}There's a {UNIT}medium tank{NORMAL} on this{NL}{UNIT}lander{NORMAL}, too, right?{PAGE}","Bạn có thể {COMMAND}thả{NORMAL} {UNIT}bộ binh{NORMAL} ở đây và đấy.{PAGE}Nhưng khoan...{PAGE}Trên {UNIT}tàu đổ bộ{NORMAL} còn có{NL}{UNIT}xe tăng hạng trung{NORMAL}, đúng không?{PAGE}",revised,
299B38,"{UNIT}Medium tanks{NORMAL} can't move{NL}in the mountains, remember?{PAGE}So, you can't {COMMAND}Drop{NORMAL} {UNIT}medium tanks{NORMAL}{NL}in the mountains.{PAGE}If you're going to {COMMAND}Drop{NORMAL} both units at{NL}once, you'll have to think about it...{PAGE}Which terrain can you {COMMAND}Drop{NORMAL} them on?{PAGE}","{UNIT}Xe tăng hạng trung{NORMAL} không đi{NL}qua núi, nhớ chứ?{PAGE}Nên không thể {COMMAND}Thả xuống{NORMAL} {UNIT}xe tăng{NORMAL}{NL}trên núi.{PAGE}Muốn {COMMAND}Thả xuống{NORMAL} cả hai quân{NL}cùng lúc, phải tính kỹ...{PAGE}Có thể {COMMAND}Thả xuống{NORMAL} ở địa hình nào?{PAGE}",revised,
299C1C,Can you {COMMAND}Drop{NORMAL} the {UNIT}infantry{NORMAL} here?{PAGE},Bạn {COMMAND}Thả{NORMAL} {UNIT}bộ binh{NORMAL} ở đây được không?{PAGE},revised,
299C44,"If you {COMMAND}Drop{NORMAL} it there, you won't be{NL}able to {COMMAND}Drop{NORMAL} the {UNIT}medium tanks{NORMAL}.{PAGE}{COMMAND}Drop{NORMAL} it here.{PAGE}","Nếu {COMMAND}Thả{NORMAL} ở đó, bạn không{NL}{COMMAND}Thả{NORMAL} {UNIT}xe tăng hạng trung{NORMAL} được.{PAGE}{COMMAND}Thả{NORMAL} ở đây.{PAGE}",revised,
299CA0,"This is the only place you can {COMMAND}Drop{NORMAL}{NL}the {UNIT}medium tank{NORMAL} unit.{PAGE}Do you know why?{PAGE}That's right. You can't {COMMAND}Drop{NORMAL} it on{NL}top of an enemy unit.{PAGE}Plus, they can't move over mountains.{PAGE}{COMMAND}Drop{NORMAL} them here.{PAGE}",Đây là chỗ duy nhất có thể {COMMAND}Thả xuống{NORMAL}{NL}{UNIT}xe tăng hạng trung{NORMAL}.{PAGE}Bạn biết tại sao không?{PAGE}Đúng rồi. Không thể {COMMAND}Thả xuống{NORMAL} ngay{NL}trên quân địch.{PAGE}Xe cũng không đi qua núi.{PAGE}{COMMAND}Thả xuống{NORMAL} ở đây.{PAGE},revised,
299D64,"OK, now {COMMAND}Drop{NORMAL} the other unit.{PAGE}",Giờ {COMMAND}Thả xuống{NORMAL} quân còn lại.{PAGE},revised,
299D84,{COMMAND}Drop{NORMAL} it here!{PAGE},{COMMAND}Thả{NORMAL} đây!{PAGE},revised,
299D98,"You can only {COMMAND}Load{NORMAL} and {COMMAND}Drop{NORMAL} at{NL}ports and shallow shorelines, so pay{PAGE}attention to where you can {COMMAND}Drop{NORMAL} when{NL}you're carrying two units.{PAGE}If you can just remember this, you'll{NL}have no trouble using {UNIT}landers{NORMAL}.{PAGE}So, did you get all that?{PAGE}Oh, there's one more thing I have{NL}to say about sea units in general.{PAGE}Like air units, sea units use fuel{NL}every day. {UNIT}Battleships{NORMAL}, {UNIT}subs{NORMAL},{PAGE}{UNIT}cruisers{NORMAL}, and {UNIT}landers{NORMAL}{PAGE}all use one unit of fuel per day.{NL}If they run out of fuel, they'll{PAGE}sink, and you'll lose them.{PAGE}If you want to resupply them, select an{NL}{UNIT}APC{NORMAL} and choose {UNIT}Supply{NORMAL}--{PAGE}the same as with other units.{PAGE}To recover its HP, you need to{NL}move this unit to a port.{PAGE}Unfortunately, there aren't any{NL}ports nearby.{PAGE}Well, you can do as you like with the{NL}rest of the units.{PAGE}When you're done, choose {COMMAND}End{NORMAL}.{PAGE}","Chỉ {COMMAND}Chất lên{NORMAL} và {COMMAND}Thả xuống{NORMAL} ở{NL}cảng hay bờ biển nông, nên{PAGE}để ý điểm {COMMAND}Thả xuống{NORMAL} khi{NL}chở hai quân.{PAGE}Nhớ điều đó thì bạn sẽ{NL}dùng {UNIT}tàu đổ bộ{NORMAL} dễ dàng.{PAGE}Bạn hiểu hết chưa?{PAGE}À, còn một điều về{NL}quân hải quân nói chung.{PAGE}Như quân bay, hải quân tốn xăng{NL}mỗi ngày. {UNIT}Thiết giáp hạm{NORMAL}, {UNIT}tàu ngầm{NORMAL},{PAGE}{UNIT}tàu tuần dương{NORMAL} và {UNIT}tàu đổ bộ{NORMAL}{PAGE}tốn một xăng mỗi ngày.{NL}Hết xăng thì chúng{PAGE}chìm và mất luôn.{PAGE}Muốn tiếp tế, chọn{NL}{UNIT}APC{NORMAL} và lệnh {UNIT}Tiếp tế{NORMAL}, như{PAGE}với quân khác.{PAGE}Muốn hồi HP, hãy đưa{NL}quân vào cảng.{PAGE}Tiếc là gần đây{NL}không có cảng nào.{PAGE}Những quân còn lại{NL}bạn tự xử lý.{PAGE}Xong thì chọn {COMMAND}Kết thúc{NORMAL}.{PAGE}",revised,
29A0A8,"So, we've got a naval battle on our{NL}hands here, eh?{PAGE}If Nell hadn't taken out my air units,{NL}victory would be much easier...{PAGE}But they can't use most of their{NL}troops, so that puts us on equal{PAGE}footing. To battle!{PAGE}","Vậy là trận hải chiến{NL}đã bắt đầu, nhỉ?{PAGE}Nếu Nell chưa hạ quân bay ta,{NL}chiến thắng sẽ dễ hơn...{PAGE}Nhưng chúng không dùng được{NL}phần lớn quân, nên ta{PAGE}ngang sức. Chiến thôi!{PAGE}",revised,
29A17C,It's your turn.{PAGE},Đến lượt bạn.{PAGE},approved,
29A190,Let me tell you one more thing about{NL}{UNIT}subs{NORMAL}.{PAGE}Can you select one?{PAGE},Để tôi nói thêm một điều{NL}về {UNIT}tàu ngầm{NORMAL}.{PAGE}Bạn chọn nó được không?{PAGE},approved,
29A1D4,I want to test one more {UNIT}sub{NORMAL} ability.{PAGE}Can you select one?{PAGE},Tôi muốn thử {UNIT}tàu ngầm{NORMAL} nữa.{PAGE}Bạn chọn nó?{PAGE},approved,
29A210,"If you {COMMAND}End{NORMAL} now, the enemy will{NL}attack before you even do anything.{PAGE}Can you select a {UNIT}sub{NORMAL}?{PAGE}","Nếu {COMMAND}Kết thúc{NORMAL} giờ, địch sẽ{NL}đánh trước khi bạn làm gì.{PAGE}Hãy chọn {UNIT}tàu ngầm{NORMAL} đi.{PAGE}",approved,
29A270,"Even if a {UNIT}sub{NORMAL} is within an enemy's{NL}attack range, there is a way to avoid{PAGE}being attacked, so let me show it to{NL}you. Can you press the A Button and{PAGE}open the menu?{PAGE}","Dù {UNIT}tàu ngầm{NORMAL} trong tầm đánh địch,{NL}vẫn có cách tránh{PAGE}bị đánh, để tôi chỉ{NL}bạn. Nhấn A và{PAGE}mở menu được không?{PAGE}",revised,
29A314,Now choose {COMMAND}Dive{NORMAL}!{PAGE},Giờ chọn {COMMAND}Lặn{NORMAL}!{PAGE},approved,
29A328,"I know you probably want to {UNIT}Fire{NORMAL},{NL}but can you choose {COMMAND}Dive{NORMAL} for now?{PAGE}","Tôi biết bạn muốn {UNIT}Bắn{NORMAL},{NL}nhưng giờ hãy chọn {COMMAND}Lặn{NORMAL} nhé?{PAGE}",approved,
29A370,"If you choose {COMMAND}Wait{NORMAL}, then the {UNIT}sub{NORMAL}{NL}will be done moving.{PAGE}Choose {COMMAND}Dive{NORMAL}, OK?{PAGE}","Chọn {COMMAND}Chờ{NORMAL} thì {UNIT}tàu ngầm{NORMAL}{NL}sẽ hết lượt.{PAGE}Hãy chọn {COMMAND}Lặn{NORMAL}, được chứ?{PAGE}",approved,
29A3C0,"That's right!{PAGE}When a {UNIT}sub{NORMAL} {COMMAND}Dives{NORMAL}, it can only be{NL}attacked by {UNIT}cruisers{NORMAL} and other {UNIT}subs{NORMAL}.{PAGE}Plus, since submerged {UNIT}subs{NORMAL} can{NL}still attack, this is very useful.{PAGE}","Đúng rồi!{PAGE}Khi {UNIT}tàu ngầm{NORMAL} {COMMAND}Lặn{NORMAL}, chỉ{NL}{UNIT}tuần dương{NORMAL} và {UNIT}tàu ngầm{NORMAL} đánh nó.{PAGE}Tàu đang lặn vẫn {UNIT}Bắn{NORMAL} được,{NL}nên rất hữu dụng.{PAGE}",revised,
29A464,"But there is one thing I have to{NL}warn you about, and that's fuel.{PAGE}When a {UNIT}sub{NORMAL} {COMMAND}Dives{NORMAL}, it uses five{NL}fuel units per day.{PAGE}That's about a one-day supply.{PAGE}If it runs out of fuel, it will{NL}sink, so watch your fuel closely.{PAGE}I'll leave the rest up to you.{NL}Good luck!{PAGE}","Nhưng tôi cần cảnh báo{NL}bạn về xăng.{PAGE}Khi {UNIT}tàu ngầm{NORMAL} {COMMAND}Lặn{NORMAL}, nó tốn năm{NL}xăng mỗi ngày.{PAGE}Bằng lượng xăng dùng trong một ngày.{PAGE}Hết xăng sẽ{NL}chìm, hãy để ý kỹ.{PAGE}Phần còn lại giao bạn.{NL}Chúc may mắn!{PAGE}",revised,
29A56C,"This was a very strategic point for{NL}Olaf to attack Orange Star.{PAGE}Thanks to you, we managed to{NL}block his assault! Thank you!{PAGE}Keep up the good work!{PAGE}","Đây là điểm rất quan trọng{NL}để Olaf đánh Orange Star.{PAGE}Nhờ bạn, ta đã{NL}chặn được hắn! Cảm ơn!{PAGE}Cứ phát huy nhé!{PAGE}",revised,
29A600,I never expected them to make it{NL}this far...{PAGE}Augh!!! Just wait until next time!{PAGE},Ta không ngờ chúng đi xa{NL}đến thế...{PAGE}Agh!!! Hẹn gặp lần sau!{PAGE},revised,
29A654,"In this battle, if you lose your {UNIT}lander{NORMAL}{NL}or your {UNIT}transport copter{NORMAL}, you'll lose.{PAGE}At all times, if you lose your {UNIT}lander{NORMAL},{NL}you can't transport land units.{PAGE}Remember to take good care of it,{NL}and better luck next time!{PAGE}","Trận này, mất {UNIT}tàu đổ bộ{NORMAL}{NL}hay {UNIT}trực thăng chở quân{NORMAL} là thua.{PAGE}Nói chung, mất {UNIT}tàu đổ bộ{NORMAL}{NL}thì không chở quân bộ được.{PAGE}Nhớ bảo vệ nó cẩn thận,{NL}lần sau may mắn hơn!{PAGE}",revised,
29A730,"I have a bad feeling about this.{PAGE}It looks like Olaf...{NL}has been waiting for us.{PAGE}If we let him use his power,{NL}there'll be trouble.{PAGE}Let's take him out all at once!{PAGE}I'm going to leave this one up{NL}to you! Good luck!{PAGE}","Tôi thấy bất an.{PAGE}Có vẻ Olaf...{NL}đã đợi ta sẵn.{PAGE}Nếu để hắn dùng sức mạnh,{NL}ta sẽ gặp nguy.{PAGE}Hãy hạ hắn một lần cho xong!{PAGE}Trận này giao bạn xử lý.{NL}Chúc may mắn!{PAGE}",revised,
29A808,"Ha ha ha! I've been waiting for you.{PAGE}Now I shall unleash my power!{PAGE}Heavens, hear my cry!{PAGE}BLIZZARD!!!{PAGE}","Ha ha ha! Ta đợi các ngươi lâu rồi.{PAGE}Giờ ta sẽ tung sức mạnh!{PAGE}Hỡi trời cao, hãy nghe ta!{PAGE}BÃO TUYỆT!!!{PAGE}",revised,
29A870,"It's Olaf's CO Power!{PAGE}This is what he's been waiting for...{PAGE}We've been caught in his trap!{PAGE}Every CO has his or her own special{NL}power--a CO Power.{PAGE}When Olaf uses his CO Power, a huge{NL}snow storm drops in. It's devastating!{PAGE}But I can't use my CO Power right{NL}now.{PAGE}I'm sorry.{PAGE}There's one more thing...{PAGE}Olaf is very adept in the snow.{PAGE}It's this power that caught{NL}Blue Moon's eye.{PAGE}Snow lowers the movement{NL}range of all units.{PAGE}","Đây là CO Power của Olaf!{PAGE}Hắn đã đợi giây phút này...{PAGE}Ta mắc bẫy rồi!{PAGE}Mỗi CO có một năng lực{NL}đặc biệt: CO Power.{PAGE}Khi Olaf dùng nó, một cơn{NL}bão tuyết sẽ đến. Rất nguy hiểm!{PAGE}Nhưng tôi chưa dùng được CO Power{NL}của mình.{PAGE}Tôi xin lỗi.{PAGE}Còn một điều nữa...{PAGE}Olaf rất giỏi đi trong tuyết.{PAGE}Chính sức mạnh này đã khiến{NL}Blue Moon chú ý đến hắn.{PAGE}Tuyết làm giảm tầm di chuyển{NL}của mỗi quân.{PAGE}",revised,
29AA14,"See this plain, here?{PAGE}{UNIT}Infantry{NORMAL} used to move across it{NL}at a cost of one movement unit.{PAGE}In snow, the cost increases to two.{NL}Olaf has a unique advantage here...{PAGE}His troops can move through snow{NL}without any adverse effects.{PAGE}","Thấy đồng bằng này không?{PAGE}{UNIT}Bộ binh{NORMAL} từng đi qua đó{NL}chỉ tốn một điểm đi.{PAGE}Trong tuyết, tốn hai điểm.{NL}Olaf có lợi thế riêng...{PAGE}Quân hắn đi trên tuyết{NL}mà không bị cản trở.{PAGE}",revised,
29AAF4,This has turned into a rough battle.{PAGE}But it should stop snowing after a{NL}few days.{PAGE}Just be patient and try to{NL}hold out until then.{PAGE},Trận này đã khó hơn.{PAGE}Nhưng tuyết sẽ ngừng sau{NL}vài ngày.{PAGE}Cứ kiên nhẫn và cố gắng{NL}cầm cự đến lúc đó.{PAGE},revised,
29AB78,"Huh?{PAGE}The snow stopped!!!{PAGE}Augh! I don't have enough time to{NL}build up my power again...{PAGE}But...I must have put fear into their{NL}hearts! Go, my soldiers!{PAGE}Don't give them time to regroup!{PAGE}Defeat them all!{PAGE}","Hả?{PAGE}Tuyết ngừng rồi!!!{PAGE}Agh! Ta không kịp{NL}tích sức lần nữa...{PAGE}Nhưng ta đã khiến chúng{NL}sợ hãi! Tiến lên, quân ta!{PAGE}Đừng cho chúng tập hợp!{PAGE}Diệt sạch chúng!{PAGE}",revised,
29AC40,"You held out long enough!{PAGE}The snow has stopped!{PAGE}You'd better watch out, though...{NL}Olaf still has plenty of units.{PAGE}You must regroup!{PAGE}",Bạn đã cầm cự đủ lâu!{PAGE}Tuyết đã ngừng!{PAGE}Nhưng hãy cẩn thận...{NL}Olaf vẫn còn nhiều quân.{PAGE}Bạn phải tập hợp lại!{PAGE},revised,
29ACC8,"It's started raining!{PAGE}This is a real blessing!{PAGE}Rain slows movement a little bit.{PAGE}More importantly, rain punishes Olaf.{PAGE}He'll be brought to a virtual standstill!{PAGE}You have to move now!{PAGE}Take him out in one swift blow!{PAGE}","Trời bắt đầu mưa!{PAGE}Đúng là may mắn!{PAGE}Mưa làm quân đi chậm chút.{PAGE}Quan trọng hơn, Olaf rất sợ mưa.{PAGE}Hắn gần như không đi được!{PAGE}Bạn phải ra tay ngay!{PAGE}Hạ hắn bằng một đòn nhanh!{PAGE}",revised,
29ADA0,What's this?{PAGE}It's started raining???{PAGE}Augh!!!{PAGE}Our spirits will have to carry us!{PAGE},Cái gì?{PAGE}Trời bắt đầu mưa sao???{PAGE}Agh!!!{PAGE}Ta phải dựa vào tinh thần thôi!{PAGE},approved,
29ADF4,"Each CO has a unique special ability.{PAGE}In Olaf's case, he works well{NL}in snow, but he's susceptible to rain.{PAGE}Regardless of that, you were{NL}great this time!{PAGE}If you can win the next battle,{NL}then I'll have taught you all I can.{PAGE}I think the next battle will be our{NL}last one together.{PAGE}Keep up the good work!{PAGE}","Mỗi CO có năng lực riêng.{PAGE}Olaf giỏi trong tuyết{NL}nhưng yếu khi trời mưa.{PAGE}Dù sao, lần này bạn{NL}đã làm rất tốt!{PAGE}Thắng trận sau thì{NL}tôi đã dạy bạn hết rồi.{PAGE}Tôi nghĩ đó là trận{NL}cuối ta sát cánh bên nhau.{PAGE}Cứ phát huy nhé!{PAGE}",revised,
29AF24,"Even my trap didn't work...{PAGE}If... If I don't win soon, they'll get back{NL}all the land I went to the trouble of{PAGE}capturing.{PAGE}Augh!!! Just wait until next time!{PAGE}","Cả cái bẫy cũng vô dụng...{PAGE}Nếu chưa thắng sớm, chúng sẽ lấy{NL}lại hết đất ta vất vả{PAGE}chiếm được.{PAGE}Agh!!! Cứ đợi đến lần sau!{PAGE}",revised,
29AFC4,"Olaf's power causes it to snow.{PAGE}When it snows, you lose your{NL}effectiveness.{PAGE}Just try to group up as much{NL}as you can.{PAGE}Better luck next time.{PAGE}",Sức mạnh Olaf tạo tuyết.{PAGE}Trời tuyết làm quân bạn{NL}yếu đi.{PAGE}Hãy tập hợp quân càng{NL}đông càng tốt.{PAGE}Lần sau may mắn hơn.{PAGE},revised,
29B054,"What a terrible view! The surrounding{NL}area is almost completely hidden.{PAGE}This phenomenon is known{NL}as Fog of War.{PAGE}When it is present, units can only{NL}see a limited distance.{PAGE}Check each unit's vision range to{NL}ascertain the distance it can see.{PAGE}","Tầm nhìn tệ quá! Vùng xung{NL}quanh gần như bị che hết.{PAGE}Đó là hiện tượng{NL}sương mù chiến tranh.{PAGE}Khi có nó, quân chỉ thấy{NL}trong tầm nhìn hẹp.{PAGE}Xem tầm nhìn từng quân{NL}để biết nó thấy xa đến đâu.{PAGE}",revised,
29B148,"Look at this {UNIT}infantry{NORMAL} unit.{PAGE}See the bright squares around it?{PAGE}This is the unit's vision range{NL}when Fog of War is present.{PAGE}On this terrain, the unit's{NL}vision range is two.{PAGE}","Nhìn {UNIT}bộ binh{NORMAL} này.{PAGE}Thấy các ô sáng quanh nó chứ?{PAGE}Đó là tầm nhìn của quân{NL}khi có sương mù.{PAGE}Ở địa hình này, nó{NL}nhìn xa hai ô.{PAGE}",revised,
29B1F8,"The other lit areas are around your{NL}HQ, your cities, and other positions.{PAGE}They're lit to lead you to them.{PAGE}The areas around neutral cities or{NL}enemy positions aren't, though.{PAGE}They stay dark until you draw{NL}close to them.{PAGE}","Những nơi sáng khác nằm quanh{NL}sở chỉ huy, thành phố của bạn.{PAGE}Chúng sáng để chỉ đường bạn.{PAGE}Vùng quanh thành phố trung lập{NL}hay vị trí địch thì không.{PAGE}Chúng tối đến khi bạn{NL}lại gần mới hiện ra.{PAGE}",revised,
29B2D4,"See this city? It's dark, so you{NL}don't know what's there.{PAGE}Well, I guess you should{NL}try to {COMMAND}Capture{NORMAL} it.{PAGE}","Thấy thành phố này không? Nó tối,{NL}nên chưa biết bên trong có gì.{PAGE}Tôi nghĩ bạn nên{NL}thử {COMMAND}Chiếm{NORMAL} nó.{PAGE}",revised,
29B340,Select this {UNIT}infantry{NORMAL} unit.{PAGE},Chọn {UNIT}bộ binh{NORMAL} này.{PAGE},approved,
29B360,Don't {COMMAND}End{NORMAL} yet.{PAGE}Select the {UNIT}infantry{NORMAL} unit.{PAGE},Đừng {COMMAND}Kết thúc{NORMAL} vội.{PAGE}Chọn {UNIT}bộ binh{NORMAL} này.{PAGE},revised,
29B390,Move it over here.{PAGE},Đưa nó đến đây.{PAGE},approved,
29B3A4,"I was hoping you would {COMMAND}Capture{NORMAL} it,{NL}but whatever.{PAGE}We can move on.{PAGE}","Tôi mong bạn {COMMAND}Chiếm{NORMAL} nó,{NL}nhưng thôi.{PAGE}Ta tiếp tục được rồi.{PAGE}",approved,
29B3E8,"These cities looked the same{NL}when they were dark, didn't they?{PAGE}When checking a city's allegiance,{NL}I suggest approaching with caution.{PAGE}","Khi còn tối, hai thành phố{NL}trông giống nhau, đúng chứ?{PAGE}Muốn biết phố thuộc phe nào,{NL}hãy đến gần thật cẩn thận.{PAGE}",revised,
29B470,Would you select this{NL}{UNIT}mech{NORMAL} unit next?{PAGE},"Tiếp theo, bạn chọn{NL}{UNIT}cơ giới{NORMAL} này nhé?{PAGE}",revised,
29B49C,Select this {UNIT}mech{NORMAL} unit.{PAGE},Chọn {UNIT}quân cơ giới{NORMAL} này.{PAGE},approved,
29B4B8,Don't {COMMAND}End{NORMAL} yet.{PAGE}Select the {UNIT}mech{NORMAL} unit.{PAGE},Đừng {COMMAND}Kết thúc{NORMAL} vội.{PAGE}Chọn {UNIT}cơ giới{NORMAL} này.{PAGE},revised,
29B4E4,"{UNIT}Infantry{NORMAL} and {UNIT}mech{NORMAL} units have{NL}special abilities. That is...{PAGE}Well, maybe you should see{NL}for yourself.{PAGE}","{UNIT}Bộ binh{NORMAL} và {UNIT}cơ giới{NORMAL} có{NL}khả năng đặc biệt. Đó là...{PAGE}Thôi, bạn tự xem{NL}thì hơn.{PAGE}",revised,
29B550,Move it over here.{PAGE},Đưa nó đến đây.{PAGE},approved,
29B564,What do you think?{PAGE}The vision ranges of {UNIT}infantry{NORMAL} and{NL}{UNIT}mech{NORMAL} units increase in mountains.{PAGE},Bạn thấy sao?{PAGE}Tầm nhìn của {UNIT}bộ binh{NORMAL} và{NL}{UNIT}cơ giới{NORMAL} tăng khi đứng trên núi.{PAGE},revised,
29B5C0,"When you have a larger vision range,{NL}it's much easier to spot enemies.{PAGE}",Tầm nhìn rộng hơn thì{NL}dễ phát hiện địch hơn.{PAGE},approved,
29B608,"Oh, yes. Did you notice that this{NL}area here is still dark?{PAGE}That's because you can't see into{NL}woods unless you're adjacent to them.{PAGE}","À, bạn thấy vùng này{NL}vẫn tối không?{PAGE}Vì không thể nhìn vào{NL}rừng trừ khi đứng cạnh nó.{PAGE}",revised,
29B68C,You can see into this forest because{NL}your {UNIT}mech{NORMAL} unit is right next to it.{PAGE},Bạn thấy được rừng này vì{NL}{UNIT}cơ giới{NORMAL} đang đứng ngay cạnh.{PAGE},approved,
29B6D8,"By the way, reefs are the same. They{NL}remain dark until you're next to them.{PAGE}","Nhân tiện, bãi ngầm cũng vậy.{NL}Nó chỉ hiện khi bạn lại gần.{PAGE}",approved,
29B728,Let's go back a moment.{PAGE},Hãy lùi lại một chút.{PAGE},approved,
29B744,There could actually be something{NL}in this forest.{PAGE}Why don't you send{NL}a unit to scout it out?{PAGE},Trong khu rừng này có thể{NL}có thứ gì đó.{PAGE}Hãy cho một quân đến{NL}đó thăm dò nhé?{PAGE},revised,
29B7A4,"This is the perfect chance to use{NL}your new unit--the {UNIT}recon{NORMAL} unit.{PAGE}Select it, please.{PAGE}",Đây là cơ hội tuyệt vời để dùng{NL}quân mới: {UNIT}trinh sát{NORMAL}.{PAGE}Hãy chọn nó.{PAGE},approved,
29B7FC,This is your {UNIT}recon{NORMAL} unit.{PAGE}Select it.{PAGE},Đây là {UNIT}trinh sát{NORMAL}.{PAGE}Chọn nó đi.{PAGE},approved,
29B824,"I said, select the {UNIT}recon{NORMAL} unit!{PAGE}",Tôi nói chọn {UNIT}trinh sát{NORMAL} mà!{PAGE},approved,
29B848,"Let me explain what this unit can do.{PAGE}The {UNIT}recon{NORMAL} unit has a vision{NL}range of five squares!{PAGE}And unlike {UNIT}infantry{NORMAL} and {UNIT}mech{NORMAL} units,{NL}it can see anywhere!{PAGE}The one thing to be aware of is that{NL}it's not a very powerful unit.{PAGE}It can handle {UNIT}infantry{NORMAL}, but you{NL}should avoid engaging any other units.{PAGE}Let's send the {UNIT}recon{NORMAL} unit{NL}over to investigate that forest.{PAGE}","Để tôi nói khả năng của nó.{PAGE}{UNIT}Trinh sát{NORMAL} nhìn xa{NL}đến năm ô!{PAGE}Khác {UNIT}bộ binh{NORMAL} và {UNIT}cơ giới{NORMAL},{NL}nó có thể nhìn khắp nơi!{PAGE}Nhưng nhớ một điều:{NL}nó không mạnh lắm.{PAGE}Nó đánh được {UNIT}bộ binh{NORMAL}, nhưng{NL}nên tránh các quân khác.{PAGE}Hãy cho {UNIT}trinh sát{NORMAL}{NL}đến rừng kia thăm dò.{PAGE}",revised,
29B9AC,You can move here or here to{NL}check the forest.{PAGE}Move it to one of those spaces.{PAGE},Bạn có thể đến ô này hoặc ô này{NL}để xem rừng.{PAGE}Hãy đưa nó đến một trong hai ô.{PAGE},revised,
29B9FC,"There's a {UNIT}rocket{NORMAL} unit here!{PAGE}This is the danger of Fog of War.{PAGE}If you had tried to enter the forest,{NL}you'd have encountered an enemy...{PAGE}You would have been stuck,{NL}unable to do anything.{PAGE}Be extra careful when moving into{NL}areas that have cover.{PAGE}","Trong rừng có {UNIT}pháo tên lửa{NORMAL}!{PAGE}Đây là cái nguy của sương mù.{PAGE}Nếu bước vào rừng,{NL}sẽ chạm trán địch...{PAGE}Quân bạn sẽ bị kẹt lại,{NL}không làm gì được.{PAGE}Hãy cẩn thận khi đi vào{NL}nơi có chỗ ẩn nấp.{PAGE}",revised,
29BAF4,"Now, another thing on the subject{NL}of forests and reefs.{PAGE}This time, the enemy was using the{NL}terrain to conceal its troops, right?{PAGE}Well, you can do the same thing! Using{NL}the terrain to hide is a good strategy.{PAGE}Of course, you'll be spotted if the{NL}enemy moves next to you, but...{PAGE}Did you get all that?{PAGE}I told you before, if you need intel,{NL}use the cursor and the R Button.{PAGE}Press the R Button, then use the{NL}+ Control Pad to read the intel.{PAGE}This is the way to check out different{NL}terrains, including woods and reefs.{PAGE}","Còn điều nữa về{NL}rừng và bãi ngầm.{PAGE}Lần này địch dùng{NL}địa hình để giấu quân, đúng chứ?{PAGE}Bạn cũng làm được! Ẩn mình{NL}là chiến thuật hay.{PAGE}Nhưng địch lại gần thì{NL}bạn sẽ bị thấy...{PAGE}Bạn hiểu hết chưa?{PAGE}Tôi đã nói: cần tin tức thì{NL}đưa con trỏ đến và nhấn R.{PAGE}Nhấn R, rồi dùng{NL}phím + để đọc tin.{PAGE}Đây là cách xem các loại{NL}địa hình, kể cả rừng và bãi ngầm.{PAGE}",revised,
29BCF4,I'm going to leave the rest of this{NL}battle to you. Good luck!{PAGE},Tôi để bạn tự xử lý{NL}trận còn lại. Chúc may mắn!{PAGE},approved,
29BD34,"So, they've taken back most of the{NL}Orange Star territory...{PAGE}I'll concede this day,{NL}but the real battle is yet to come!{PAGE}","Vậy chúng đã lấy lại gần hết{NL}đất Orange Star...{PAGE}Hôm nay ta nhận thua,{NL}nhưng trận thật vẫn ở phía trước!{PAGE}",revised,
29BDAC,Well done!{PAGE}You've finally driven Olaf off!{PAGE},Giỏi lắm!{PAGE}Bạn đã đánh đuổi Olaf!{PAGE},revised,
29BDD8,"This will be the last thing I have{NL}to say...{PAGE}Thank you for listening to all{NL}of my advice up to now.{PAGE}However, I won't be able to join you{NL}after this.{PAGE}You'll have to lead on{NL}your own, {PLAYER}.{PAGE}Let me introduce you to your new{NL}partner, Andy.{PAGE}","Đây là điều cuối tôi muốn{NL}nói...{PAGE}Cảm ơn bạn đã nghe mọi{NL}lời khuyên của tôi.{PAGE}Nhưng sau trận này tôi{NL}không thể đi cùng bạn.{PAGE}Bạn phải tự chỉ huy,{NL}{PLAYER}.{PAGE}Để tôi giới thiệu bạn{NL}đồng đội mới: Andy.{PAGE}",approved,
29BEC4,Andy! Come here!{PAGE},Andy! Đến đây!{PAGE},approved,
29BED8,Nell! What is it?{PAGE},Nell! Chuyện gì?{PAGE},approved,
29BEEC,This is Advisor {PLAYER}.{PAGE}{PLAYER} will be giving you{NL}orders from now on. Say hello.{PAGE},Đây là cố vấn {PLAYER}.{PAGE}{PLAYER} sẽ chỉ huy bạn{NL}từ giờ. Chào bạn đi.{PAGE},revised,
29BF34,"Oh!{PAGE}Hello, {PLAYER}. So you're{NL}Orange Star's first advisor.{PAGE}Nice to meet you!{PAGE}",A!{PAGE}Chào {PLAYER}. Bạn là{NL}cố vấn đầu của Orange Star.{PAGE}Rất vui được gặp bạn!{PAGE},revised,
29BF7C,"Be prepared, Andy can be{NL}a bit of a wiseacre.{PAGE}","Chuẩn bị đi, Andy hơi{NL}tinh nghịch đấy.{PAGE}",revised,
29BFAC,"He's still young, but{NL}his abilities are top notch!{PAGE}I think he'll make a good{NL}partner for you, {PLAYER}.{PAGE}","Cậu ấy còn trẻ nhưng{NL}tài năng rất giỏi!{PAGE}Tôi nghĩ Andy sẽ là{NL}đồng đội tốt của bạn, {PLAYER}.{PAGE}",approved,
29C010,"Well, good luck!{PAGE}",Chúc may mắn!{PAGE},approved,
29C024,"Fog of War makes it very difficult{NL}to find your enemies.{PAGE}But the same goes for any enemy{NL}trying to find you.{PAGE}Moving from wood to wood, posting{NL}{UNIT}infantry{NORMAL} on mountain tops...{PAGE}These are things that will give you{NL}some advantage over your opponent.{PAGE}Better luck next time!{PAGE}","Sương mù khiến việc{NL}tìm địch khó hơn.{PAGE}Nhưng địch cũng khó{NL}tìm thấy bạn.{PAGE}Đi từ rừng này sang rừng khác,{NL}cho {UNIT}bộ binh{NORMAL} lên đỉnh núi...{PAGE}Đó là cách giúp bạn{NL}có lợi thế trước địch.{PAGE}Lần sau may mắn hơn!{PAGE}",revised,
29C134,"This is where I'll teach you some new{NL}commands and other useful tidbits.{PAGE}Some of it may overlap with other{NL}things I've taught you, though.{PAGE}So, if you'd like to skip this{NL}lesson, just reset the game.{PAGE}To reset, press START, SELECT,{NL}and the A and B Buttons at once.{PAGE}I'm going to begin now, OK?{PAGE}I'll explain a few things we haven't{NL}touched on yet.{PAGE}I hope you'll try them all out.{PAGE}","Ở đây tôi sẽ dạy bạn lệnh mới{NL}và vài mẹo hữu ích.{PAGE}Có điều trùng với những gì{NL}tôi đã dạy trước đó.{PAGE}Nếu muốn bỏ qua{NL}bài này, hãy khởi động lại game.{PAGE}Làm lại: nhấn START, SELECT,{NL}A và B cùng lúc.{PAGE}Giờ tôi bắt đầu nhé?{PAGE}Tôi sẽ nói vài điều ta chưa{NL}học đến.{PAGE}Mong bạn thử hết chúng.{PAGE}",revised,
29C2B0,"Have you ever known there were{NL}enemies nearby but still run{PAGE}into them? There's actually{NL}a way to get around that...{PAGE}I'll show you how to do it right now.{NL}You've selected a {UNIT}fighter{NORMAL}, right?{PAGE}",Bạn từng biết có địch{NL}ở gần mà vẫn{PAGE}va vào chúng chưa? Có{NL}một cách tránh...{PAGE}Tôi sẽ chỉ ngay.{NL}Bạn đã chọn {UNIT}máy bay chiến đấu{NORMAL} chứ?{PAGE},revised,
29C370,"When you want to move it over here,{NL}you just move the cursor in a straight{PAGE}line and press the A Button, right?{PAGE}","Muốn đi đến đây,{NL}bạn thường kéo trỏ theo đường{PAGE}thẳng rồi nhấn A, đúng không?{PAGE}",revised,
29C3E0,But right now there's an enemy here{NL}that you can't see.{PAGE},Nhưng lúc này ở đây có địch{NL}bạn chưa thấy.{PAGE},approved,
29C41C,"If you move in a straight line,{NL}you'll run into it.{PAGE}",Đi thẳng thì{NL}bạn sẽ đụng phải nó.{PAGE},approved,
29C454,But pay attention to the red line that{NL}appears when you move the cursor.{PAGE}It follows the cursor's path.{PAGE}Do you know what this means?{PAGE},Hãy để ý vạch đỏ{NL}hiện ra khi đi con trỏ.{PAGE}Nó đi theo đường con trỏ.{PAGE}Bạn biết nó nghĩa là gì không?{PAGE},revised,
29C4DC,This actually shows your unit's{NL}movement direction.{PAGE},Nó cho thấy hướng{NL}di chuyển của quân.{PAGE},approved,
29C514,"So, your unit follows this path{NL}when it moves.{PAGE}",Quân bạn sẽ theo vạch đỏ{NL}khi di chuyển.{PAGE},approved,
29C544,"If you move the line over{NL}this way, you'll be fine.{PAGE}","Nếu đưa vạch đỏ sang{NL}hướng này, bạn sẽ ổn.{PAGE}",revised,
29C57C,Just move the cursor like this!{PAGE},Hãy di con trỏ như thế này!{PAGE},revised,
29C5A0,Try it out yourself.{PAGE},Bạn thử xem.{PAGE},revised,
29C5B8,Move it over here.{PAGE},Đưa nó đến đây.{PAGE},revised,
29C5CC,"No, I wanted you to move it{NL}over here.{PAGE}","Không, hãy đưa nó{NL}đến chỗ này.{PAGE}",approved,
29C5F4,"That's it!{PAGE}This is very handy in Fog of War{NL}situations, so keep it in mind.{PAGE}","Đúng rồi!{PAGE}Cách này rất hữu ích khi có{NL}Sương Mù, hãy ghi nhớ.{PAGE}",revised,
29C644,"Uh-oh! You encountered an enemy...{PAGE}When a unit runs into an enemy,{NL}its turn automatically ends.{PAGE}This, of course, can{NL}be very dangerous.{PAGE}When you know an enemy is hiding{NL}nearby, avoid him with this technique.{PAGE}","Ôi! Bạn gặp quân địch...{PAGE}Khi một đơn vị chạm mặt địch,{NL}lượt của nó tự động kết thúc.{PAGE}Điều này{NL}rất nguy hiểm.{PAGE}Nếu biết địch đang ẩn gần đó,{NL}hãy dùng cách này để tránh chúng.{PAGE}",revised,
29C718,"There's one more thing I want{NL}you to watch out for.{PAGE}It's about the special rules of{NL}engagement in Fog of War situations.{PAGE}Have you ever chosen to cancel your{NL}move instead of choosing {COMMAND}Wait{NORMAL}?{PAGE}If you do that a lot, be careful.{PAGE}In Fog of War situations, you still{NL}use fuel when you cancel a move.{PAGE}If you do it too many times,{NL}you could run out of fuel.{PAGE}That's it for now.{PAGE}Come back again for more help!{PAGE}","Còn một điều{NL}bạn cần chú ý.{PAGE}Đó là quy tắc giao chiến đặc biệt{NL}khi có Sương Mù.{PAGE}Bạn từng hủy bước đi thay vì chọn{NL}{COMMAND}Chờ{NORMAL} chưa?{PAGE}Nếu hay làm vậy, hãy cẩn thận.{PAGE}Trong Sương Mù, hủy bước đi{NL}vẫn tốn nhiên liệu.{PAGE}Hủy nhiều lần có thể khiến bạn{NL}cạn nhiên liệu.{PAGE}Hôm nay thế thôi.{PAGE}Hãy trở lại nếu cần tôi giúp!{PAGE}",revised,
29C8A8,"This map is not part of your regular{NL}training, so you can't use the{COMMAND}Yield{NORMAL}{PAGE}command. Sorry.{PAGE}",Bản đồ này không thuộc chương trình{NL}luyện tập; không thể dùng {COMMAND}Đầu Hàng{NORMAL}{PAGE}. Xin lỗi.{PAGE},revised,
29C904,"On this menu, I've already told{NL}you about {COMMAND}End{NORMAL} and {COMMAND}Save{NORMAL}, right?{PAGE}Let me tell you about the rest.{PAGE}Choose any one you like.{PAGE}","Ở menu này, tôi đã nói về{NL}{COMMAND}Kết thúc{NORMAL} và {COMMAND}Lưu{NORMAL}, phải không?{PAGE}Giờ là các mức còn lại.{PAGE}Bạn chọn mục nào cũng được.{PAGE}",revised,
29C984,"Oh, unit data?{PAGE}This gives you detailed information{NL}about all of your units in the field.{PAGE}But I've already told you that,{NL}haven't I?{PAGE}You can change what information{NL}you see by moving the cursor.{PAGE}Oh! One more thing...{PAGE}Have you ever wanted information{NL}about the terrain the unit is on?{PAGE}Just press the R Button once more{NL}to view it! Try it yourself.{PAGE}","Dữ liệu đơn vị à?{PAGE}Nó cho bạn thông tin chi tiết{NL}về mọi đơn vị trên chiến trường.{PAGE}Nhưng tôi đã nói rồi,{NL}phải không?{PAGE}Di con trỏ để đổi thông tin{NL}đang xem.{PAGE}À, còn một điều nữa...{PAGE}Bạn muốn xem địa hình mà{NL}đơn vị đang đứng trên đó?{PAGE}Nhấn nút R thêm lần nữa để xem!{NL}Thử đi nào.{PAGE}",revised,
29CAE0,"The L Button, huh?{PAGE}The L Button moves the cursor to{NL}units you haven't moved yet.{PAGE}The Field Training maps have been{NL}small, so you haven't really needed it.{PAGE}Of course, the War Room and{NL}Capaign maps can be much larger...{PAGE}You'll probably want to spread{NL}your units out all over the map.{PAGE}That's when it's quicker to use the{NL}L Button than to move the cursor.{PAGE}Give it a try!{PAGE}","Nút L à?{PAGE}Nút L đưa con trỏ đến các đơn vị{NL}chưa di chuyển.{PAGE}Bản đồ tập luyện nhỏ nên bạn{NL}chưa cần đến nó.{PAGE}Nhưng bản đồ Phòng Chiến và{NL}Chiến Dịch có thể rộng hơn nhiều.{PAGE}Khi quân rải{NL}khắp bản đồ,{PAGE}nút L sẽ nhanh hơn{NL}đi con trỏ.{PAGE}Bạn thử xem!{PAGE}",revised,
29CC50,"Terrain data...{PAGE}This is where you get detailed{NL}information about the terrain.{PAGE}You can check things like terrain{NL}cover and city income.{PAGE}Movement Cost shows a unit's{NL}movement over the selected terrain.{PAGE}It's easiest to view when it's{NL}combined with unit data.{PAGE}Oh, I almost forgot!{PAGE}You can switch between terrain{NL}details and movement cost easily...{PAGE}Just press up and down{NL}on the + Control Pad.{PAGE}","Dữ liệu địa hình...{PAGE}Ở đây có thông tin chi tiết{NL}về từng loại địa hình.{PAGE}Bạn xem được độ che chắn và{NL}thu nhập từ thành phố.{PAGE}Chi phí di chuyển cho biết đơn vị{NL}đi qua địa hình tốn bao nhiêu.{PAGE}Xem cùng dữ liệu đơn vị{NL}sẽ dễ hiểu hơn.{PAGE}À, tôi quên mất!{PAGE}Bạn có thể đổi qua lại giữa{NL}chi tiết và chi phí di chuyển.{PAGE}Chỉ cần nhấn lên xuống{NL}trên phím điều hướng.{PAGE}",revised,
29CDD8,The {COMMAND}Unit{NORMAL} command shows you{NL}a list of all your units.{PAGE}Press up and down on the{NL}+ Control Pad to choose a unit.{PAGE}Press the A Button to move the{NL}cursor to that unit's position.{PAGE}But that's not all!{PAGE}You can also use the {COMMAND}Unit{NORMAL}{NL}command to change unit order.{PAGE},Lệnh {COMMAND}Đơn vị{NORMAL} liệt kê tất cả{NL}quân của bạn.{PAGE}Nhấn lên xuống trên phím điều hướng{NL}để chọn một đơn vị.{PAGE}Nhấn A để đưa con trỏ đến{NL}vị trí của đơn vị đó.{PAGE}Chưa hết đâu!{PAGE}Lệnh {COMMAND}Đơn vị{NORMAL} còn cho phép{NL}đổi thứ tự trong danh sách.{PAGE},revised,
29CED8,"Look at this...{PAGE}Do you see Type, HP, Gas, and{NL}Rds (Rounds) all lined up here?{PAGE}","Nhìn này...{PAGE}Bạn thấy Loại, HP, Xăng và{NL}Đạn xếp thành hàng không?{PAGE}",approved,
29CF28,"Right now, the cursor is on Type.{PAGE}You can press left and right on the{NL}+ Control Pad to choose a menu!{PAGE}Try it out.{PAGE}",Con trỏ đang ở mục Loại.{PAGE}Nhấn trái phải trên phím điều hướng{NL}để chọn mục khác!{PAGE}Thử xem.{PAGE},revised,
29CF9C,Now let me explain {COMMAND}Status{NORMAL}.{PAGE}Choose {COMMAND}Status{NORMAL} from the{NL}map menu.{PAGE},Giờ tôi nói về {COMMAND}Trạng thái{NORMAL}.{PAGE}Chọn {COMMAND}Trạng thái{NORMAL} từ menu{NL}bản đồ.{PAGE},revised,
29CFE0,You want to hear about {COMMAND}Units{NORMAL} again?{NL}{16},Bạn muốn nghe lại về {COMMAND}Đơn vị{NORMAL}?{NL}{16},approved,
29D008,Then choose another menu.{PAGE},Vậy chọn mục khác.{PAGE},approved,
29D024,Did you forget about {COMMAND}Status{NORMAL} already?{NL}{16},Bạn quên mục {COMMAND}Trạng thái{NORMAL} rồi à?{NL}{16},revised,
29D050,Then choose another menu.{PAGE},Vậy chọn mục khác.{PAGE},approved,
29D06C,"OK, the {COMMAND}Status{NORMAL} menu.{PAGE}As you can see, it's broken into{NL}three separate menus.{PAGE}","Được, menu {COMMAND}Trạng thái{NORMAL}.{PAGE}Như bạn thấy, nó có{NL}ba mục riêng.{PAGE}",revised,
29D0BC,"These are the {COMMAND}Battle{NORMAL}, {COMMAND}Production{NORMAL},{NL}and {COMMAND}CO{NORMAL} menus. Press left and right{PAGE}on the + Control Pad to choose one.{PAGE}","Đó là {COMMAND}Chiến đấu{NORMAL}, {COMMAND}Sản xuất{NORMAL}{NL}và {COMMAND}CO{NORMAL}. Nhấn trái phải{PAGE}trên phím điều hướng để chọn.{PAGE}",revised,
29D12C,The {COMMAND}Battle Status{NORMAL} menu shows you{NL}what strengths the different armies{PAGE}are at.{PAGE},Mục {COMMAND}Tình hình trận đấu{NORMAL} cho biết{NL}sức mạnh của các đạo quân.{PAGE}Bạn có thể xem tại đây.{PAGE},revised,
29D17C,Like us--the Orange Star army.{PAGE},Ví dụ quân Orange Star của ta.{PAGE},approved,
29D19C,A capture rate of 77% means we've{NL}captured 77% of the cities we{PAGE}could possibly capture.{PAGE},Tỷ lệ chiếm 77% nghĩa là ta đã{NL}chiếm 77% số thành phố{PAGE}có thể chiếm được.{PAGE},approved,
29D1F8,Income shows how much money we get{NL}each day from the cities we captured.{PAGE},Thu nhập là tiền ta nhận mỗi ngày{NL}từ các thành phố đã chiếm.{PAGE},revised,
29D244,Funds indicates how much money{NL}you have right now.{PAGE},Ngân quỹ là số tiền bạn{NL}đang có.{PAGE},revised,
29D278,This is the status of your{NL}Orange Star army.{PAGE},Đây là tình hình quân{NL}Orange Star của bạn.{PAGE},revised,
29D2A8,"But you don't know about the{NL}Blue Moon army, do you?{PAGE}The Fog of War prevents you from{NL}seeing what the enemy is doing.{PAGE}","Nhưng bạn không biết tình hình{NL}quân Blue Moon, đúng không?{PAGE}Sương Mù che khuất hoạt động{NL}của quân địch.{PAGE}",approved,
29D320,"Now, on to {COMMAND}Remaining Units{NORMAL}.{PAGE}This shows how many units you have{NL}how many you've lost.{PAGE}If you have more than four unit types,{NL}use the + Control Pad to view them.{PAGE}","Giờ đến {COMMAND}Quân còn lại{NORMAL}.{PAGE}Nó cho biết bạn có bao nhiêu quân{NL}và đã mất bao nhiêu.{PAGE}Nếu có hơn bốn loại quân,{NL}dùng phím điều hướng để xem.{PAGE}",revised,
29D3C4,Last is {COMMAND}CO{NORMAL}.{PAGE}You can read CO profiles and learn{NL}about their powers here.{PAGE}Use the + Control Pad to scroll up{NL}and down through the information.{PAGE},Cuối cùng là {COMMAND}CO{NORMAL}.{PAGE}Ở đây bạn xem hồ sơ và{NL}năng lực của các CO.{PAGE}Dùng phím điều hướng để cuộn{NL}thông tin lên xuống.{PAGE},approved,
29D454,That's all there is to say about that.{PAGE}Choose another menu.{PAGE},Tôi chỉ cần nói thế thôi.{PAGE}Hãy chọn mục khác.{PAGE},approved,
29D494,You need {COMMAND}Options{NORMAL} explained again?{NL}{16},Cần tôi giải thích lại {COMMAND}Tùy chọn{NORMAL}?{NL}{16},revised,
29D4BC,"In that case, try something else.{PAGE}",Vậy hãy thử mục khác.{PAGE},revised,
29D4E0,"In the {COMMAND}Options{NORMAL} Menu, you can{NL}listen to background music or Yield.{PAGE}You can also Exit the map.{PAGE}This menu changes depending on{NL}the mode you're playing.{PAGE}In Field Training, you only see the{NL}three options I just mentioned.{PAGE}But in Campaigns, you can also turn{NL}the animation on or off here.{PAGE}Oh, and let me explain about {COMMAND}Yielding{NORMAL}.{PAGE}If you're stuck in a situation where{NL}you can't win, choose this command.{PAGE}You can also reset, but if you {COMMAND}Yield{NORMAL},{NL}I'll give you a little hint to help you.{PAGE}But that's only in Campaigns{NL}and in Field Training.{PAGE}That's it, so why don't you choose{NL}something else?{PAGE}","Trong menu {COMMAND}Tùy chọn{NORMAL}, bạn có thể{NL}nghe nhạc nền hoặc Đầu Hàng.{PAGE}Bạn cũng có thể thoát bản đồ.{PAGE}Menu này thay đổi tùy theo{NL}chế độ bạn đang chơi.{PAGE}Trong Tập Luyện, chỉ có ba{NL}lựa chọn tôi vừa kể.{PAGE}Nhưng trong Chiến Dịch, bạn còn{NL}bật tắt hoạt cảnh tại đây.{PAGE}À, tôi nói thêm về {COMMAND}Đầu Hàng{NORMAL}.{PAGE}Nếu mắc kẹt và không thể thắng,{NL}hãy chọn lệnh này.{PAGE}Có thể làm lại. Nếu {COMMAND}Đầu Hàng{NORMAL},{NL}tôi sẽ cho bạn một gợi ý.{PAGE}Chỉ trong Chiến Dịch{NL}và Tập Luyện thôi.{PAGE}Vậy chọn{NL}mục khác nhé?{PAGE}",revised,
29D728,"Ah, yes, the deployment menu.{PAGE}Your bases are where all of your{NL}land units have been deployed.{PAGE}The number next to each unit is the{NL}cost of deploying that unit.{PAGE}If it costs less than your total funds,{NL}you can deploy the unit.{PAGE}Also, because there are so many land{NL}units, they might not fit on one page.{PAGE}Use the + Control Pad to scroll to{NL}the very bottom of the page.{PAGE}That's right. You can use the units{NL}one day after you deploy them.{PAGE}Just remember that the units wait{NL}the first day you deploy them.{PAGE}You'll probably wonder what units{NL}you should produce first. Which one{PAGE}was the easiest to use in your{PAGE}Field Training? Focus on those{NL}first, then slowly deploy others.{PAGE}","A, menu triển khai quân.{PAGE}Căn cứ là nơi bạn đưa quân bộ{NL}vào chiến trường.{PAGE}Số bên cạnh mỗi đơn vị là{NL}chi phí sản xuất đơn vị đó.{PAGE}Nếu đủ tiền, bạn có thể{NL}sản xuất đơn vị.{PAGE}Vì có nhiều loại quân bộ,{NL}danh sách có thể nhiều trang.{PAGE}Dùng phím điều hướng cuộn{NL}xuống cuối trang.{PAGE}Đúng rồi. Bạn chỉ có thể dùng{NL}quân từ ngày sau khi sản xuất.{PAGE}Hãy nhớ: ngày đầu quân mới{NL}phải đứng chờ.{PAGE}Bạn phân vân nên tạo quân gì{NL}trước tiên? Hãy nhớ loại bạn dùng{PAGE}dễ nhất trong Tập Luyện.{PAGE}Hãy ưu tiên loại đó, rồi dần dần{NL}thử các loại quân khác.{PAGE}",revised,
29D9C0,Oh?{PAGE}You want to hear the deployment{PAGE}explanation again?{NL}{17},A?{PAGE}Bạn muốn nghe lại cách{PAGE}triển khai quân?{NL}{17},approved,
29D9FC,Oh. Then choose something{NL}else.{PAGE},A. Vậy chọn{NL}mục khác.{PAGE},approved,
29DA20,"OK--airport deployment...{PAGE}Airports are where you'll deploy{NL}your air units from.{PAGE}The number next to the unit is how{NL}much it costs to deploy the unit.{PAGE}If it is less than your total funds,{NL}you can deploy the unit.{PAGE}Use the + Control Pad to select a{NL}unit.{PAGE}You can't use them on the same day{NL}you deploy them, though.{PAGE}","Được, triển khai quân ở sân bay...{PAGE}Sân bay là nơi tạo quân{NL}không quân.{PAGE}Số bên cạnh là chi phí{NL}tạo đơn vị đó.{PAGE}Nếu đủ tiền, bạn có thể{NL}sản xuất đơn vị.{PAGE}Dùng phím điều hướng để{NL}chọn đơn vị.{PAGE}Nhưng ngày sản xuất, đơn vị{NL}chưa thể hành động.{PAGE}",revised,
29DB58,Do you want to hear about airports?{NL}{17},Bạn muốn nghe về sân bay?{NL}{17},approved,
29DB80,Come back anytime you want{NL}to hear an explanation again!{PAGE},Cứ trở lại bất cứ lúc nào{NL}bạn cần nghe giải thích!{PAGE},revised,
29DBBC,"Oh, port deployment...{PAGE}Ports are where you'll deploy{NL}your sea units from.{PAGE}The number next to the unit is how{NL}much it costs to deploy the unit.{PAGE}If it is less than your total funds,{NL}you can deploy the unit.{PAGE}Use the + Control Pad to select a{NL}unit.{PAGE}You can't use them on the same day{NL}you deploy them, though.{PAGE}","À, triển khai quân ở cảng...{PAGE}Cảng là nơi tạo{NL}hải quân.{PAGE}Số bên cạnh là chi phí{NL}tạo đơn vị đó.{PAGE}Nếu đủ tiền, bạn có thể{NL}sản xuất đơn vị.{PAGE}Dùng phím điều hướng để{NL}chọn đơn vị.{PAGE}Ngày sản xuất, đơn vị{NL}chưa thể hành động.{PAGE}",revised,
29DCF0,You want to hear about ports again?{NL}{17},Bạn muốn nghe lại về cảng?{NL}{17},approved,
29DD18,Oh. Just ask me anytime you{NL}want to hear it.{PAGE},"À, cứ hỏi tôi khi nào{NL}bạn muốn nghe lại.{PAGE}",revised,
29DD48,"If you {COMMAND}End{NORMAL}, then your extra{NL}lessons will end.{PAGE}Is that OK?{NL}{16}","Nếu chọn {COMMAND}Kết thúc{NORMAL}, buổi học{NL}bổ sung sẽ dừng.{PAGE}Được không?{NL}{16}",revised,
29DD88,Thanks for listening!{PAGE}I hope I'll see you again soon.{PAGE},Cảm ơn bạn đã lắng nghe!{PAGE}Hẹn gặp lại nhé.{PAGE},revised,
2BC274,{PLAYER}! Andy!{NL}Do you read me?{PAGE},{PLAYER}! Andy!{NL}Nghe rõ không?{PAGE},approved,
2BC290,Nell? Is that you?{NL}Is this a transceiver?{PAGE},Nell? Là chị à?{NL}Đây là máy liên lạc sao?{PAGE},revised,
2BC2BC,"That's right, Andy. I'll be using it to{NL}contact you from here on out.{PAGE}As this is your first real command,{NL}I wanted to check up on you.{PAGE}","Đúng rồi, Andy. Từ nay chị sẽ liên{NL}lạc với em qua máy này.{PAGE}Đây là lần đầu em chỉ huy thật,{NL}nên chị muốn kiểm tra một chút.{PAGE}",revised,
2BC344,No worries here! This is{NL}going to be easy!{PAGE},Cứ yên tâm! Chuyện này{NL}dễ thôi mà!{PAGE},revised,
2BC370,"Oh, Andy! You're nothing if{NL}not enthusiastic.{PAGE}Let me give you a few{NL}words of advice.{PAGE}First, let's talk about your{NL}CO Power.{PAGE}",Andy ơi! Em lúc nào cũng{NL}nhiệt tình cả.{PAGE}Để chị dặn em vài{NL}điều cần biết.{PAGE}Trước tiên là Sức mạnh CO{NL}của em.{PAGE},revised,
2BC3F0,"You can use your CO Power{NL}when the Power Meter is full.{PAGE}The meter fills up gradually over{NL}the course of battle.{PAGE}Once it's full, you...well, I'll{NL}cover that when the time comes.{PAGE}Oh, I also have to tell you about the{NL}Terms of Victory. The Terms of{PAGE}Victory explain what you need to{NL}accomplish to fulfill a mission.{PAGE}Do you see Intel on the Map Menu?{NL}Select it and you'll see three new{PAGE}menu items: {COMMAND}Terms{NORMAL}, {COMMAND}Status{NORMAL}, and {COMMAND}CO{NORMAL}.{NL}If you select {COMMAND}Terms{NORMAL}, I'll explain what{PAGE}you must do to win on that map.{NL}You should also take a look at the{PAGE}other two items when you have the{NL}time. There's a lot of useful intel{PAGE}in there.{PAGE}","Em có thể dùng Sức mạnh CO{NL}khi thanh năng lượng đầy.{PAGE}Thanh này dần đầy lên{NL}trong lúc giao tranh.{PAGE}Khi nó đầy, em sẽ... thôi,{NL}đến lúc đó chị sẽ nói.{PAGE}Chị còn phải nói về{NL}Điều Kiện Chiến Thắng.{PAGE}Nó cho biết em cần làm gì{NL}để hoàn thành nhiệm vụ.{PAGE}Thấy mục Tin Tức trên menu bản đồ{NL}không? Chọn nó, em sẽ thấy{PAGE}ba mục: {COMMAND}Điều kiện{NORMAL}, {COMMAND}Trạng thái{NORMAL} và {COMMAND}CO{NORMAL}.{NL}Chọn {COMMAND}Điều kiện{NORMAL}, chị sẽ nói{PAGE}em cần làm gì để thắng.{NL}Khi rảnh, nhớ xem hai mục{PAGE}còn lại. Có nhiều thông tin{NL}rất hữu ích.{PAGE}Nhớ xem nhé.{PAGE}",revised,
2BC654,"OK, Andy. You listen to{NL}{PLAYER} and do your best!{PAGE}Good luck, {PLAYER}!{NL}Take care of Andy!{PAGE}","Andy, nghe lời{NL}{PLAYER} và cố gắng!{PAGE}Chúc may mắn, {PLAYER}!{NL}Nhớ lo cho Andy!{PAGE}",approved,
2BC6A4,{PLAYER}! Andy!{NL}Do you copy?{PAGE},{PLAYER}! Andy!{NL}Nghe rõ?{PAGE},approved,
2BC6BC,Nell?{NL}What is it?{PAGE},Nell?{NL}Sao ạ?{PAGE},approved,
2BC6D0,"Your Power Meter is full!{PAGE}Andy's CO Power lets you{NL}repair all damaged units, right?{PAGE}Do you know when it's best to{NL}use it?{PAGE}","Thanh năng lượng đã đầy!{PAGE}Sức mạnh CO của Andy sửa{NL}mọi đơn vị bị thương, đúng không?{PAGE}Em biết lúc nào nên{NL}dùng nó chưa?{PAGE}",revised,
2BC760,"Well, I guess I'll have to tell you.{PAGE}","Thôi, để chị nói cho.{PAGE}",revised,
2BC788,"Since you're able to repair all of your{NL}units, you should use your Power{PAGE}when you have damaged units.{NL}Oh, and one more thing.{PAGE}","Vì em có thể sửa toàn bộ quân,{NL}hãy dùng sức mạnh này khi{PAGE}có đơn vị bị thương.{NL}Còn một điều nữa.{PAGE}",revised,
2BC808,"When you use your Power, all{NL}of your units will be a little stronger{PAGE}for that turn. Don't forget what{NL}I just told you, OK?{PAGE}","Khi dùng sức mạnh CO, mỗi{NL}đơn vị của em sẽ mạnh hơn một chút{PAGE}trong lượt đó. Nhớ lời chị{NL}vừa nói đấy nhé?{PAGE}",revised,
2BC884,Is that clear?{PAGE},Rõ chưa?{PAGE},approved,
2BC894,Not really. But that's OK. I'll{NL}just let {PLAYER} decide.{PAGE},"Chưa hẳn. Nhưng không sao,{NL}để {PLAYER} quyết định.{PAGE}",approved,
2BC8C8,"Oh, well... I guess that'll{NL}have to do.{PAGE}{PLAYER}, you're in command.{NL}Good luck!{PAGE}","À... vậy{NL}cũng được.{PAGE}{PLAYER}, bạn chỉ huy nhé.{NL}Chúc may mắn!{PAGE}",revised,
2BC914,I lost again!{PAGE}Who in the world are you?{PAGE},Ta lại thua!{PAGE}Rốt cuộc các ngươi là ai?{PAGE},revised,
2BC940,"My name's Andy! I'm the CO.{PAGE}This is my advisor,{NL}{PLAYER}.{PAGE}","Tôi là Andy, một CO!{PAGE}Đây là cố vấn của tôi,{NL}{PLAYER}.{PAGE}",revised,
2BC974,Advisor?{PAGE}We needed no advisors when I was{NL}in the Orange Star Army!{PAGE}Hrumph! Be that as it may.{NL}{PLAYER}! Andy!{PAGE}It takes a lot to best me. I'll remember{NL}your names. Mark my word!{PAGE},Cố vấn ư?{PAGE}Hồi ta ở quân Orange Star{NL}làm gì có cố vấn!{PAGE}Hmph! Dù sao thì...{NL}{PLAYER}! Andy!{PAGE}Hạ được ta không dễ đâu. Ta sẽ nhớ{NL}tên hai người! Nhớ lấy lời ta!{PAGE},revised,
2BCA20,"Hey, grandpa. Who are you?{PAGE}","Này ông, ông là ai vậy?{PAGE}",revised,
2BCA3C,"Who am I, you ask?{PAGE}Throughout Orange Star I{NL}was known as...{PAGE}","Hỏi ta là ai à?{PAGE}Khắp Orange Star, ta{NL}được biết đến là...{PAGE}",revised,
2BCA7C,Nell's papa?{PAGE},Bố Nell?{PAGE},revised,
2BCA8C,"That's right, Nell's... What? No!{PAGE}That's what I get for being nice{NL}to children! No respect!{PAGE}Grrr... You just watch yourself,{NL}little boy!{PAGE}","Đúng, bố Nell... Cái gì? Không!{PAGE}Đúng là tử tế với trẻ con chỉ{NL}được thế này! Vô lễ quá!{PAGE}Grrr... Coi chừng đấy,{NL}nhóc con!{PAGE}",revised,
2BCB18,"Olaf's Power isn't fair, is it?{PAGE}It's almost impossible to move{NL}when it starts snowing.{PAGE}I suggest moving in groups{NL}in the snow.{PAGE}Keep up the good work!{PAGE}",Sức mạnh của Olaf quá đáng nhỉ?{PAGE}Tuyết rơi là gần như{NL}không di chuyển nổi.{PAGE}Chị khuyên em đi thành nhóm{NL}khi trời có tuyết.{PAGE}Cứ cố gắng lên!{PAGE},revised,
2BCBB0,{PLAYER}! Andy!{PAGE}Can you hear me?{PAGE},{PLAYER}! Andy!{PAGE}Nghe rõ?{PAGE},approved,
2BCBCC,"What's up, Nell?{PAGE}","Sao thế, Nell?{PAGE}",approved,
2BCBE0,"You've been given the authority to{NL}use bases to deploy new units{PAGE}onto the field. {PLAYER}{NL}hasn't received instruction on{PAGE}how to do this, but you're up to{NL}speed, right, Andy?{PAGE}","Hai em đã được phép dùng{NL}căn cứ để sản xuất quân mới{PAGE}trên chiến trường. {PLAYER}{NL}chưa được học cách này,{PAGE}nhưng em biết rồi, đúng không,{NL}Andy?{PAGE}",revised,
2BCC98,"Oh, my. Well, let's go through it again.{PAGE}","Ôi trời. Thôi, ta học lại vậy.{PAGE}",approved,
2BCCC4,"First, place the cursor on a base and{NL}press the A Button.{PAGE}A list of units will then be displayed.{NL}Use the + Control Pad to scroll{PAGE}through the list, and press the{NL}A Button to select the unit you want{PAGE}to deploy. Units that you can't afford{NL}will appear in gray. Don't forget that.{PAGE}Each day, you'll receive funds from{NL}all of the bases you hold. You'll{PAGE}have to make do with that amount.{NL}Remember, you can't deploy new units{PAGE}and move them on the same turn.{NL}Hope you got all of that. Good luck!{PAGE}","Trước tiên, đưa con trỏ vào căn cứ{NL}rồi nhấn A.{PAGE}Danh sách đơn vị sẽ hiện ra.{NL}Dùng phím điều hướng để cuộn{PAGE}danh sách, nhấn A để chọn{NL}đơn vị muốn sản xuất.{PAGE}Quân không đủ tiền mua sẽ{NL}hiện màu xám. Hãy nhớ đấy.{PAGE}Mỗi ngày, em nhận tiền từ{NL}các căn cứ đang nắm giữ.{PAGE}Phải dùng số tiền đó cho hợp lý.{NL}Quân mới sản xuất không thể{PAGE}di chuyển cùng lượt.{NL}Mong hai em hiểu. Chúc may mắn!{PAGE}",revised,
2BCEB0,{PLAYER}! Andy!{PAGE}Pick up now!{PAGE},{PLAYER}! Andy!{PAGE}Trả lời!{PAGE},approved,
2BCEC8,{PLAYER}! Andy!{PAGE}Are you there?{PAGE},{PLAYER}! Andy!{PAGE}Có đó không?{PAGE},revised,
2BCEE4,"Yeah, Nell. We're here.{NL}What's going on?{PAGE}","Vâng, Nell. Bọn em đây.{NL}Có chuyện gì à?{PAGE}",revised,
2BCF10,"We've learned that Grit is{NL}the opposing CO!{PAGE}Grit is an indirect-fire expert whose{NL}attack range is larger than normal.{PAGE}Plus, his range gets even bigger{NL}when he uses his CO Power!{PAGE}Make sure you check Grit's attack{NL}range throughout the battle.{PAGE}","Ta vừa biết CO bên kia{NL}là Grit!{PAGE}Grit rất giỏi bắn gián tiếp,{NL}tầm bắn xa hơn bình thường.{PAGE}Khi dùng Sức mạnh CO, tầm bắn{NL}của anh ta còn xa hơn nữa!{PAGE}Trong trận đấu, hãy luôn kiểm tra{NL}tầm bắn của Grit.{PAGE}",revised,
2BD004,"Understood. Hey, Nell...{PAGE}How do you know so much{NL}about this guy?{PAGE}",Rõ rồi. Mà Nell này...{PAGE}Sao chị biết nhiều về{NL}anh ta vậy?{PAGE},revised,
2BD048,"Well...we used to be...friends.{PAGE}Um,  that's all I had to tell you.{NL}Nell out.{PAGE}",Uhm... trước kia chúng tôi... là bạn.{PAGE}Chị chỉ cần nói vậy thôi.{NL}Nell ngắt máy.{PAGE},revised,
2BD098,Huh? Nell was sure in a hurry.{NL}I wonder what was wrong?{PAGE},Hả? Nell vội quá nhỉ.{NL}Không biết có chuyện gì?{PAGE},revised,
2BD0D4,"Possum spit! This area wasn't{NL}Blue Moon's to begin with.{PAGE}Blue Moon is just plain greedy.{NL}That's what it is.{PAGE}Fightin' for these folks just{NL}don't sit well with me.{PAGE}Well, I guess I'll just mosey on out{NL}and see what happens.{PAGE}","Quái lạ! Vùng này vốn đâu phải{NL}của Blue Moon.{PAGE}Blue Moon tham lam quá mức.{NL}Chỉ có thế thôi.{PAGE}Đánh cho đám người này{NL}ta chẳng thấy vui chút nào.{PAGE}Thôi, cứ ra ngoài xem{NL}chuyện gì xảy ra vậy.{PAGE}",revised,
2BD1B4,"Hey there, Junior!{PAGE}And what was your partner's name{NL}again? {PLAYER}?{PAGE}",Chào nhóc!{PAGE}Bạn đồng hành của cậu tên gì{NL}nhỉ? {PLAYER} phải không?{PAGE},revised,
2BD1F4,Stop calling me Junior!{PAGE}I have a name! It's Andy!{PAGE},Đừng gọi tôi là nhóc!{PAGE}Tôi có tên! Là Andy!{PAGE},revised,
2BD228,"Well now! That's the spirit!{PAGE}Y'all are new to the Orange{NL}Star Army, right?{PAGE}","A, đúng là có khí thế!{PAGE}Hai cậu mới vào quân{NL}Orange Star, đúng không?{PAGE}",revised,
2BD274,"Yeah, so?{PAGE}Hey! How'd you know that?{PAGE}",Thì sao?{PAGE}Này! Sao anh biết?{PAGE},revised,
2BD29C,"Well now, that's 'cause I'm Grit!{PAGE}I was beholden to Orange Star not{NL}too long ago, myself.{PAGE}So, I'm pretty familiar with most{NL}of the military types.{PAGE}Well, y'all beat me this time.{PAGE}Who knows, maybe we'll see each other{NL}on the flip side. So long, {PLAYER}!{PAGE}You too, Junior!{PAGE}","Vì ta là Grit mà!{PAGE}Trước đây ta từng phục vụ{NL}Orange Star.{PAGE}Nên ta biết khá rõ{NL}các quân nhân ở đó.{PAGE}Lần này các cậu thắng ta.{PAGE}Biết đâu ta sẽ gặp lại ở phe kia.{NL}Tạm biệt, {PLAYER}!{PAGE}Cả cậu nữa, nhóc!{PAGE}",revised,
2BD3AC,"Grit's indirect fire abilities increase{NL}when he uses his CO Power.{PAGE}So, you should try and take out his{NL}indirect combat units before his Power{PAGE}Meter fills up. His direct combat units{NL}aren't very strong, so you shouldn't{PAGE}worry about them too much.{NL}Good luck on the next battle!{PAGE}","Sức mạnh CO của Grit tăng{NL}tầm bắn gián tiếp của anh ta.{PAGE}Hãy diệt quân bắn gián tiếp{NL}trước khi thanh sức mạnh đầy.{PAGE}Quân đánh trực diện của Grit{NL}không mạnh lắm, nên bạn{PAGE}không cần quá lo về chúng.{NL}Chúc may mắn ở trận tới!{PAGE}",revised,
2BD4C4,"Didn't Nell say this area was empty?{NL}As in, no enemies?{PAGE}",Nell bảo vùng này trống mà?{NL}Nghĩa là không có địch?{PAGE},approved,
2BD500,{PLAYER}! Andy!{PAGE}Come in! Do you copy?{PAGE},{PLAYER}! Andy!{PAGE}Nghe rõ không?{PAGE},approved,
2BD520,Nell!{NL}There are hostile forces here!{PAGE},Nell!{NL}Ở đây có quân địch!{PAGE},approved,
2BD548,"So it seems. But those...{NL}those aren't Blue Moon troops.{PAGE}I'll see what I can find out.{NL}Hold your positions!{PAGE}We have some bases you can{NL}use here as a last resort.{PAGE}{PLAYER}! Watch{NL}over Andy, OK?{PAGE}","Có vẻ thế. Nhưng...{NL}đó không phải quân Blue Moon.{PAGE}Chị sẽ tìm hiểu thêm.{NL}Hai em cứ giữ vị trí!{PAGE}Ở đây có vài căn cứ,{NL}cần quá thì cứ dùng.{PAGE}{PLAYER}! Nhớ lo{NL}cho Andy nhé?{PAGE}",revised,
2BD604,{PLAYER}!{NL}I've got it! I know who{PAGE}you've encountered!{NL}Those are Green Earth troops!{PAGE}Rumor has it that there's an{NL}independent battalion roaming about.{PAGE}I believe you've found them. Watch{NL}out for their air units. They're{PAGE}supposed to be brutal!{PAGE},{PLAYER}!{NL}Chị biết rồi! Chị biết hai em{PAGE}đã gặp ai!{NL}Đó là quân Green Earth!{PAGE}Nghe nói một tiểu đoàn độc lập{NL}đang lang thang quanh đây.{PAGE}Chắc hai em đã gặp họ. Cẩn thận{NL}không quân của họ! Nghe nói{PAGE}rất dữ dằn!{PAGE},revised,
2BD6F0,"You're too late, Nell.{PAGE}","Chị đến trễ rồi, Nell.{PAGE}",revised,
2BD708,What? Does that mean{NL}you're already under attack?{PAGE}Well... Um... Good luck!{PAGE},Sao? Nghĩa là{NL}họ đã tấn công rồi?{PAGE}Uhm... Chúc may mắn!{PAGE},approved,
2BD754,Nell left us! She ran away...{PAGE},Nell bỏ mặc chúng ta rồi...{PAGE},approved,
2BD774,I... I lost?{PAGE}Huh? It's you! Andy!{PAGE},Tôi thua sao?{PAGE}Hả? Andy!{PAGE},approved,
2BD798,"Yeah, but...who are you?{PAGE}","Phải, nhưng anh là ai?{PAGE}",approved,
2BD7B4,"Don't play dumb with me, boy!{PAGE}I'll never forget what you've done!{PAGE}","Đừng giả vờ ngớ ngẩn, nhóc!{PAGE}Ta không quên việc cậu đã làm!{PAGE}",revised,
2BD7F8,Huh?{PAGE},Hả?{PAGE},approved,
2BD800,"So, continuing to feign{NL}ignorance, eh?{PAGE}",Vẫn giả vờ không biết{NL}gì à?{PAGE},revised,
2BD828,"Very well, but the next time we{NL}meet will be our last!{PAGE}","Được thôi, lần sau gặp lại{NL}sẽ là lần cuối đấy!{PAGE}",revised,
2BD860,Hey! Wait up!{PAGE}He's gone.{PAGE}What was that all about?{PAGE},Này! Đứng lại!{PAGE}Anh ta đi rồi.{PAGE}Chuyện gì thế nhỉ?{PAGE},revised,
2BD894,"A CO Power that lets you issue two{NL}commands per turn is almost criminal.{PAGE}The best defense is to take out his{NL}main units before the Power Meter{PAGE}gets full. If you can wait until he{NL}sends out his air units, and then{PAGE}counterattack with {UNIT}anti-air{NORMAL} and{NL}{UNIT}missile{NORMAL} units, things should{PAGE}get easier. Keep up the{NL}good work!{PAGE}","Sức mạnh CO cho ra lệnh hai lần{NL}mỗi lượt thật quá bất công.{PAGE}Tốt nhất hãy diệt quân chủ lực{NL}trước khi thanh năng lượng{PAGE}đầy. Hãy đợi hắn đưa{NL}không quân ra rồi phản công{PAGE}bằng {UNIT}phòng không{NORMAL} và{NL}{UNIT}tên lửa{NORMAL}, sẽ dễ hơn.{PAGE}Cứ cố gắng{NL}nhé!{PAGE}",revised,
2BD9D4,Cripes! I can't believe I have to be a{NL}nanny to this little kid...{PAGE},Quái thật! Sao mình phải{NL}trông thằng nhóc này...{PAGE},revised,
2BDA18,I'm not a little kid! I'm a CO in{NL}the Orange Star Army!{PAGE}And I don't need a nanny!{NL}...Whatever that is.{PAGE},Tôi không phải nhóc! Tôi là CO{NL}của quân Orange Star!{PAGE}Tôi chẳng cần ai trông!{NL}...Mà trông là gì nhỉ?{PAGE},revised,
2BDA80,"Uh-huh.{PAGE}OK, little man, why don't you tell me{NL}how to use the bases on this map?{PAGE}","A hà.{PAGE}Này nhóc, thử nói cách dùng{NL}các căn cứ trên bản đồ này xem?{PAGE}",revised,
2BDAD4,No problem!{NL}You use the naval base to deploy{PAGE}naval units and the air base{NL}to deploy air units.{PAGE},"Dễ thôi!{NL}Căn cứ hải quân tạo quân biển,{PAGE}còn sân bay là nơi tạo{NL}không quân.{PAGE}",revised,
2BDB34,"Not bad! I'm surprised you know{NL}that much.{PAGE}But if a CO doesn't have guts,{NL}he's got nothin'.{PAGE}Show me what you can do, kid.{PAGE}",Khá đấy! Không ngờ cậu biết{NL}được thế.{PAGE}Nhưng CO mà thiếu gan dạ{NL}thì chẳng là gì cả.{PAGE}Cho ta xem cậu làm được gì.{PAGE},approved,
2BDBB0,"Ha ha ha ha ha!{NL}Behold! Gaze upon my beautiful army!{PAGE}Orange Star may match me in{NL}numbers, but I have so{PAGE}much more power!{PAGE}","Ha ha ha ha ha!{NL}Nhìn đạo quân đẹp đẽ của ta đi!{PAGE}Orange Star có thể ngang ta{NL}về số lượng, nhưng{PAGE}quân ta mạnh hơn nhiều!{PAGE}",revised,
2BDC2C,But you're not very well balanced...{PAGE}What if the enemy send its subs{NL}under? That'll stop you cold.{PAGE},Nhưng quân của ông lệch quá...{PAGE}Nếu địch cho tàu ngầm lặn xuống{NL}thì ông hết cách đánh đó.{PAGE},revised,
2BDC90,Battleships at sea!{PAGE}Bombers in the air!{PAGE}Is there anything more I need?{NL}No! Nothing at all!{PAGE}Attack! Attack! Attack!{PAGE},Tàu chiến trên biển!{PAGE}Oanh tạc cơ trên trời!{PAGE}Ta còn cần gì nữa?{NL}Không cần gì cả!{PAGE}Tấn công! Tấn công! Tấn công!{PAGE},approved,
2BDD04,"Well, as long as you're happy, Boss.{PAGE}",Sếp vui là được rồi.{PAGE},revised,
2BDD2C,See? I told you!{PAGE},Thấy chưa?{PAGE},approved,
2BDD40,"Hey! Not bad, kid. Not bad at all.{PAGE}'Course, I woulda finished that up{NL}a bit quicker, but...{PAGE}","Này! Khá lắm, nhóc. Khá lắm.{PAGE}Tất nhiên nếu là ta, trận này{NL}sẽ kết thúc nhanh hơn...{PAGE}",revised,
2BDDA0,What did you say?{PAGE},Anh vừa nói gì?{PAGE},approved,
2BDDB4,Huh? You wanna piece of me?{PAGE},Hả? Muốn đánh nhau à?{PAGE},revised,
2BDDD4,"Knock it off, both of you!{PAGE}Max, this is hardly the mature{NL}behavior I was expecting from you!{PAGE}","Hai người dừng lại!{PAGE}Max, anh xử sự chẳng{NL}chín chắn chút nào!{PAGE}",approved,
2BDE34,But he started...{PAGE},Nó gây sự mà...{PAGE},approved,
2BDE48,Max!{PAGE},Max!{PAGE},approved,
2BDE50,"Hee, hee!{PAGE}",Hỉ hí!{PAGE},approved,
2BDE5C,"If you keep this up, you're going to{NL}have your heads handed to you!{PAGE}","Cứ thế này, hai người sẽ{NL}bị đánh tan xác đấy!{PAGE}",revised,
2BDEA4,"I know that Olaf just kept pounding{NL}away with those powerful units,{PAGE}but look! He didn't have any {UNIT}cruiser{NORMAL}{NL}or {UNIT}sub{NORMAL} units, right?{PAGE}He couldn't have touched your {UNIT}sub{NORMAL}{NL}if you had just ordered it to {COMMAND}Dive{NORMAL}!{PAGE}You needed to sink his {UNIT}battleship{NORMAL} with{NL}your {UNIT}sub{NORMAL} and then use your{PAGE}{UNIT}lander{NORMAL} to transport some {UNIT}infantry{NORMAL}{NL}units over and {COMMAND}Capture{NORMAL} his HQ!{PAGE}Oh well, better luck next time.{PAGE}","Olaf chỉ liên tục đánh bằng{NL}quân mạnh, nhưng hãy xem!{PAGE}Ông ta không có {UNIT}tàu tuần dương{NORMAL}{NL}hay {UNIT}tàu ngầm{NORMAL}, đúng không?{PAGE}Ông ta không chạm được {UNIT}tàu ngầm{NORMAL}{NL}nếu bạn cho nó {COMMAND}Lặn{NORMAL} xuống!{PAGE}Đánh chìm {UNIT}thiết giáp hạm{NORMAL} của hắn{NL}bằng {UNIT}tàu ngầm{NORMAL}, rồi dùng{PAGE}{UNIT}tàu đổ bộ{NORMAL} chở {UNIT}bộ binh{NORMAL}{NL}qua {COMMAND}Chiếm{NORMAL} tổng hành dinh!{PAGE}Lần sau cố gắng hơn.{PAGE}",revised,
2BE020,"Blast!{PAGE}Grit's troops are all around me!{PAGE}If I stay put, I'll be blasted to{NL}smithereens. If I retreat, our HQ{PAGE}will be captured... How am I{NL}gonna get out of this?{PAGE}",Chết thật!{PAGE}Quân Grit vây quanh ta rồi!{PAGE}Ở lại thì bị bắn tan xác.{NL}Rút lui thì tổng hành dinh{PAGE}của ta bị chiếm... Phải làm{NL}sao đấy?{PAGE},revised,
2BE0C4,Ya...Yahoo!{PAGE},Ya... Hay quá!{PAGE},revised,
2BE0D4,You're awful beat up to{NL}be celebratin'.{PAGE},Bị đánh tơi tả mà{NL}vẫn ăn mừng à.{PAGE},revised,
2BE100,Well...{PAGE},Ừ thì...{PAGE},revised,
2BE10C,"Yeah, exactly. You know, Maxie,{NL}you never were any good at indirect{PAGE}combat. Why, if you'd have just used{NL}those big boys a little more, you{PAGE}wouldn't have taken such a poundin'.{PAGE}","Đó, thấy chưa. Max này,{NL}anh vốn không giỏi đánh gián tiếp.{PAGE}Nếu biết dùng đám quân lớn{NL}đó nhiều hơn, anh đã{PAGE}không bị đánh tơi tả vậy.{PAGE}",revised,
2BE1C8,"And long as I'm givin' you what-for,{NL}what's up with you and the kid?{PAGE}He ain't got your particular{NL}shortcomings, so give him a break!{PAGE}He's pretty darn good, and you know{NL}it. C'mon Maxie, what do you say?{PAGE}","Tiện đang nói, anh với thằng{NL}nhóc đó bị sao thế?{PAGE}Nó không có điểm yếu{NL}như anh, để nó yên đi!{PAGE}Nó khá lắm, anh biết mà.{NL}Sao nào, Max?{PAGE}",revised,
2BE294,Yeah...I guess you're right.{PAGE}Hey! Andy!{NL}Sorry for being such a jerk.{PAGE},"Ừ... có lẽ cậu nói đúng.{PAGE}Này, Andy!{NL}Xin lỗi vì ta cư xử thô lỗ.{PAGE}",revised,
2BE2DC,"Huh?{PAGE}As long as you're cool,{NL}I'm cool.{PAGE}Hey, Grit!{PAGE}","Hả?{PAGE}Anh ổn thì{NL}tôi cũng ổn.{PAGE}Này, Grit!{PAGE}",revised,
2BE310,"What's up, Junior?{PAGE}",Sao thế nhóc?{PAGE},revised,
2BE324,How many times do I have{NL}to tell you to stop calling me Junior?{PAGE},Tôi phải bảo anh bao lần{NL}là đừng gọi tôi là nhóc?{PAGE},approved,
2BE368,"Whoa! I hear you, I hear you.{NL}My apologies.{PAGE}Well now, look at the time.{NL}Gotta go, boys!{PAGE}See y'all later! Take care, Junior.{PAGE}","Rồi, ta nghe thấy rồi.{NL}Xin lỗi mà.{PAGE}Ôi, muộn rồi.{NL}Ta phải đi đây!{PAGE}Gặp lại sau. Giữ mình, nhóc!{PAGE}",revised,
2BE3F0,"Those {UNIT}infantry{NORMAL} units headed{NL}for your HQ were sure troublesome.{PAGE}Don't worry so much about taking{NL}losses. You have to get over and{PAGE}protect your HQ at all costs. Once{NL}you're there, you just have to hold{PAGE}out for five days. Don't give up!{PAGE}",Đám {UNIT}bộ binh{NORMAL} tiến về{NL}tổng hành dinh thật phiền.{PAGE}Đừng quá lo tổn thất.{NL}Bạn phải về bảo vệ{PAGE}tổng hành dinh bằng mọi giá.{NL}Đến nơi rồi thì cố gắng cầm cự{PAGE}năm ngày. Đừng bỏ cuộc!{PAGE},revised,
2BE4E0,Fog of War...{PAGE},Sương Mù...{PAGE},approved,
2BE4F0,"Hey, {PLAYER}!{NL}What's Fog of War, again?{PAGE}Do you remember?{NL}{17}","Này, {PLAYER}!{NL}Sương Mù là gì nhỉ?{PAGE}Bạn còn nhớ không?{NL}{17}",revised,
2BE528,"Good memory!{PAGE}I guess there's no need for any{NL}special explanation, then.{PAGE}Let's get started!{PAGE}",Nhớ tốt đấy!{PAGE}Vậy không cần giải thích{NL}thêm nữa.{PAGE}Bắt đầu thôi!{PAGE},revised,
2BE584,"The things I do for my country... (sigh){PAGE}This gray stuff that's blocking our{NL}vision, that's Fog of War.{PAGE}As you can imagine, the enemy{NL}is out there, hidden.{PAGE}","Vì đất nước, mình phải làm...{PAGE}Lớp màu xám che tầm nhìn{NL}kia là Sương Mù.{PAGE}Địch đang ẩn ngoài kia,{NL}như bạn đoán rồi đấy.{PAGE}",revised,
2BE624,"Wow, that's creepy.{PAGE}So, how do we find the bad guys?{PAGE}",Ghê thật.{PAGE}Ta tìm bọn xấu ở đâu đấy?{PAGE},revised,
2BE65C,"Well, {UNIT}recon{NORMAL} units have a good vision{NL}range, so let's send them out first.{PAGE}But they're pretty weak, so we'll{NL}have to protect them somehow.{PAGE}All right. Let's get moving.{PAGE}","{UNIT}Xe thăm dò{NORMAL} có tầm nhìn rộng,{NL}nên cứ đưa chúng đi trước.{PAGE}Nhưng chúng yếu, ta phải{NL}tìm cách bảo vệ chúng.{PAGE}Được rồi, đi thôi.{PAGE}",revised,
2BE708,"Hm hm hm...{PAGE}Hee hee hee...{PAGE}Ha ha ha ha ha!{PAGE}Behold!{NL}Olaf's Navy is here!{PAGE}It's no longer just battleships, I've{NL}assembled a complete armada!{PAGE}","Hm hm hm...{PAGE}Hỉ hí hí...{PAGE}Ha ha ha ha ha!{PAGE}Nhìn đây!{NL}Hải quân của Olaf đã đến!{PAGE}Không chỉ có tàu chiến nữa,{NL}ta đã gom đủ cả hạm đội!{PAGE}",revised,
2BE794,"Um... Pardon me, Your Stoutness,{PAGE}but if the enemy heads inland, your{NL}naval powerhouse'll be useless.{PAGE}","Uhm... xin phép sếp,{PAGE}nếu địch vào đất liền, hạm đội{NL}của ông sẽ vô dụng đấy.{PAGE}",approved,
2BE7FC,Now it's my turn!{PAGE}My fleet will crush those detestable{NL}Orange Star fools!{PAGE}Ha ha ha ha ha!{PAGE},Đến lượt ta!{PAGE}Hạm đội của ta sẽ nghiền nát{NL}bọn Orange Star đáng ghét!{PAGE}Ha ha ha ha ha!{PAGE},revised,
2BE858,"But you don't even have a single{NL}infantry or mech unit deployed, and...{PAGE}Man, he ain't even listenin'.{PAGE}","Nhưng ông ta không có lấy một{NL}đơn vị bộ binh hay cơ giới...{PAGE}Trời, ông ta đâu có nghe.{PAGE}",revised,
2BE8E0,This will be such a disservice to...{NL}him...if things continue this way.{PAGE}Grit!{PAGE},Cứ thế này thì sẽ có lỗi với...{NL}người ấy... mất.{PAGE}Grit!{PAGE},revised,
2BE930,Yep.{PAGE},Dạ.{PAGE},approved,
2BE938,Get out there and stop{NL}the Orange Star Army!{PAGE},Ra ngoài chặn quân{NL}Orange Star lại!{PAGE},revised,
2BE968,"That's easy to say, Boss.{NL}But you left me nothin' to work with.{PAGE}","Nói thì dễ, sếp.{NL}Ông đâu còn gì cho tôi dùng.{PAGE}",revised,
2BE9AC,Don't get saucy! Just rally the{NL}troops and do something!{PAGE}I must go and pay...him...my respects.{PAGE}I'll return later.{PAGE},Đừng cãi! Hãy tập hợp{NL}quân và tìm cách đi!{PAGE}Ta phải đến thăm... người ấy.{PAGE}Lát nữa ta về.{PAGE},revised,
2BEA20,"Well, well, he's finally off to visit{NL}the mystery man.{PAGE}Think I'll just tag along and see{NL}what I can see.{PAGE}","À, cuối cùng ông ta cũng đến{NL}gặp người bí ẩn kia.{PAGE}Mình cứ theo sau xem{NL}có gì hay ho.{PAGE}",revised,
2BEA8C,Inconceivable!{PAGE}My beautiful navy has{NL}been destroyed!{PAGE}You... You villains!{PAGE}Now you'll have to face{NL}Olaf's Sea Strike!{PAGE},Không thể nào!{PAGE}Hải quân đẹp đẽ của ta{NL}đã bị đánh tan!{PAGE}Bọn... bọn vô lại!{PAGE}Giờ các ngươi phải hứng chịu{NL}đòn tấn công từ biển của Olaf!{PAGE},revised,
2BEB04,"Olaf's Navy was as strong{NL}as we expected.{PAGE}You went head to head with him, but...{PAGE}You should have moved all{NL}of your troops inland.{PAGE}If you're away from the sea, you're{NL}out of the battleships' attack range!{PAGE}Then you could've concentrated on{NL}capturing the enemy HQ.{PAGE}Oh, well. Better luck next time.{PAGE}","Hải quân Olaf mạnh đúng như{NL}ta dự tính.{PAGE}Bạn đã đối đầu trực tiếp...{PAGE}Lẽ ra bạn nên đưa toàn bộ{NL}quân vào đất liền.{PAGE}Xa biển là nằm ngoài tầm bắn{NL}của tàu chiến!{PAGE}Khi đó, bạn có thể tập trung{NL}chiếm tổng hành dinh địch.{PAGE}Thôi, lần sau cố gắng.{PAGE}",revised,
2BEC2C,Gimme a break!{NL}Not this guy again.{PAGE},Tha cho tôi đi!{NL}Lại gặp ông này.{PAGE},approved,
2BEC50,"What's wrong, Max?{NL}Don't you like Olaf?{PAGE}",Sao thế Max?{NL}Anh không thích Olaf à?{PAGE},revised,
2BEC7C,"It's that blasted snow.{PAGE}It kills your movement range,{NL}doesn't it?{PAGE}It's so frustrating not being able to{NL}get around like I'm used to.{PAGE}Right, {PLAYER}?{NL}{16}","Là tại tuyết chết tiệt đó.{PAGE}Nó làm giảm tầm di chuyển,{NL}phải không?{PAGE}Không thể đi lại như thường{NL}thật bực mình.{PAGE}Đúng không, {PLAYER}?{NL}{16}",revised,
2BED10,"Huh? You don't like snow{NL}either, {PLAYER}?{PAGE}It's not so bad if you just{NL}keep your troops together.{PAGE}","Há? Bạn không thích tuyết{NL}à, {PLAYER}?{PAGE}Nếu giữ quân gần nhau{NL}thì cũng không tệ lắm.{PAGE}",revised,
2BED6C,"That's probably the safest way to{NL}weather a storm.{PAGE}Anyway, let's move out!{PAGE}","Đó chắc là cách an toàn nhất{NL}để vượt bão tuyết.{PAGE}Thôi, xuất phát!{PAGE}",approved,
2BEDB8,"Way to go, {PLAYER}!{NL}I figured you for a snow lover!{PAGE}What's not to like, right?{NL}It's so white and fluffy!{PAGE}","Giỏi lắm, {PLAYER}!{NL}Tôi biết bạn thích tuyết mà!{PAGE}Sao không thích được?{NL}Trắng xóa, mềm xốp!{PAGE}",revised,
2BEE1C,"{PLAYER}...{PAGE}I knew Andy was a bit off-kilter{NL}from the get-go. But, you, too...?{PAGE}Oh, well. Let's move out!{PAGE}","{PLAYER}...{PAGE}Tôi biết Andy hơi kỳ lạ từ đầu.{NL}Nhưng cả bạn cũng vậy à...?{PAGE}Thôi, xuất phát!{PAGE}",revised,
2BEE80,Get moving!{PAGE}Yeah! Right there!{PAGE}Get 'em!{PAGE}Ha ha ha ha ha!{PAGE},Đi đi!{PAGE}Đúng rồi! Ở đó!{PAGE}Đánh chúng!{PAGE}Ha ha ha ha ha!{PAGE},revised,
2BEEBC,Grrr... Another defeat!{PAGE},Grrr... lại thua!{PAGE},approved,
2BEED8,He will not be pleased with me{NL}if this losing streak continues.{PAGE}Grit!{PAGE},Người ấy sẽ không vui nếu ta{NL}cứ thua mãi thế này.{PAGE}Grit!{PAGE},revised,
2BEF20,Yep.{PAGE},Dạ.{PAGE},approved,
2BEF28,Get out there and stop that{NL}cursed Orange Star Army!{PAGE},Ra ngoài chặn bọn{NL}Orange Star đáng ghét kia!{PAGE},revised,
2BEF60,"Easier said than done, Boss. You{NL}didn't leave me anything to work with.{PAGE}","Nói thì dễ lắm, sếp. Ông đâu{NL}còn gì cho tôi sử dụng.{PAGE}",revised,
2BEFAC,"Don't get saucy!{NL}Rally the troops and do something!{PAGE}I have to go and pay...him...my respects.{PAGE}Don't fail me, Grit!{PAGE}","Đừng cãi!{NL}Tập hợp quân và làm gì đi!{PAGE}Ta phải đến thăm... người ấy.{PAGE}Đừng làm ta thất vọng, Grit!{PAGE}",revised,
2BF020,"Well, well, well...{PAGE}Olaf's finally off to see his{NL}mysterious benefactor.{PAGE}Think I'll just tag along behind and{NL}see what I can see.{PAGE}","À, à...{PAGE}Cuối cùng Olaf cũng đi gặp{NL}người bảo trợ bí ẩn.{PAGE}Mình sẽ theo sau xem{NL}có chuyện gì.{PAGE}",revised,
2BF0A4,You lost the {UNIT}lander{NORMAL}--the unit essential{NL}to the success of this mission.{PAGE}Without it you can't transport{NL}any of your ground units.{PAGE}Try to submerge your {UNIT}sub{NORMAL} and{NL}use it to scout out a safe path.{PAGE}A submerged {UNIT}sub{NORMAL} is safe from{NL}attack from most units.{PAGE}Better luck next time.{PAGE},"Mất {UNIT}tàu đổ bộ{NORMAL}, đơn vị then chốt{NL}để hoàn thành nhiệm vụ.{PAGE}Không có nó, quân bộ{NL}không qua biển được.{PAGE}Hãy cho {UNIT}tàu ngầm{NORMAL} lặn xuống{NL}do thám đường an toàn.{PAGE}Khi lặn, {UNIT}tàu ngầm{NORMAL} tránh được{NL}phần lớn đòn tấn công.{PAGE}Lần sau cố gắng.{PAGE}",revised,
2BF1BC,"Well, Max. You're here to help, too?{PAGE}","Max, anh cũng đến giúp à?{PAGE}",revised,
2BF1E4,"How you doin', Nell?{PAGE}Now that I'm here, what's the{NL}kid gonna do?{PAGE}","Khỏe không, Nell?{PAGE}Giờ có anh, thằng nhóc{NL}còn gì để làm nữa?{PAGE}",revised,
2BF228,"Oh, Max. You haven't changed a bit.{PAGE}","Ôi Max, anh chẳng thay đổi gì.{PAGE}",approved,
2BF250,"But I must tell you, Andy's{NL}quite a capable CO.{PAGE}If you're not careful,{NL}he may just pass you up.{PAGE}See you later. Good luck!{PAGE}","Nhưng anh nên biết Andy{NL}là một CO khá tài năng.{PAGE}Không cẩn thận, nó sẽ{NL}vượt anh đấy.{PAGE}Gặp sau nhé. May mắn!{PAGE}",revised,
2BF2CC,Here they are!{PAGE}My battleships!{PAGE}Nobody else could have assembled{NL}such a fleet in such a short time!{PAGE},"Nó đây rồi!{PAGE}Tàu chiến của ta!{PAGE}Ngoài ta ra, ai có thể lập hạm đội{NL}lớn nhanh đến thế?{PAGE}",approved,
2BF330,But I don't see any {UNIT}cruiser{NORMAL} or{NL}{UNIT}sub{NORMAL} units out there.{PAGE},Không thấy {UNIT}tàu tuần dương{NORMAL} hay{NL}{UNIT}tàu ngầm{NORMAL} nào cả.{PAGE},approved,
2BF36C,Could anyone hope to survive such{NL}destructive might? No! Absolutely not!{PAGE},Ai sống nổi trước sức mạnh{NL}hủy diệt này? Không ai cả!{PAGE},revised,
2BF3B8,"Well, as long as your happy, Boss.{PAGE}",Sếp vui là được rồi.{PAGE},revised,
2BF3DC,How's that? What do you think{NL}of that power?{PAGE},Thế nào? Các người thấy{NL}sức mạnh đó sao?{PAGE},revised,
2BF40C,Cool! There's no way I could do{NL}that much damage.{PAGE},Ghê thật! Tôi không gây{NL}sát thương lớn đến thế.{PAGE},revised,
2BF440,Yeah! That's right!{PAGE},Phải! Đúng vậy!{PAGE},approved,
2BF458,"As long as I didn't use{NL}my indirect combat units, that is.{PAGE}","Nếu tôi không dùng{NL}quân đánh gián tiếp, ấy là thế.{PAGE}",approved,
2BF4A4,That's exactly right.{PAGE}Max doesn't use indirect combat units{NL}because he's clumsy.{PAGE},Đúng là vậy.{PAGE}Max không dùng quân bắn gián tiếp{NL}vì anh ta vụng về.{PAGE},revised,
2BF500,"And your range of fire is small, too.{NL}That's life threatening, isn't it?{PAGE}",Tầm bắn của anh cũng ngắn.{NL}Thế thì nguy hiểm thật nhỉ?{PAGE},revised,
2BF54C,Ha!{PAGE}I'll do just fine without relying{NL}on those units.{PAGE},"Há!{PAGE}Không cần những đơn vị đó,{NL}tôi vẫn ổn thôi.{PAGE}",revised,
2BF584,"I wonder about that.{PAGE}Anyway, excellent work, Max!{PAGE}Now, you two work together{NL}and try to get along.{PAGE}","Chưa chắc đâu.{PAGE}Dù sao, Max làm tốt lắm!{PAGE}Giờ hai em hợp tác{NL}hòa thuận nhé.{PAGE}",revised,
2BF5E8,"You heard the lady. Let's{NL}stop fighting and do this, Andy.{PAGE}","Nghe chị ấy rồi đó. Đừng cãi{NL}nhau nữa, cùng làm đi Andy.{PAGE}",revised,
2BF624,"I think she was talking to you, Max.{PAGE}","Tôi nghĩ chị ấy nói anh đó, Max.{PAGE}",approved,
2BF64C,Each CO has his or{NL}her own CO Power.{PAGE}Do you think it might{NL}be a good idea to try another CO?{PAGE}Best of luck!{PAGE},Mỗi CO có Sức mạnh CO{NL}riêng của mình.{PAGE}Thử một CO khác có lẽ{NL}sẽ hay hơn đấy.{PAGE}Chúc may mắn!{PAGE},revised,
2BF6B8,Fog of War...{PAGE},Sương Mù...{PAGE},approved,
2BF6C8,"What's ""Fog of War""?{PAGE}",Sương Mù là gì?{PAGE},approved,
2BF6E0,"Please tell me you're joking.{PAGE}See that gray stuff blocking your{NL}vision? That's Fog of War.{PAGE}Now, I wonder where the enemy{NL}troops are hidden.{PAGE}",Đừng nói là em đùa nhé.{PAGE}Thấy lớp màu xám che tầm nhìn{NL}không? Đó là Sương Mù.{PAGE}Giờ quân địch ẩn ở đâu nhỉ?{NL}Phải tìm cho ra.{PAGE},revised,
2BF770,How do we find 'em?{PAGE},Tìm sao đây?{PAGE},approved,
2BF788,"Well, {UNIT}recon{NORMAL} units have a good vision{NL}range, so let's send them out first.{PAGE}But if we leave them out in the open,{NL}they'll be sitting ducks.{PAGE}Our safest bet is to leapfrog them{NL}from wood to wood.{PAGE}Units hidden in woods are almost{NL}impossible to spot.{PAGE}","{UNIT}Xe thăm dò{NORMAL} có tầm nhìn rộng,{NL}cứ cho chúng đi trước.{PAGE}Nhưng nếu để chúng ngoài trời,{NL}chúng sẽ thành bia sống.{PAGE}An toàn nhất là đưa chúng{NL}đi từ rừng này sang rừng khác.{PAGE}Đơn vị trong rừng gần như{NL}không thể bị phát hiện.{PAGE}",revised,
2BF880,"Boy, that seems pretty simple.{PAGE}",Nghe đơn giản quá mà.{PAGE},revised,
2BF8A0,"You just don't know enough to{NL}realize the danger, Andy.{PAGE}If we can hide units in the woods,{NL}then so can our opponent.{PAGE}If we're not careful, hidden units{NL}will blow us away!{PAGE}All right. Let's move out!{PAGE}","Em chưa hiểu hết nguy hiểm{NL}nên mới nói vậy, Andy.{PAGE}Ta ẩn quân trong rừng được{NL}thì địch cũng thế.{PAGE}Không cẩn thận sẽ bị quân{NL}ẩn nấp bắn hạ!{PAGE}Rồi, xuất phát!{PAGE}",revised,
2BF96C,"Howdy Max. Long time, no see.{PAGE}",Chào Max. Lâu không gặp.{PAGE},revised,
2BF98C,"Grit? Is that you?{PAGE}I was wondering why I hadn't seen you{NL}around lately, and now I know.{PAGE}You're working for Blue Moon!{NL}You traitorous piece of gar--{PAGE}","Grit? Là cậu sao?{PAGE}Tôi thắc mắc sao lâu nay không{NL}thấy cậu, giờ thì hiểu rồi.{PAGE}Cậu đã theo Blue Moon!{NL}Đồ phản bội khốn...{PAGE}",revised,
2BFA24,"Aww, Maxie. Don't be like that.{PAGE}I got my reasons for doin' what{NL}I do, you know?{PAGE}Man, I'm getting out of here before{NL}you get started preachin' again.{PAGE}See y'all down the road!{PAGE}","Thôi nào, Max. Đừng như thế.{PAGE}Tôi cũng có lý do{NL}để làm việc này.{PAGE}Tôi đi đây trước khi anh{NL}lại bắt đầu lên lớp.{PAGE}Hẹn gặp sau!{PAGE}",revised,
2BFAD4,"Hold it, Grit!{PAGE}Dang! He got away.{PAGE}But what's he doing{NL}with Blue Moon?{PAGE}","Đứng lại, Grit!{PAGE}Chết thật! Cậu ta thoát rồi.{PAGE}Sao cậu ta theo{NL}Blue Moon?{PAGE}",revised,
2BFB1C,Grit's going to hide some units in{NL}the woods.{PAGE}It's important that you remember that{NL}and advance with the utmost caution.{PAGE}Better luck next time.{PAGE},Grit sẽ giấu một số quân{NL}trong rừng.{PAGE}Hãy nhớ điều đó và tiến lên{NL}thật cẩn thận.{PAGE}Lần sau cố gắng.{PAGE},approved,
2BFBB0,{PLAYER}!{PAGE}Andy! Max!{NL}Can you hear me?{PAGE},{PLAYER}!{PAGE}Andy! Max!{NL}Nghe rõ không?{PAGE},approved,
2BFBD0,"What is it, Nell?{PAGE}","Sao vậy, Nell?{PAGE}",approved,
2BFBE4,"I've learned that this is a vital{NL}deployment point for Olaf.{PAGE}If we can drive him from the region,{NL}we may just cripple his army!{PAGE}","Chị biết đây là điểm triển khai{NL}rất quan trọng của Olaf.{PAGE}Đuổi ông ta khỏi đây, ta có thể{NL}làm quân ông ta tê liệt!{PAGE}",revised,
2BFC68,Really? This may be where we can{NL}end this conflict with Olaf!{PAGE},Thật sao? Có khi đây là nơi{NL}kết thúc xung đột với Olaf!{PAGE},approved,
2BFCA8,"That's right!{PAGE}You just need to capture as much{NL}property as possible, and fast!{PAGE}The first army to secure twelve{NL}properties will win this battle!{PAGE}Stay alert and good luck!{PAGE}","Đúng vậy!{PAGE}Hai em phải chiếm càng nhiều{NL}nhà càng tốt, và phải nhanh!{PAGE}Phe nào giữ được mười hai{NL}nhà trước sẽ thắng!{PAGE}Hãy cẩn thận. Chúc may mắn!{PAGE}",approved,
2BFD54,"Let's see... Yep, we've got{NL}bases for deploying troops, and...{PAGE}OK! Understood. Let's go!{PAGE}","Để xem... Được, ta có căn cứ{NL}để sản xuất quân, và...{PAGE}Rồi! Hiểu. Đi thôi!{PAGE}",revised,
2BFDB0,"Man, I have trouble{NL}dealing with that Mr. Winter.{PAGE}","Trời ơi, tôi khổ đối phó{NL}ông Vua Mùa Đông này.{PAGE}",approved,
2BFDE4,Why's that?{PAGE},Sao vậy?{PAGE},approved,
2BFDF4,Why? The guy makes it snow!{NL}Doesn't that bother you?{PAGE},Sao ạ? Hắn làm tuyết rơi!{NL}Anh không thấy phiền sao?{PAGE},revised,
2BFE2C,No way! I love the snow! It's fun!{PAGE},"Không! Tôi thích tuyết, vui mà!{PAGE}",revised,
2BFE50,"Fun? You do understand that we're{NL}not building snowmen here, right?{PAGE}",Vui à? Cậu hiểu là ta{NL}không đi đắp người tuyết chứ?{PAGE},revised,
2BFE98,Yeah. I just think that the difficult{NL}battles are the most fun. Don't you?{PAGE},Hiểu chứ. Tôi chỉ thấy trận nào{NL}khổ mới vui. Anh không thấy vậy à?{PAGE},approved,
2BFEE4,"You know, sometimes I{NL}just can't figure you out.{PAGE}You're either really brave, or a{NL}brainless fool. I don't know which.{PAGE}",Đôi khi tôi không thể{NL}hiểu nổi cậu.{PAGE}Không biết cậu rất dũng cảm{NL}hay quá ngu ngốc nữa.{PAGE},revised,
2BFF5C,Grrr... Not again!{PAGE}He will not be pleased with me{NL}if this losing streak continues.{PAGE}Grit!{PAGE},Grrr... lại nữa!{PAGE}Người ấy sẽ không vui nếu ta{NL}cứ thua mãi thế này.{PAGE}Grit!{PAGE},revised,
2BFFB8,Yep.{PAGE},Dạ.{PAGE},approved,
2BFFC0,Get out there and stop that{NL}cursed Orange Star Army!{PAGE},Ra ngoài chặn bọn{NL}Orange Star đáng ghét kia!{PAGE},revised,
2BFFF8,"Easier said than done, Boss. You{NL}didn't leave me anything to work with.{PAGE}","Nói thì dễ lắm, sếp. Ông đâu{NL}còn gì cho tôi sử dụng.{PAGE}",revised,
2C0044,"Don't get saucy!{NL}Rally the troops and do something!{PAGE}I have to go and pay him my respects.{PAGE}Don't fail me, Grit!{PAGE}","Đừng cãi!{NL}Tập hợp quân và làm gì đi!{PAGE}Ta phải đến thăm người ấy.{PAGE}Đừng làm ta thất vọng, Grit!{PAGE}",revised,
2C00B4,"Well, I'll be a... Olaf just tucked his{NL}tail between his legs and ran away.{PAGE}Where does that leave me?{PAGE}Guess I'll mosey on down and{NL}clean up his mess.{PAGE}",Chà... Olaf vừa cụp đuôi{NL}bỏ chạy mất rồi.{PAGE}Thế còn tôi thì sao?{PAGE}Chắc tôi phải đi dọn{NL}mớ hỗn độn của ông ta.{PAGE},revised,
2C014C,Too bad. The enemy captured twelve{NL}properties first and won.{PAGE},Tiếc quá. Địch đã chiếm được{NL}mười hai nhà trước nên thắng.{PAGE},approved,
2C018C,"You need to look closely at the{NL}location of the bases and cities.{PAGE}There are eleven properties on each{NL}side of the river dividing the map.{PAGE}So, as long as you hold on to the ones{NL}on this side, you can't lose.{PAGE}First, concentrate on getting rid of{NL}the {UNIT}infantry{NORMAL} and {UNIT}mech{NORMAL} units over here.{PAGE}After that, you can build up some{NL}firepower and cross the river.{PAGE}","Hãy xem kỹ vị trí các{NL}căn cứ và thành phố.{PAGE}Mỗi bên sông chia đôi bản đồ{NL}có mười một nhà.{PAGE}Cứ giữ đủ các nhà bên này{NL}thì bạn không thể thua.{PAGE}Trước tiên, tập trung diệt{NL}{UNIT}bộ binh{NORMAL} và {UNIT}quân cơ giới{NORMAL} ở đây.{PAGE}Sau đó, tăng hỏa lực{NL}và vượt sông.{PAGE}",approved,
2C02F0,"Reefs here, woods there,{NL}hiding places everywhere...{PAGE}Man, this place was made for Grit{NL}and his indirect-combat units.{PAGE}I really just want to rush in and{NL}get to stompin', but...{PAGE}The smart thing to do is to use{NL}the terrain and creep up on 'em.{PAGE}Yep, that's the best plan.{NL}Let's move out!{PAGE}","Bãi ngầm ở đây, rừng ở kia,{NL}nơi ẩn nấp khắp mọi chỗ...{PAGE}Nơi này như được tạo cho Grit{NL}và quân bắn gián tiếp.{PAGE}Tôi muốn xông vào{NL}đánh luôn, nhưng...{PAGE}Khôn hơn là dùng địa hình{NL}để len lỏi đến gần chúng.{PAGE}Phải, cứ làm thế.{NL}Xuất phát!{PAGE}",revised,
2C0410,"Well, here I am again.{PAGE}This whole thing don't sit well with me,{NL}but I guess I gotta stop foolin' around.{PAGE}I figure the best way to stop these{NL}boys is to take out their lander.{PAGE}Yeah, that'll keep 'em from movin'{NL}those ground troops around.{PAGE}Reckon I'd best get started.{PAGE}","Ta lại đến đây.{PAGE}Vụ này chẳng hợp ý ta,{NL}nhưng phải nghiêm túc thôi.{PAGE}Cách tốt nhất để chặn họ{NL}là đánh chìm tàu đổ bộ.{PAGE}Như vậy họ không thể chở{NL}quân bộ đi được.{PAGE}Bắt đầu nào.{PAGE}",revised,
2C051C,"OK, Grit! Now you're going to{NL}answer some questions!{PAGE}Why in blazes did you{NL}go over to Blue Moon?{PAGE}","Được rồi, Grit! Giờ cậu{NL}phải trả lời vài câu!{PAGE}Sao cậu lại sang{NL}Blue Moon?{PAGE}",approved,
2C0580,Grit!{PAGE},Grit!{PAGE},approved,
2C0588,Nell? What are you doing here?{PAGE},Nell? Sao em đến đây?{PAGE},approved,
2C05A8,"Hey there, Nell. It's been a long time.{PAGE}",Chào Nell. Lâu không gặp.{PAGE},revised,
2C05D4,Max. Would you please{NL}leave us alone for a minute?{PAGE},"Max, cho chúng tôi{NL}nói riêng một chút được không?{PAGE}",approved,
2C061C,You look well. I was worried.{PAGE},Anh vẫn khỏe. Em đã lo đấy.{PAGE},revised,
2C063C,"Yeah, I'm doin' all right.{PAGE}How about you?{NL}You and Max getting along all right?{PAGE}",Anh vẫn ổn.{PAGE}Còn em?{NL}Em và Max ổn chứ?{PAGE},revised,
2C068C,"So that's the reason you left{NL}Orange Star.{PAGE}You sensed Max's feelings, and{NL}because he's your friend, you...{PAGE}","Ra đó là lý do anh rời{NL}Orange Star.{PAGE}Anh biết Max có tình cảm với em,{NL}và vì là bạn anh nên...{PAGE}",approved,
2C06F8,"Whoa! Hold on, now. Let me{NL}set you straight.{PAGE}I did what I did 'cause that's{NL}who I am, darlin'.{PAGE}I go where I want to go, and stay{NL}where I want to stay. That's it.{PAGE}","Khoan! Để anh nói rõ{NL}một chút.{PAGE}Anh làm vậy vì anh là anh,{NL}em yêu à.{PAGE}Anh muốn đi đâu thì đi,{NL}muốn ở đâu thì ở. Vậy thôi.{PAGE}",revised,
2C07A8,"See you later, Nell. Take care.{PAGE}","Hẹn gặp lại, Nell. Giữ mình.{PAGE}",approved,
2C07CC,Grit...{PAGE}Goodbye.{PAGE},Grit...{PAGE}Tạm biệt.{PAGE},revised,
2C07E0,"You lost the {UNIT}lander{NORMAL}--the unit essential{NL}to the success of this mission.{PAGE}Without it, you can't transport{NL}any of your ground units.{PAGE}Try to submerge your {UNIT}sub{NORMAL} and{NL}use it to scout out a safe path.{PAGE}A submerged {UNIT}sub{NORMAL} is safe from{NL}attack from most units.{PAGE}Better luck next time.{PAGE}","Mất {UNIT}tàu đổ bộ{NORMAL}, đơn vị then chốt{NL}để hoàn thành nhiệm vụ.{PAGE}Không có nó, quân bộ{NL}không qua biển được.{PAGE}Hãy cho {UNIT}tàu ngầm{NORMAL} lặn xuống{NL}do thám đường an toàn.{PAGE}Khi lặn, {UNIT}tàu ngầm{NORMAL} tránh được{NL}phần lớn đòn tấn công.{PAGE}Lần sau cố gắng.{PAGE}",revised,
2C08F4,"Hmm... I think I've seen{NL}those guys before.{PAGE}Do you remember them,{PAGE}{PLAYER}?{NL}{16}","Hm... Hình như tôi đã gặp{NL}mấy người kia.{PAGE}Bạn còn nhớ họ không,{PAGE}{PLAYER}?{NL}{16}",approved,
2C093C,Those look like Green Earth troops.{PAGE}I've heard they have an independent{NL}battalion around. Maybe this is it.{PAGE}They're supposed to be really tough.{NL}Especially the air units.{PAGE},"Họ giống quân Green Earth.{PAGE}Nghe nói họ có tiểu đoàn độc lập{NL}ở quanh đây. Chắc là họ.{PAGE}Họ mạnh lắm, nhất là{NL}không quân.{PAGE}",revised,
2C09E8,"Outstanding!{PAGE}{PLAYER}, Sami,{NL}you both know your stuff!{PAGE}","Tuyệt!{PAGE}{PLAYER}, Sami,{NL}hai người hiểu việc thật!{PAGE}",approved,
2C0A1C,That's a Special Forces{NL}commander for you!{PAGE}Always up on the latest intel.{PAGE},Đúng là chỉ huy đặc nhiệm!{NL}Tin tức nào cũng nắm rõ.{PAGE}Luôn cập nhật tình hình.{PAGE},revised,
2C0A68,"But how did you get this{NL}intel, Andy?{PAGE}","Nhưng sao em biết{NL}tin này, Andy?{PAGE}",revised,
2C0A90,"I ran into 'em once, and...{PAGE}",Em từng gặp họ một lần...{PAGE},approved,
2C0AB0,"Hey, you survived, didn't you?{PAGE}That's pretty impressive, Andy.{PAGE}","Nhưng em sống sót mà!{PAGE}Giỏi thật đấy, Andy.{PAGE}",revised,
2C0AF0,"Yeah, Nice work, Andy.{PAGE}All right, let's roll!{PAGE}","Phải, giỏi lắm Andy.{PAGE}Rồi, đi thôi!{PAGE}",revised,
2C0B20,"Even with {PLAYER}'s help,{NL}that's good work!{PAGE}Way to go, kid!{PAGE}All right, let's roll!{PAGE}","Có {PLAYER} giúp nhưng{NL}em vẫn làm tốt!{PAGE}Giỏi lắm, nhóc!{PAGE}Rồi, đi thôi!{PAGE}",revised,
2C0B70,The Orange Star Army...{NL}Andy's troops.{PAGE},Quân Orange Star...{NL}Quân của Andy.{PAGE},approved,
2C0B98,"This time, I won't be beaten{NL}by Andy and his ilk.{PAGE}I shall crush them with one stroke!{PAGE}","Lần này, Andy và đồng bọn{NL}sẽ không đánh bại ta nữa.{PAGE}Ta sẽ nghiền nát chúng!{PAGE}",approved,
2C0BF0,"I, Eagle, beaten by Andy, again?{PAGE}","Ta, Eagle, lại thua Andy sao?{PAGE}",approved,
2C0C14,Who are you calling Andy?{PAGE},Ai là Andy cơ?{PAGE},revised,
2C0C30,Eh?{PAGE},Hả?{PAGE},approved,
2C0C38,I think I'll take offense at your{NL}mistake. Do I look like a boy to you?{PAGE},Anh nhận nhầm người rồi. Thấy tôi{NL}giống con trai làm sao?{PAGE},revised,
2C0C84,Who are you?{PAGE},Cô là ai?{PAGE},revised,
2C0C94,The name's Sami.{PAGE}I'm an Orange Star CO.{PAGE},Tôi là Sami.{PAGE}CO của Orange Star.{PAGE},approved,
2C0CDC,You're careless. That's why{NL}you keep losing!{PAGE}I don't think you're ready for war.{NL}You need to go back to basic training!{PAGE},Anh quá bất cẩn. Vì vậy{NL}mới cứ thua!{PAGE}Anh chưa sẵn sàng ra trận.{NL}Về học lại căn bản đi!{PAGE},approved,
2C0D58,"Excuse me, Orange Star CO...Sami?{PAGE}","Xin lỗi, CO Orange Star... Sami?{PAGE}",approved,
2C0D7C,Yes?{PAGE},Gì?{PAGE},approved,
2C0D84,I would like to apologize for my{NL}behavior. It was inappropriate.{PAGE},Tôi xin lỗi về hành vi của{NL}mình. Quả thật không phù hợp.{PAGE},approved,
2C0DD4,"I vow by my lucky goggles that the{NL}next time we meet, I will do better.{PAGE}","Tôi thề trên cặp kính may mắn:{NL}lần sau ta gặp, tôi sẽ làm tốt hơn.{PAGE}",revised,
2C0E20,Now I will take my leave. Farewell.{PAGE},Giờ tôi xin đi. Tạm biệt.{PAGE},approved,
2C0E48,"Wait, wait a minute!{PAGE}No one said you could leave. Come...{PAGE}He's gone!{PAGE}","Khoan, khoan đã!{PAGE}Ai cho anh đi? Lại đây...{PAGE}Anh ta đi rồi!{PAGE}",revised,
2C0E90,"He seems like a pretty{NL}decent guy, after all.{PAGE}","Sau cùng, anh ta cũng có vẻ{NL}là người tử tế.{PAGE}",approved,
2C0EC0,"I, Eagle, lost again?{PAGE}","Ta, Eagle, lại thua?{PAGE}",approved,
2C0ED8,"Yeah, it sure looks like it!{PAGE}",Đúng là thế rồi!{PAGE},approved,
2C0EF8,You're the Orange Star CO?{NL}Where's Andy?{PAGE},Cô là CO Orange Star?{NL}Andy đâu?{PAGE},revised,
2C0F24,"Andy? Listen up, pal. I'm Max.{NL}The best Orange Star has to offer!{PAGE}","Andy? Nghe này, tôi là Max.{NL}CO giỏi nhất Orange Star!{PAGE}",approved,
2C0F68,I'd heard of a CO who was as strong{NL}as a bull but a bit one-dimensional.{PAGE}Who could have foreseen that{NL}I would lose to him?{PAGE},Ta nghe về một CO mạnh như trâu{NL}nhưng đầu óc đơn giản.{PAGE}Không ngờ ta lại thua{NL}người đó.{PAGE},revised,
2C0FE4,What? What did you say?{PAGE},Gì? Anh vừa nói gì?{PAGE},approved,
2C1000,I don't think you're ready for war!{PAGE},Anh chưa sẵn sàng ra trận!{PAGE},revised,
2C1028,Who... Who are you?{PAGE},Cô... cô là ai?{PAGE},approved,
2C1040,"The name's Sami.{PAGE}I'm an Orange Star CO, too!{PAGE}This is {PLAYER},{NL}our advisor and strategist.{PAGE}Max may be one-dimensional,{NL}but that's no problem.{PAGE}","Tôi là Sami.{PAGE}Tôi cũng là CO Orange Star!{PAGE}Đây là {PLAYER},{NL}cố vấn và quân sư của ta.{PAGE}Max có thể đơn giản,{NL}nhưng chẳng sao cả.{PAGE}",revised,
2C10C8,Hold it!{NL}What about me is one-dimensional?{PAGE},Khoan!{NL}Tôi đơn giản chỗ nào?{PAGE},revised,
2C10F4,You stink at indirect combat.{PAGE},Anh kém đánh gián tiếp.{PAGE},approved,
2C111C,Failing to consider {PLAYER}{NL}was your downfall.{PAGE}You need to go back to{NL}basic training and try again!{PAGE},Anh thua vì bỏ qua {PLAYER}{NL}đó.{PAGE}Về học lại căn bản{NL}rồi thử lại đi!{PAGE},approved,
2C117C,"An advisor? Is that someone who{NL}gives orders to officers in the field?{PAGE}In any case, Sami,{NL}{PLAYER}...{PAGE}","Cố vấn? Là người ra lệnh{NL}cho sĩ quan trên chiến trường sao?{PAGE}Dù sao, Sami,{NL}{PLAYER}...{PAGE}",revised,
2C11DC,Yes?{PAGE},Gì?{PAGE},approved,
2C11E4,I would like to apologize for my{NL}behavior. It was inappropriate.{PAGE},Tôi xin lỗi về hành vi của{NL}mình. Quả thật không phù hợp.{PAGE},approved,
2C1234,"I vow by my lucky goggles that the{NL}next time we meet, I will do better.{PAGE}","Tôi thề trên cặp kính may mắn:{NL}lần sau ta gặp, tôi sẽ làm tốt hơn.{PAGE}",revised,
2C1280,Now I will take my leave. Farewell{PAGE},Giờ tôi xin đi. Tạm biệt{PAGE},approved,
2C12A4,Wait! Wait a minute!{NL}No one said you could leave. Come...{PAGE},Khoan đã!{NL}Ai cho anh đi? Lại đây...{PAGE},revised,
2C12E0,He seems like a pretty{NL}decent guy after all.{PAGE},"Sau cùng, anh ta cũng có vẻ{NL}là người tử tế.{PAGE}",approved,
2C1310," I, Eagle, lost again?{PAGE}","Ta, Eagle, lại thua?{PAGE}",approved,
2C1328,Yeah. I don't think you're{NL}ready for war!{PAGE},Phải. Anh chưa{NL}sẵn sàng ra trận!{PAGE},approved,
2C1354,Who... Who are you?{PAGE},Cô... cô là ai?{PAGE},approved,Trùng nguyên văn Anh–Việt với 2C1028; đã đối chiếu.
2C136C,The name's Sami.{PAGE}I'm an Orange Star CO!{PAGE},Tôi là Sami.{PAGE}CO của Orange Star!{PAGE},approved,
2C1398,I cannot believe I lost to{NL}this group of unseasoned...{PAGE},Không tin ta thua bộ{NL}quân non tay này...{PAGE},revised,
2C13D0,"You're careless! That's why{NL}you keep losing!{PAGE}We're an experienced group of{NL}COs here, you know!{PAGE}You need to go back to basic{NL}training and start again.{PAGE}",Anh bất cẩn! Vì vậy{NL}mới cứ thua!{PAGE}Chúng tôi là nhóm CO{NL}có kinh nghiệm đấy!{PAGE}Về học lại từ đầu{NL}đi anh.{PAGE},approved,
2C1468,"Excuse me, Orange Star CO...Sami?{PAGE}","Xin lỗi, CO Orange Star... Sami?{PAGE}",approved,Trùng nguyên văn Anh–Việt với 2C0D58; đã đối chiếu.
2C148C,Yes?{PAGE},Gì?{PAGE},approved,Trùng nguyên văn Anh–Việt với 2C0D7C; đã đối chiếu.
2C1494,I would like to apologize for my{NL}behavior. It was inappropriate.{PAGE},Tôi xin lỗi về hành vi của{NL}mình. Quả thật không phù hợp.{PAGE},approved,Trùng nguyên văn Anh–Việt với 2C0D84; đã đối chiếu.
2C14E4,"I vow by my lucky goggles that the{NL}next time we meet, I will do better.{PAGE}","Tôi thề trên cặp kính may mắn:{NL}lần sau ta gặp, tôi sẽ làm tốt hơn.{PAGE}",revised,Trùng nguyên văn Anh–Việt với 2C0DD4; đã đối chiếu.
2C1530,Now I will take my leave. Farewell.{PAGE},Giờ tôi xin đi. Tạm biệt.{PAGE},approved,Trùng nguyên văn Anh–Việt với 2C0E20; đã đối chiếu.
2C1558,Wait! Wait a minute!{PAGE}No one said you could leave. Come...{PAGE}He's gone!{PAGE},"Khoan, khoan đã!{PAGE}Ai cho anh đi? Lại đây...{PAGE}Anh ta đi rồi!{PAGE}",revised,
2C15A0,He seems like a pretty{NL}decent guy after all.{PAGE},"Sau cùng, anh ta cũng có vẻ{NL}là người tử tế.{PAGE}",approved,
2C15D0,"You have to eliminate the foe's main{NL}units before he uses his CO Power.{PAGE}The {UNIT}bomber{NORMAL} units are the most{NL}dangerous, so target them first.{PAGE}This is the key to victory.{NL}Keep fighting and good luck!{PAGE}","Bạn phải diệt quân chủ lực địch{NL}trước khi hắn dùng Sức mạnh CO.{PAGE}{UNIT}Oanh tạc cơ{NORMAL} nguy hiểm nhất,{NL}nên hãy nhắm chúng trước.{PAGE}Đây là chìa khóa chiến thắng.{NL}Cứ chiến đấu và may mắn!{PAGE}",revised,
2C1694,"Oh, no... I was just planning on{NL}passing through Yellow Comet, but...{PAGE}Kanbei's Imperial Forces spotted us{NL}before we even crossed the border.{PAGE}","Ôi không... Chỉ định đi qua{NL}Yellow Comet thôi, nhưng...{PAGE}Quân Hoàng gia của Kanbei thấy ta{NL}từ trước khi qua biên giới.{PAGE}",revised,
2C1724,Kanbei's Imperial Forces?{PAGE},Quân Hoàng gia Kanbei?{PAGE},approved,
2C1740,Uh-huh. They're supposed to be{NL}the best-trained troops around.{PAGE}The high equipment costs and salaries{NL}must make them hard to maintain.{PAGE},"Phải. Nghe nói họ được{NL}huấn luyện tốt nhất vùng.{PAGE}Do trang bị và lương cao,{NL}duy trì chắc khó làm.{PAGE}",revised,
2C17C8,"The best trained, huh?{NL}This should be fun!{PAGE}",Được huấn luyện tốt à?{NL}Vậy vui đấy!{PAGE},revised,
2C17F4,"I don't think you'll have any{NL}energy left over for fun, Andy.{PAGE}C'mon, show me what you can do!{PAGE}","Tôi e em chẳng còn sức{NL}để vui đâu, Andy.{PAGE}Nào, cho tôi xem em làm gì!{PAGE}",revised,
2C1854,"Oh, no... I was just planning on{NL}passing through Yellow Comet, but...{PAGE}Kanbei's Imperial Forces spotted us{NL}before we even crossed the border.{PAGE}","Ôi không... Chỉ định đi qua{NL}Yellow Comet thôi, nhưng...{PAGE}Quân Hoàng gia của Kanbei thấy ta{NL}từ trước khi qua biên giới.{PAGE}",revised,
2C18E4,Kanbei's Imperial Forces?{PAGE},Quân Hoàng gia Kanbei?{PAGE},approved,
2C1900,Uh-huh. They're supposed to be{NL}the best-trained troops around.{PAGE}The high equipment costs and salaries{NL}must make them hard to maintain.{PAGE},"Phải. Nghe nói họ được{NL}huấn luyện tốt nhất vùng.{PAGE}Do trang bị và lương cao,{NL}duy trì chắc khó làm.{PAGE}",revised,
2C1988,"I've heard of 'em before!{PAGE}Kanbei's supposed to be the reason{NL}no one messes with that little country.{PAGE}Even so, there's no way he's{NL}gonna beat me!{PAGE}Hey, {PLAYER}!{NL}Let's go get 'em!{PAGE}","Tôi từng nghe về họ!{PAGE}Nhờ Kanbei mà chẳng ai dám{NL}động vào nước nhỏ này.{PAGE}Nhưng hắn cũng chẳng{NL}thắng được tôi đâu!{PAGE}Này, {PLAYER}!{NL}Đi đánh họ nào!{PAGE}",revised,
2C1A34,"Oh, no... I was just planning on{NL}passing through Yellow Comet, but...{PAGE}Kanbei's Imperial Forces spotted us{NL}before we even crossed the border.{PAGE}","Ôi không... Chỉ định đi qua{NL}Yellow Comet thôi, nhưng...{PAGE}Quân Hoàng gia của Kanbei thấy ta{NL}từ trước khi qua biên giới.{PAGE}",revised,
2C1AC4,Kanbei's Imperial Forces?{PAGE},Quân Hoàng gia Kanbei?{PAGE},approved,
2C1AE0,Uh-huh. They're supposed to be{NL}the best-trained troops around.{PAGE}The high equipment costs and salaries{NL}must make them hard to maintain.{PAGE},"Phải. Nghe nói họ được{NL}huấn luyện tốt nhất vùng.{PAGE}Do trang bị và lương cao,{NL}duy trì chắc khó làm.{PAGE}",revised,
2C1B68,"The best trained, huh?{PAGE}Boy, Sami, you have all the fun!{NL}I wish I was going instead of you.{PAGE}","Huấn luyện tốt nhất à?{PAGE}Sami, em gặp trận hay rồi!{NL}Giá mà tôi đi thay em.{PAGE}",revised,
2C1BC4,"I doubt if this is going to be{NL}all that much fun, Andy.{PAGE}Ready, {PLAYER}?{NL}It's time to get busy!{PAGE}","Chắc trận này chẳng{NL}vui đến vậy đâu, Andy.{PAGE}Sẵn sàng chưa, {PLAYER}?{NL}Đến giờ hành động rồi!{PAGE}",revised,
2C1C20,Preposterous!{PAGE}Kanbei's forces...defeated?{PAGE}Withdraw!{PAGE},Vô lý!{PAGE}Quân Kanbei... thua sao?{PAGE}Rút lui!{PAGE},approved,
2C1C58,Preposterous!{PAGE}So many of Kanbei's forces defeated{NL}in such a short time?{PAGE}Withdraw!{PAGE},Vô lý!{PAGE}Sao quân Kanbei thua nhiều{NL}nhanh đến vậy?{PAGE}Rút lui!{PAGE},revised,
2C1CAC,"You'll have to take damage in order{NL}to take out the indirect combat units.{PAGE}After that, just stay within the{NL}mountains and protect your position.{PAGE}The enemy will keep coming at you,{NL}but you just have to hold on.{PAGE}Don't give up!{NL}Good luck!{PAGE}","Muốn diệt quân bắn gián tiếp,{NL}bạn sẽ phải chịu sát thương.{PAGE}Sau đó, hãy ở trong núi{NL}để bảo vệ vị trí.{PAGE}Địch sẽ tiếp tục tấn công,{NL}nhưng bạn phải cầm cự.{PAGE}Đừng bỏ cuộc!{NL}Chúc may mắn!{PAGE}",revised,
2C1DA0,Hey!{PAGE}Where's the rest of the army?{PAGE},Này!{PAGE}Phần còn lại của quân đâu?{PAGE},revised,
2C1DC4,"I'm sorry, Andy.{PAGE}There was an error, and{NL}preparations weren't completed.{PAGE}",Xin lỗi Andy.{PAGE}Có sơ suất nên quân ta{NL}chưa chuẩn bị xong.{PAGE},approved,
2C1E10,"But there are bases for deployment.{PAGE}You know how to use them, right?{PAGE}",Nhưng ở đây có căn cứ sản xuất.{PAGE}Em biết dùng chúng chứ?{PAGE},approved,
2C1E58,"Sure, I'm OK!{PAGE}","Vâng, biết!{PAGE}",revised,
2C1E68,"Well, then, there's no problem!{PAGE}I'm counting on you, Andy!{NL}You too, {PLAYER}!{PAGE}","Vậy thì không sao!{PAGE}Chị trông cậy ở em, Andy!{NL}Cả {PLAYER} nữa!{PAGE}",revised,
2C1EB0,"Hey, Nell!{PAGE}What's with this small battalion?{PAGE}It's like you're asking me to lose!{PAGE}",Này Nell!{PAGE}Sao quân ít thế này?{PAGE}Chị muốn tôi thua sao?{PAGE},revised,
2C1F04,"I'm sorry, Max.{PAGE}There was an error, and{NL}preparations weren't completed.{PAGE}",Xin lỗi Max.{PAGE}Có sơ suất nên quân ta{NL}chưa chuẩn bị xong.{PAGE},approved,
2C1F50,"But there are bases for{NL}deployment, right there.{PAGE}",Nhưng ở đây có căn cứ{NL}sản xuất quân mà.{PAGE},revised,
2C1F84,"All right!{PAGE}I've got permission to request{NL}my own units, right?{PAGE}","Được!{PAGE}Tôi được phép tự sản xuất{NL}quân cần dùng, đúng không?{PAGE}",revised,
2C1FC4,That's right.{PAGE}You can deploy any unit{NL}that you deem necessary.{PAGE}Do you remember the procedure?{PAGE},Đúng vậy.{PAGE}Anh cứ sản xuất đơn vị{NL}mà anh thấy cần.{PAGE}Anh nhớ cách làm chứ?{PAGE},revised,
2C2024,Hey! Don't treat me like a fool!{PAGE}Of course I remember!{PAGE},Này! Đừng coi tôi là ngốc!{PAGE}Tất nhiên là nhớ!{PAGE},revised,
2C205C,"Oh, Max! You're so fun to tease!{PAGE}I'm counting on you, Max!{NL}You, too, {PLAYER}!{PAGE}","Ôi Max, anh dễ trêu thật!{PAGE}Trông cậy vào anh, Max!{NL}Và bạn nữa, {PLAYER}!{PAGE}",revised,
2C20A8,There aren't many units here.{PAGE},Ở đây không có nhiều quân.{PAGE},approved,
2C20C8,"But then, there must be some{NL}bases around here. Right, Nell?{PAGE}",Vậy chắc quanh đây có{NL}căn cứ. Đúng không Nell?{PAGE},approved,
2C2108,"Right as always, Sami!{NL}Nothing gets by you.{PAGE}I'm sure I don't have to tell{NL}you what to do, right?{PAGE}","Đúng như mọi khi, Sami!{NL}Em tinh mắt thật.{PAGE}Chắc chị không cần chỉ{NL}em phải làm gì nhỉ?{PAGE}",revised,
2C216C,"No, I don't have any questions.{PAGE}","Vâng, em không có thắc mắc.{PAGE}",revised,
2C2190,"I'm counting on you, Sami!{NL}You too, {PLAYER}!{PAGE}","Trông cậy vào em, Sami!{NL}Cả bạn nữa, {PLAYER}!{PAGE}",approved,
2C21B8,Where are all these enemy{NL}units coming from?{PAGE}Withdraw!{PAGE},Sao quân địch từ đâu{NL}kéo đến lắm thế?{PAGE}Rút lui!{PAGE},revised,
2C21F0,"This is beyond comprehension!{PAGE}Regardless of the odds, Kanbei{NL}should never lose this many units!{PAGE}Withdraw!{PAGE}","Không thể hiểu nổi!{PAGE}Dù thế nào, Kanbei không được{NL}mất nhiều quân đến vậy!{PAGE}Rút lui!{PAGE}",approved,
2C225C,It's important to keep the enemy{NL}from crossing the bridge to your side.{PAGE}Try building a defensive wall. That's{NL}a good strategy.{PAGE}Use {UNIT}Md tanks{NORMAL} and then attack with{NL}distance weapons from behind them.{PAGE}Deploying a {UNIT}rocket{NORMAL} or {UNIT}Md tank{NORMAL} unit{NL}on the second day is probably best.{PAGE}Remember to {COMMAND}Capture{NORMAL} neutral cities to{NL}receive funds daily.{PAGE}Better luck next time!{PAGE},"Điều quan trọng là chặn địch{NL}qua cầu sang bên bạn.{PAGE}Hãy lập một bức tường{NL}phòng thủ. Đó là cách hay.{PAGE}Cho {UNIT}tăng vừa{NORMAL} lên trước, rồi{NL}cho quân tầm xa bắn từ sau.{PAGE}Ngày 2: {UNIT}pháo tên lửa{NORMAL} hay {UNIT}tăng vừa{NORMAL}{NL}là tốt nhất.{PAGE}Nhớ {COMMAND}Chiếm{NORMAL} thành phố trung lập{NL}để có thu nhập mỗi ngày.{PAGE}Lần sau cố gắng hơn!{PAGE}",revised,
2C23C4,Kanbei's got us surrounded!{PAGE},Kanbei vây quanh ta rồi!{PAGE},approved,
2C23E4,"On top of that, we have to{NL}seize properties to win.{PAGE}Looks like things are{NL}gonna get rough.{PAGE}","Hơn nữa, ta còn phải{NL}chiếm nhà để thắng.{PAGE}Xem ra sẽ rất khó{NL}đây.{PAGE}",revised,
2C2440,But look! This time we have{NL}an airport!{PAGE},Nhưng xem! Lần này ta có{NL}sân bay!{PAGE},approved,
2C246C,"What's an airport, again?{PAGE}",Sân bay là gì nhỉ?{PAGE},revised,
2C2488,"Airports let us deploy air units!{PAGE}Plus, damaged planes and copters{NL}can go there to recover HP.{PAGE}","Sân bay cho ta tạo không quân!{PAGE}Máy bay, trực thăng bị hỏng{NL}còn đến đó để phục hồi HP.{PAGE}",revised,
2C24E8,"Oh, OK. Got it!{PAGE}","À, hiểu rồi!{PAGE}",revised,
2C24FC,"That's cool, but isn't that Kanbei's{NL}base right there?{PAGE}","Hay đấy, nhưng kia là căn cứ{NL}của Kanbei phải không?{PAGE}",approved,
2C2534,"Don't worry about that one.{PAGE}Take a close look.{PAGE}That base deploys{NL}ground units, right?{PAGE}Well, it's out in the middle of{NL}nowhere. It's completely useless!{PAGE}Let's ignore that one and {COMMAND}Capture{NORMAL}{NL}some other bases and cities.{PAGE}We need to {COMMAND}Capture{NORMAL} fifteen{NL}properties to win.{PAGE}","Đừng lo về nó.{PAGE}Nhìn kỹ xem.{PAGE}Căn cứ đó sản xuất{NL}quân bộ, đúng không?{PAGE}Nhưng nó nằm ở chỗ hoang vắng,{NL}chắc chẳng có ích gì!{PAGE}Cứ bỏ qua nó và {COMMAND}Chiếm{NORMAL}{NL}các căn cứ, thành phố khác.{PAGE}Ta cần {COMMAND}Chiếm{NORMAL} mười lăm{NL}nhà để thắng.{PAGE}",revised,
2C2640,Kanbei's got us surrounded!{PAGE},Kanbei vây quanh ta rồi!{PAGE},approved,
2C2660,"Yeah, he does. And again, we're{NL}short of troops. This looks bad.{PAGE}",Đúng vậy. Ta lại thiếu{NL}quân nữa. Không ổn rồi.{PAGE},approved,
2C26A4,But look! This time we've{NL}got an airport and a port!{PAGE},Nhưng xem! Lần này ta{NL}có sân bay và cảng!{PAGE},revised,
2C26DC,"What are ports and airports, again?{PAGE}",Cảng và sân bay là gì nhỉ?{PAGE},revised,
2C2704,"Airports deploy planes and copters{NL}and ports deploy ships and subs.{PAGE}Plus, damaged units can use them{NL}to recover HP.{PAGE}","Sân bay tạo máy bay, trực thăng;{NL}cảng tạo tàu biển, tàu ngầm.{PAGE}Đơn vị bị hỏng có thể đến đó{NL}để phục hồi HP.{PAGE}",revised,
2C277C,"Oh, OK. Got it!{PAGE}","À, hiểu rồi!{PAGE}",revised,
2C2790,"That's cool, but isn't that Kanbei's{NL}base right there?{PAGE}","Hay đấy, nhưng kia là căn cứ{NL}của Kanbei phải không?{PAGE}",approved,
2C27C8,"Don't worry about that one.{PAGE}Take a close look.{PAGE}That base deploys{NL}ground units, right?{PAGE}Well, it's out in the middle of{NL}nowhere. It's completely useless!{PAGE}Let's ignore that one and {COMMAND}Capture{NORMAL}{NL}some other bases and cities.{PAGE}We need to {COMMAND}Capture{NORMAL} fifteen{NL}properties to win.{PAGE}","Đừng lo về nó.{PAGE}Nhìn kỹ xem.{PAGE}Căn cứ đó sản xuất{NL}quân bộ, đúng không?{PAGE}Nhưng nó nằm ở chỗ hoang vắng,{NL}chắc chẳng có ích gì!{PAGE}Cứ bỏ qua nó và {COMMAND}Chiếm{NORMAL}{NL}các căn cứ, thành phố khác.{PAGE}Ta cần {COMMAND}Chiếm{NORMAL} mười lăm{NL}nhà để thắng.{PAGE}",revised,
2C28D4,"Oh, ho ho ho!{PAGE}Look what I have found!{NL}A base for Kanbei's troops!{PAGE}I shall deploy a mountain{NL}of troops!{PAGE}",Hô hô hô!{PAGE}Nhìn ta tìm thấy gì này!{NL}Căn cứ cho quân Kanbei!{PAGE}Ta sẽ sản xuất quân{NL}thật đông ở đây!{PAGE},revised,
2C293C,By my sword!{PAGE}What a horribly useless{NL}base that was!{PAGE},Trời đất ơi!{PAGE}Căn cứ đó thật{NL}vô dụng!{PAGE},approved,
2C2974,"Oh, Father!{PAGE}You know this is because you never{NL}let me finish what I'm trying to tell you!{PAGE}",Cha ơi!{PAGE}Tại cha không bao giờ để con{NL}nói hết điều con muốn nói!{PAGE},approved,
2C29EC,And one more thing.{PAGE}Orange Star's objective is not{NL}to conquer Yellow Comet.{PAGE},Còn điều này nữa.{PAGE}Orange Star không hề muốn{NL}chiếm Yellow Comet.{PAGE},approved,
2C2A3C,"Are you mad, daughter?{PAGE}They were...{PAGE}",Con điên sao?{PAGE}Chúng đã...{PAGE},revised,
2C2A64,"Father! Shooting first and asking{NL}questions later is not a good strategy.{PAGE}If you were suddenly attacked,{NL}you'd return fire, too!{PAGE}","Cha! Bắn trước hỏi sau{NL}không phải chiến lược tốt.{PAGE}Nếu tự nhiên bị tấn công,{NL}cha cũng bắn trả thôi!{PAGE}",revised,
2C2AF4,"If you leave them be, I'm sure{NL}they'll depart without any trouble.{PAGE}No more attacking, Father!{NL}Understood?{PAGE}","Cứ để họ yên, con tin họ{NL}sẽ đi mà không gây chuyện.{PAGE}Đừng tấn công nữa, cha!{NL}Cha hiểu chưa?{PAGE}",revised,
2C2B68,Hmm... The Orange Star Army...{PAGE}They're not all that I imagined{NL}they would be.{PAGE}As that's the case...{PAGE}it's up to me to act.{PAGE},Hm... quân Orange Star...{PAGE}Họ không như ta từng{NL}tưởng tượng.{PAGE}Nếu vậy...{PAGE}ta phải ra tay.{PAGE},approved,
2C2BE4,By my sword!{PAGE}What a horribly useless{NL}base that was!{PAGE}And I was defeated in such{NL}a short time!{PAGE}Was that base in a poor location?{PAGE},Trời đất ơi!{PAGE}Căn cứ đó thật{NL}vô dụng!{PAGE}Lại còn bị đánh bại{NL}nhanh đến vậy!{PAGE}Vị trí căn cứ đó quá tệ sao?{PAGE},revised,
2C2C64,"You let fifteen properties get{NL}captured, didn't you?{PAGE}",Bạn để địch chiếm mười lăm{NL}nhà rồi phải không?{PAGE},revised,
2C2C9C,"Sami's comments were dead-on.{PAGE}You should've ignored that one base{NL}and focused on capturing others.{PAGE}If you stay cool and calm,{NL}you'll be fine.{PAGE}Good luck!{PAGE}",Sami nói đúng hoàn toàn.{PAGE}Lẽ ra bạn nên bỏ qua căn cứ đó{NL}và tập trung chiếm nơi khác.{PAGE}Giữ bình tĩnh thì{NL}bạn sẽ ổn thôi.{PAGE}Chúc may mắn!{PAGE},revised,
2C2D38,"Andy?{0E}{0E}{0E}{0C}Sami?{PAGE}Hey, {PLAYER}!{NL}I can't find Andy or Sami!{PAGE}The two of them have disappeared!{PAGE}Huh?{PAGE}What the...? I'm surrounded!{PAGE}Are those Yellow Comet troops?{PAGE}Man, I've been set up!{PAGE}","Andy?{0E}{0E}{0E}{0C}Sami?{PAGE}Này, {PLAYER}!{NL}Tôi không tìm thấy họ!{PAGE}Hai người biến mất rồi!{PAGE}Hả?{PAGE}Cái gì...? Tôi bị vây rồi!{PAGE}Quân Yellow Comet à?{PAGE}Chắc tôi bị gài bẫy!{PAGE}",revised,
2C2DE8,"CO Max and{NL}{PLAYER}, right?{PAGE}I'm here to evaluate{NL}your combat prowess.{PAGE}","Max và{NL}{PLAYER}, đúng không?{PAGE}Tôi đến xem{NL}hai người mạnh đến đâu.{PAGE}",approved,
2C2E28,"Max, you have underdeveloped{NL}indirect-combat skills.{PAGE}You compensate for this weakness{NL}with a predilection for direct combat.{PAGE}In areas where you can attack{NL}with multiple units, you're a titan.{PAGE}","Max, anh yếu về kỹ năng{NL}đánh gián tiếp.{PAGE}Anh bù đắp bằng niềm đam mê{NL}giao chiến trực diện.{PAGE}Ở nơi đánh được bằng nhiều{NL}đơn vị, anh không có đối thủ.{PAGE}",revised,
2C2EF8,"In tight quarters, though, you tend{NL}to become a target for indirect fire.{PAGE}Try pulling your foe out into wider{NL}terrain: you'll like the results.{PAGE}Or is strategy your department,{NL}{PLAYER}?{PAGE}","Nhưng ở chỗ chật, anh dễ thành{NL}bia cho hỏa lực tầm xa.{PAGE}Hãy nhử địch ra địa hình rộng:{NL}kết quả sẽ làm anh hài lòng.{PAGE}Hay chiến lược là việc của bạn,{NL}{PLAYER}?{PAGE}",revised,
2C2FAC,Who... Who are you?{PAGE},Cô... cô là ai?{PAGE},approved,Trùng nguyên văn Anh–Việt với 2C1028; đã đối chiếu.
2C2FC4,"It's a pleasure to meet you.{NL}My name is Sonja.{PAGE}I'm a Yellow Comet CO.{PAGE}I've taken the liberty of separating{NL}you from your companions.{PAGE}So, now...{PAGE}",Rất vui được gặp hai người.{NL}Tôi là Sonja.{PAGE}CO của Yellow Comet.{PAGE}Tôi đã tách anh khỏi{NL}đồng đội của mình.{PAGE}Vậy bây giờ...{PAGE},approved,
2C3058,Hey! (yawn) What the...?{0E}{0E}{0E}{0C}So...sleepy... Zzz...{PAGE},Này! (ngáp) Cái gì...?{0E}{0E}{0E}{0C}Buồn ngủ... Zzz...{PAGE},revised,
2C308C,"Sweet dreams, Max.{PAGE}","Ngủ ngon nhé, Max.{PAGE}",revised,
2C30A0,"Sonja's quite clever.{PAGE}She hid her units in some{NL}very strategic locations.{PAGE}So, emulate her tactics and use the{NL}woods for cover when moving.{PAGE}You should be able to avoid a lot{NL}of damage that way.{PAGE}Better luck next time!{PAGE}",Sonja rất thông minh.{PAGE}Cô ấy giấu quân ở các vị trí{NL}chiến lược.{PAGE}Hãy học cách cô ấy dùng{NL}rừng che chắn khi di chuyển.{PAGE}Như vậy bạn tránh được{NL}nhiều sát thương.{PAGE}Lần sau cố gắng!{PAGE},revised,
2C317C,"This is just perfect!{PAGE}Set up by that little brat again!{PAGE}{PLAYER}, she didn't{NL}get you, too, did she?{PAGE}","Tuyệt thật đấy!{PAGE}Lại bị con nhóc đó gài bẫy!{PAGE}{PLAYER}, cô ta không bắt{NL}được bạn chứ?{PAGE}",revised,
2C31DC,What? Really?{PAGE},Gì? Thật à?{PAGE},revised,
2C31EC,"You seem to{NL}be in good spirits, though.{PAGE}Well, whatever.{PAGE}",Nhìn bạn vẫn{NL}có vẻ vui nhỉ.{PAGE}Thôi kệ vậy.{PAGE},revised,
2C3228,"Oh, good. That's a relief.{PAGE}We'd be lost if you got{NL}knocked out, too.{PAGE}","À, tốt quá. Nhẹ cả người.{PAGE}Bạn cũng bị hạ thì{NL}bọn tôi thua chắc.{PAGE}",revised,
2C3270,"Oh, great. Fog of War...{PAGE}This is Sonja's forte.{PAGE}Well, we have to cross the water{NL}here, so we must protect our landers.{PAGE}We'll have no chance of victory if{NL}we can't transport our troops.{PAGE}Let's try and use the reefs for{NL}cover as we go.{PAGE}I think Sonja's forgotten that I'm an{NL}infantry troop specialist, though.{PAGE}If we need to capture properties to{NL}win this, then it's as good as done!{PAGE}Get ready, Sonja!{NL}We're comin' for you!{PAGE}","Hay thật. Lại Sương Mù...{PAGE}Đây là sở trường của Sonja.{PAGE}Ta phải vượt biển ở đây,{NL}nên cần bảo vệ tàu đổ bộ.{PAGE}Không chở được quân qua biển{NL}thì chẳng có cơ hội thắng.{PAGE}Hãy dùng bãi ngầm{NL}để ẩn nấp khi đi.{PAGE}Nhưng Sonja quên mất là tôi{NL}giỏi dùng bộ binh rồi.{PAGE}Nếu cần chiếm nhà để thắng,{NL}thì coi như xong!{PAGE}Chuẩn bị đi, Sonja!{NL}Bọn tôi đến đây!{PAGE}",revised,
2C3414,"Nice to see you again, Sonja.{PAGE}","Lại gặp em, Sonja.{PAGE}",approved,
2C3434,Grit!{PAGE}Did you discover anything?{PAGE},Grit!{PAGE}Anh tìm ra gì chưa?{PAGE},approved,
2C3458,"Nope. Not a darn thing.{PAGE}I was able to follow{NL}His Beardedness, but...{PAGE}I think Olaf himself has been{NL}tossed by the wayside.{PAGE}","Không. Chẳng có gì cả.{PAGE}Anh theo được ông già{NL}râu rậm đó, nhưng...{PAGE}Có lẽ Olaf cũng đã bị{NL}gạt sang bên.{PAGE}",revised,
2C34DC,"Maybe Olaf'll realize that he's{NL}been used. That'd be nice.{PAGE}He ain't such a bad guy, you know?{PAGE}Let's move on to somethin' else{NL}now, Sonja.{PAGE}Don't you think you're taking{NL}things a tad bit too far?{PAGE}There's a whole mess of folks after{NL}you, darlin'. Like all of Orange Star.{PAGE}","Mong Olaf biết mình bị lợi dụng.{NL}Như vậy sẽ tốt.{PAGE}Ông ta không phải người xấu.{PAGE}Thôi, nói việc khác đi{NL}Sonja.{PAGE}Em không thấy mình đã đi{NL}hơi xa sao?{PAGE}Rất nhiều người đang tìm em,{NL}cả quân Orange Star nữa.{PAGE}",revised,
2C35EC,"Really?{PAGE}Actually, I don't think I've{NL}done enough.{PAGE}This is invaluable intel that I'm{NL}gathering. I must continue!{PAGE}",Thật sao?{PAGE}Thực ra em thấy mình{NL}làm vẫn chưa đủ.{PAGE}Tin tức này vô cùng quý giá.{NL}Em phải tiếp tục thu thập!{PAGE},approved,
2C3660,"Well, if you're that determined,{NL}I guess I ain't got nothin' else to say.{PAGE}I'll go see what else I can find out.{PAGE}","Nếu em quyết tâm thế,{NL}anh cũng chẳng còn gì để nói.{PAGE}Anh đi tìm thêm tin tức vậy.{PAGE}",approved,
2C36D4,"OK. Thanks, Grit!{PAGE}",Được. Cảm ơn Grit!{PAGE},revised,
2C36E8,"My, oh, my!{PAGE}You're much stronger than{NL}you used to be, aren't you?{PAGE}",Chà ơi!{PAGE}Bạn mạnh hơn trước{NL}nhiều rồi nhỉ?{PAGE},revised,
2C372C,Of course I am!{PAGE},Tất nhiên!{PAGE},approved,
2C3740,"But your basic abilities haven't{NL}really changed at all, have they?{PAGE}In an area with lots of properties{NL}to capture, your skills are adequate.{PAGE}But you're still poor{NL}at indirect combat.{PAGE}In straight-up battle, you'd move your{NL}infantry in and seize the enemy HQ.{PAGE}That's what you're best at, isn't it?{PAGE}","Nhưng kỹ năng cơ bản của bạn{NL}vẫn không đổi nhỉ?{PAGE}Ở nơi có nhiều nhà để chiếm,{NL}bạn dùng bộ binh rất tốt.{PAGE}Nhưng bạn vẫn kém{NL}đánh gián tiếp.{PAGE}Khi đánh trực diện, bạn cho{NL}bộ binh xông lên chiếm HQ.{PAGE}Đó là sở trường bạn, đúng không?{PAGE}",revised,
2C3868,"Ha...{PAGE}You're as good as ever at breaking{NL}everything down and analyzing it.{PAGE}But what are you doing, Sonja?{PAGE}Why did you attack us?{PAGE}","Hà...{PAGE}Em vẫn giỏi phân tích{NL}mọi chuyện như xưa.{PAGE}Nhưng em đang làm gì, Sonja?{PAGE}Sao em tấn công bọn tôi?{PAGE}",revised,
2C38EC,"I can't... I can't tell you, yet.{PAGE}You'd better look over there.{PAGE}",Em chưa... chưa thể nói.{PAGE}Chị nên nhìn qua kia.{PAGE},revised,
2C3930,Huh?{PAGE}That's Andy!{PAGE}How did you...?{PAGE},Hả?{PAGE}Andy kia!{PAGE}Em làm sao...?{PAGE},approved,
2C3954,"I told him I had some new tools for him,{NL}and he followed me like a lost puppy.{PAGE}","Em bảo có đồ chơi mới cho cậu ấy,{NL}thế là cậu ấy theo em ngay.{PAGE}",revised,
2C39B0,He should be waking up{NL}anytime now. Bye-bye.{PAGE},Cậu ấy sắp tỉnh rồi.{NL}Tạm biệt.{PAGE},approved,
2C39E0,Come back...{0E}{0E}{0E}{0C}She's gone. Great.{PAGE}Sonja...{PAGE}You'll pay for this!{PAGE},Quay lại...{0E}{0E}{0E}{0C}Đi rồi. Hay thật.{PAGE}Sonja...{PAGE}Cô sẽ trả giá!{PAGE},revised,
2C3A24,"The enemy units captured sixteen{NL}properties, didn't they?{PAGE}","Địch đã chiếm mười sáu{NL}nhà, đúng không?{PAGE}",approved,
2C3A60,"Orange Star started out with{NL}seven properties.{PAGE}This means you needed to {COMMAND}Capture{NORMAL}{NL}nine more to win.{PAGE}To get that many, you should work on{NL}the big island in the center of the map.{PAGE}Add that to the lower middle island's{NL}properties, and you'll have enough.{PAGE}Don't give up! Good luck.{PAGE}","Orange Star ban đầu có{NL}bảy nhà.{PAGE}Vậy bạn cần {COMMAND}Chiếm{NORMAL}{NL}thêm chín nhà để thắng.{PAGE}Hãy tập trung vào đảo lớn{NL}giữa bản đồ.{PAGE}Thêm các nhà ở đảo phía dưới,{NL}bạn sẽ đủ số cần thiết.{PAGE}Đừng bỏ cuộc! Chúc may mắn.{PAGE}",revised,
2C3B78,I've got to battle Sonja?{PAGE}I really don't want to.{PAGE},Tôi phải đánh Sonja sao?{PAGE}Tôi không muốn đâu.{PAGE},approved,
2C3BAC,"If you mention that she gave you new{NL}tools again, I'm gonna thump you!{PAGE}","Còn nhắc chuyện đồ chơi mới{NL}nữa, tôi sẽ đánh em đấy!{PAGE}",revised,
2C3BF4,Yikes!{PAGE},Ôi!{PAGE},approved,
2C3BFC,"Do you have any idea what{NL}I had to go through? New tools! Hah!{PAGE}Oh, and don't expect any sympathy{NL}from me if you lose!{PAGE}","Em có biết tôi đã phải{NL}trải qua gì không? Đồ chơi mới à!{PAGE}Nếu em thua, đừng mong tôi{NL}thông cảm!{PAGE}",revised,
2C3C74,"This is the last test...{PAGE}Show me what you do, Andy!{PAGE}","Bài thử cuối...{PAGE}Cho tôi xem đi, Andy!{PAGE}",revised,
2C3CAC,"Um, {PLAYER}?{NL}What's the deal with{PAGE}Sonja and Sami?{PAGE}Do they not get along?{NL}{16}","Uhm, {PLAYER}?{NL}Sami và Sonja{PAGE}có chuyện gì vậy?{PAGE}Họ không hợp nhau sao?{NL}{16}",approved,
2C3CF4,Really?{PAGE}I wonder why Sami always gets so{NL}mad when she hears Sonja's name.{PAGE},"Thật à?{PAGE}Sao mỗi khi nghe tên Sonja,{NL}Sami lại nổi giận nhỉ?{PAGE}",revised,
2C3D40,"Well, anyway, let's do{NL}our best, {PLAYER}.{PAGE}","Thôi, hãy cố gắng{NL}nhé, {PLAYER}.{PAGE}",revised,
2C3D68,"Yeah, I thought so.{PAGE}In that case, who knows what'll{NL}happen if I lose.{PAGE}","Tôi cũng nghĩ vậy.{PAGE}Nếu thế, tôi thua thì{NL}không biết ra sao.{PAGE}",approved,
2C3DB0,"Let's do it, {PLAYER}!{PAGE}","Đi nào, {PLAYER}!{PAGE}",approved,
2C3DC4,"All right, Sonja! Now I{NL}want some answers!{PAGE}Why have you been attacking us?{PAGE}","Được, Sonja! Hãy{NL}trả lời tôi!{PAGE}Sao em tấn công bọn tôi?{PAGE}",revised,
2C3E10,"All in due time, Sami.{NL}But first, Andy.{PAGE}","Rồi sẽ biết, Sami.{NL}Trước tiên, Andy.{PAGE}",approved,
2C3E3C,What?{PAGE},Sao?{PAGE},approved,
2C3E44,You don't have any weak points.{PAGE},Cậu không có điểm yếu.{PAGE},approved,
2C3E68,"Well, of course not!{PAGE}",Tất nhiên rồi!{PAGE},approved,
2C3E80,"But you don't have any{NL}special strengths, either.{PAGE}",Nhưng cậu cũng chẳng có{NL}sở trường đặc biệt.{PAGE},approved,
2C3EB4,Huh?{PAGE},Hả?{PAGE},approved,Trùng nguyên văn Anh–Việt với 2BD7F8; đã đối chiếu.
2C3EBC,"Ha, ha.{PAGE}But that in itself is your strength.{PAGE}Don't you think Andy's easy to{NL}work with, {PLAYER}?{PAGE}And if things start getting rough,{NL}Max and Sami are there to help out.{PAGE}All you need to do is have {PLAYER}{NL}choose who fights which battle.{PAGE}If you do that, there's no one who{NL}can best you on the field of battle.{PAGE}","Ha ha.{PAGE}Nhưng đó cũng là điểm mạnh.{PAGE}Andy dễ phối hợp, phải không{NL}{PLAYER}?{PAGE}Khi khó khăn, Max và Sami{NL}luôn sẵn sàng giúp.{PAGE}Chỉ cần để {PLAYER}{NL}chọn CO phù hợp cho từng trận đấu.{PAGE}Làm được vậy, chẳng ai{NL}có thể hạ các bạn.{PAGE}",revised,
2C3FE4,Hey! Don't ignore me!{PAGE},Này! Đừng lờ tôi!{PAGE},revised,
2C3FFC,Sami.{PAGE},Sami.{PAGE},approved,
2C4004,Yeah?{PAGE},Sao?{PAGE},approved,
2C400C,"Very soon you and your friends are{NL}going to face an unimaginable foe.{PAGE}Take care of {PLAYER},{NL}and Andy, too.{PAGE}","Sắp tới, chị và đồng đội{NL}sẽ đối mặt kẻ thù khó tưởng.{PAGE}Hãy lo cho {PLAYER}{NL}và cả Andy nữa.{PAGE}",revised,
2C4074,How do you...?{PAGE},Sao em...?{PAGE},approved,
2C4084,"That's not your concern.{PAGE}See you again, Sami.{PAGE}","Chị không cần lo.{PAGE}Hẹn gặp lại, Sami.{PAGE}",revised,
2C40B4,Hey! Hold it!{0E}{0E}{0E}{0C}She's gone again!{PAGE}She didn't really tell us a{NL}doggone thing!{PAGE},Này! Đứng lại!{0E}{0E}{0E}{0C}Cô ta lại đi rồi!{PAGE}Rồi cũng chẳng giải thích{NL}được gì cả!{PAGE},revised,
2C4104,Where you unload your troops is{NL}key to this mission.{PAGE}Why don't you try unloading them{NL}somewhere else next time?{PAGE}The results may be more{NL}to your liking.{PAGE}Good luck! Don't give up!{PAGE},Chỗ thả quân xuống là{NL}mấu chốt nhiệm vụ này.{PAGE}Lần sau thử thả ở nơi{NL}khác xem sao.{PAGE}Kết quả có thể sẽ{NL}tốt hơn đấy.{PAGE}Chúc may mắn! Đừng bỏ cuộc!{PAGE},revised,
2C41B8,{PLAYER}! Andy!{NL}Can you hear me?{PAGE},{PLAYER}! Andy!{NL}Nghe rõ không?{PAGE},approved,
2C41D4,"Is that you, Nell?{NL}What is it?{PAGE}",Nell à?{NL}Có việc gì?{PAGE},approved,
2C41F4,"We have an emergency!{PAGE}The Coral Fortress is being stormed{NL}by Drake of Green Earth!{PAGE}We've never had trouble with him{NL}before, so we didn't see them coming!{PAGE}","Có tình huống khẩn!{PAGE}Pháo đài Coral đang bị Drake{NL}của Green Earth tấn công!{PAGE}Trước đây không có xung đột,{NL}nên ta không kịp đề phòng!{PAGE}",revised,
2C4290,There are a bunch of bad guys here!{PAGE},Ở đây đông địch quá!{PAGE},revised,
2C42B8,"This point is of vital importance{NL}to Orange Star.{PAGE}If the enemy seizes a lot of properties{NL}here, we'll lose control of the area.{PAGE}You have to beat them to it and{NL}secure as many cities as possible.{PAGE}Including your bases and HQ, you{NL}must secure twelve properties to win.{PAGE}","Nơi này rất quan trọng{NL}với Orange Star.{PAGE}Nếu địch chiếm nhiều nhà tại đây,{NL}ta sẽ mất quyền kiểm soát.{PAGE}Hai em phải chiếm trước chúng{NL}càng nhiều nhà càng tốt.{PAGE}Tính cả căn cứ và HQ,{NL}giữ mười hai nhà là thắng.{PAGE}",revised,
2C43C4,"Secure as many properties{NL}as possible? OK, I got it!{PAGE}",Chiếm càng nhiều nhà{NL}càng tốt? Em hiểu rồi!{PAGE},approved,
2C43FC,"These bases are yours to use.{PAGE}{PLAYER}, deploy whatever units{NL}you see fit.{PAGE}I'm counting on you!{PAGE}","Dùng các căn cứ này đi.{PAGE}{PLAYER}, hãy tạo đơn vị{NL}bạn thấy cần thiết.{PAGE}Trông cậy vào bạn!{PAGE}",revised,
2C4458,I've got it covered!{PAGE},Cứ để em lo!{PAGE},approved,
2C4478,"Hey, {PLAYER}, which units do{NL}we use to {COMMAND}Capture{NORMAL} with, again?{PAGE}","Này {PLAYER}, ta dùng quân gì{NL}để {COMMAND}Chiếm{NORMAL} nhỉ?{PAGE}",revised,
2C44B4,"Now's the time.{PAGE}I need to know if Orange Star was{NL}behind these blackhearted acts.{PAGE}Anchors, away!{PAGE}",Đến lúc rồi.{PAGE}Ta cần biết Orange Star có đứng{NL}sau những vụ đen tối kia không.{PAGE}Kéo neo! Xuất phát!{PAGE},revised,
2C4518,"By the way, what kind{NL}of CO is Drake?{PAGE}",Mà Drake là CO{NL}thế nào vậy?{PAGE},approved,
2C4540,I've heard that he's virtually{NL}unstoppable in naval combat.{PAGE}His armada is supposed to be{NL}a real powerhouse.{PAGE},Nghe nói anh ta gần như{NL}vô địch trên biển.{PAGE}Hạm đội của anh ta{NL}rất đáng gờm.{PAGE},approved,
2C45B0,"There you go again, Sami!{NL}You're a warehouse of intel.{PAGE}",Sami lại biết nữa rồi!{NL}Em có cả kho tin tức nhỉ.{PAGE},revised,
2C45E8,But I could swear there was{NL}something else... Something big...{PAGE},Nhưng hình như còn{NL}điều gì đó... rất lớn...{PAGE},revised,
2C4628,A job well done!{PAGE}You've beaten me.{PAGE},Làm tốt lắm!{PAGE}Các người hạ được ta.{PAGE},revised,
2C464C,"So, you're Drake?{PAGE}",Vậy anh là Drake?{PAGE},approved,
2C4660,"That'd be me.{PAGE}I wanted to find some answers here,{NL}but all I've netted are more questions.{PAGE}I'll be seeing you again, lad.{PAGE}","Đúng là ta.{PAGE}Ta đến tìm câu trả lời,{NL}nhưng lại thêm nghi vấn.{PAGE}Ta sẽ gặp lại, nhóc ạ.{PAGE}",revised,
2C46DC,You were so close...{PAGE},Bạn suýt được...{PAGE},approved,
2C46F4,"The enemy captured twelve{NL}properties before you.{PAGE}That means you lose, {PLAYER}.{PAGE}","Địch chiếm được mười hai{NL}nhà trước bạn.{PAGE}Vậy bạn thua rồi, {PLAYER}.{PAGE}",revised,
2C4740,"Drake's CO Power is really{NL}dangerous, isn't it?{PAGE}But don't forget Andy's CO Power.{PAGE}If you use it after Drake uses his,{NL}you'll be fine!{PAGE}Andy's Power restores HP!{PAGE}Good luck! Keep your spirits up!{PAGE}","Sức mạnh CO của Drake{NL}nguy hiểm thật nhỉ?{PAGE}Đừng quên Sức mạnh CO Andy.{PAGE}Dùng nó sau khi Drake ra đòn,{NL}bạn sẽ ổn thôi!{PAGE}Sức mạnh Andy hồi HP!{PAGE}Chúc may mắn! Vững tin nhé!{PAGE}",revised,
2C4804,{PLAYER}! Andy!{NL}This is Nell! Can you read me?{PAGE},{PLAYER}! Andy!{NL}Nell đây! Nghe rõ không?{PAGE},revised,
2C4830,What's wrong?{PAGE},Có chuyện gì?{PAGE},approved,
2C4840,CO Drake has hit us again!{PAGE}We need you to come in and{NL}protect this missile unit.{PAGE}It's vital to Orange Star's{NL}strategic success.{PAGE}Watch out for the enemy battleship to{NL}the south; it's moving in to attack.{PAGE},CO Drake lại tấn công ta!{PAGE}Hai em phải bảo vệ{NL}đơn vị tên lửa này.{PAGE}Nó rất quan trọng với{NL}chiến lược của Orange Star.{PAGE}Cẩn thận tàu chiến địch từ{NL}phía nam đang ập đến.{PAGE},revised,
2C490C,"I understand!{PAGE}I just have to protect this{NL}missile unit, right?{PAGE}","Em hiểu!{PAGE}Chỉ cần giữ an toàn cho{NL}tên lửa, đúng không?{PAGE}",approved,
2C494C,"You've got it.{PAGE}Don't worry about the cities{NL}or your HQ.{PAGE}Ten days, Andy!{PAGE}If you can keep that unit safe for ten{NL}days, I'll take care of everything else.{PAGE}Don't let us down,{NL}{PLAYER}!{PAGE}","Đúng rồi.{PAGE}Đừng lo cho thành phố{NL}hay HQ của em.{PAGE}Mười ngày, Andy!{PAGE}Giữ đơn vị đó an toàn mười{NL}ngày, còn lại để chị lo.{PAGE}Đừng để chị thất vọng,{NL}{PLAYER}!{PAGE}",revised,
2C49FC,"It's been smooth sailing so far.{PAGE}All we have to do is take out{NL}that missile unit.{PAGE}Up and at 'em, mateys!{PAGE}","Từ nãy thuận buồm xuôi gió.{PAGE}Ta chỉ cần diệt{NL}đơn vị tên lửa đó.{PAGE}Xông lên, các thủy thủ!{PAGE}",revised,
2C4A68,{PLAYER}! Andy!{NL}Sorry to have kept you waiting!{PAGE},{PLAYER}! Andy!{NL}Xin lỗi để hai em đợi lâu!{PAGE},revised,
2C4A94,"Nell!{NL}Boy, am I glad to see you!{PAGE}","Nell!{NL}May quá, cô đã đến!{PAGE}",approved,
2C4AB8,"You really stuck it out, didn't you!{PAGE}",Hai em đã cầm cự thật giỏi!{PAGE},approved,
2C4AE0,"CO Drake! If you want to continue{NL}this, you'll have to face me!{PAGE}","CO Drake! Nếu anh còn muốn{NL}đánh, hãy đối mặt với tôi!{PAGE}",approved,
2C4B24,"Well, I'll be keelhauled! Nell and her{NL}troops have surfaced!{PAGE}We're outnumbered, we are!{PAGE}Time to pull anchor!{PAGE}",Ôi trời! Nell và quân{NL}của cô ta đã đến!{PAGE}Chúng ta thua quân số!{PAGE}Nhổ neo! Rút lui!{PAGE},revised,
2C4B94,Barnacles! We couldn't get{NL}them missiles!{PAGE}Time to pull anchor.{PAGE},Quái thật! Không diệt được{NL}đơn vị tên lửa!{PAGE}Nhổ neo thôi.{PAGE},revised,
2C4BD4,"The area around the{NL}HQ is dangerous.{PAGE}So, you have to get that missile{NL}unit out of there!{PAGE}I would suggest using the landers to{NL}move the unit to the north.{PAGE}Try using the reefs to hide in{NL}while you're on the move.{PAGE}The enemy will have a hard time{NL}finding you there.{PAGE}Use your recon and sub units to{NL}help find safe passage as well.{PAGE}Above all, use caution.{NL}Good luck!{PAGE}","Vùng quanh HQ rất{NL}nguy hiểm.{PAGE}Phải đưa đơn vị tên lửa{NL}ra khỏi đó!{PAGE}Hãy dùng tàu đổ bộ chở nó{NL}lên phía bắc.{PAGE}Trên đường, đưa tàu vào rạn{NL}biển để ẩn nấp.{PAGE}Địch khó mà tìm{NL}bạn ở đó.{PAGE}Dùng xe thăm dò và tàu ngầm{NL}để tìm đường an toàn.{PAGE}Trên hết, hãy cẩn thận.{NL}Chúc may mắn!{PAGE}",revised,
2C4D40,This'll be the third time{NL}I've faced Eagle.{PAGE}It's about time to wrap{NL}him up for good.{PAGE},Đây là lần thứ ba{NL}tôi gặp Eagle.{PAGE}Lần này phải kết thúc{NL}mọi chuyện.{PAGE},revised,
2C4D98,I'm gonna get him and make him tell me{NL}why he's been chasing me!{PAGE},Tôi sẽ bắt hắn nói tại sao{NL}hắn cứ đuổi theo tôi!{PAGE},approved,
2C4DDC,I must be dreaming!{PAGE}Andy! Are you getting serious on us?{PAGE},"Tôi mơ sao?{PAGE}Andy, em cũng biết nghiêm túc à?{PAGE}",approved,
2C4E18,"Are you feeling OK, pal?{PAGE}You comin' down with something?{PAGE}",Cậu có ổn không?{PAGE}Bị bệnh gì à?{PAGE},revised,
2C4E54,"Gimme a break, guys! I don't think you{NL}understand what it means to be me.{PAGE}",Thôi đi! Mọi người không hiểu{NL}làm Andy này là gì rồi.{PAGE},revised,
2C4EA0,"Despite Drake's conviction, I{NL}find it hard to credit his hypothesis.{PAGE}Andy! I'm coming for you!{PAGE}","Drake tin thế, nhưng ta thấy{NL}giả thuyết đó khó tin.{PAGE}Andy! Ta đến tìm người đấy!{PAGE}",approved,
2C4F00,"C'mon, tell me! Why have{NL}you been chasing me?{PAGE}",Nói đi! Sao anh cứ{NL}đuổi theo tôi?{PAGE},approved,
2C4F30,"Don't play the fool with me, whelp!{PAGE}Do you expect me to forget what{NL}you did to Green Earth?{PAGE}","Đừng giả ngố, nhóc!{PAGE}Tưởng ta quên việc ngươi{NL}làm với Green Earth sao?{PAGE}",revised,
2C4F90,Huh?{PAGE},Hả?{PAGE},approved,Trùng nguyên văn Anh–Việt với 2BD7F8; đã đối chiếu.
2C4F98,The look on your face during the{NL}assault... I'll never forget! Never!{PAGE},Mặt ngươi khi tấn công...{NL}ta không bao giờ quên!{PAGE},revised,
2C4FE0,No! You're wrong!{NL}It wasn't me!{PAGE},Không! Anh nhầm!{NL}Không phải ta!{PAGE},approved,
2C5004,"What do you take me for, boy?{PAGE}I saw your face!{PAGE}",Cậu coi ta là kẻ ngu à?{PAGE}Ta thấy rõ mặt cậu!{PAGE},approved,
2C5034,"I'm telling you, it wasn't me!{PAGE}Why would I be out attacking{NL}other countries? Why?{PAGE}",Đã bảo không phải tôi!{PAGE}Tôi tấn công nước khác{NL}để làm gì cơ chứ?{PAGE},revised,
2C5088,"Hmm...{PAGE}Very well. I'll take you at your{NL}word...for the moment.{PAGE}There are Drake's thoughts to{NL}consider, as well.{PAGE}But don't believe for a moment{NL}that I trust you.{PAGE}If I find out you're lying to me,{NL}you'll curse the day you were born!{PAGE}","Hm...{PAGE}Được. Tạm thời ta tin{NL}lời ngươi.{PAGE}Ta cũng cần xem Drake{NL}nghĩ gì về việc này.{PAGE}Nhưng đừng tưởng ta{NL}đã tin ngươi.{PAGE}Nếu phát hiện ngươi nói dối,{NL}ngươi sẽ hối hận!{PAGE}",revised,
2C5170,The key is to take out as many units{NL}as possible before Eagle uses{PAGE}his CO Power. Targeting {UNIT}fighters{NORMAL} and{NL}{UNIT}battle copters{NORMAL} first is optimum.{PAGE}Better luck next time.{PAGE},Chìa khóa là diệt nhiều quân{NL}trước khi Eagle dùng{PAGE}Sức mạnh CO. Ưu tiên {UNIT}tiêm kích{NORMAL}{NL}và {UNIT}trực thăng chiến đấu{NORMAL}.{PAGE}Lần sau cố gắng.{PAGE},approved,
2C5218,{PLAYER}! Andy!{NL}Can you hear me?{PAGE},{PLAYER}! Andy!{NL}Nghe rõ không?{PAGE},approved,
2C5234,"What is it this time, Nell?{PAGE}","Lần này có gì, Nell?{PAGE}",approved,
2C5254,"We've been able to outsmart{NL}CO Drake!{PAGE}One of his landers is carrying vital{NL}cargo, and it's hiding in this area.{PAGE}It's up to you to flush it out{NL}and destroy it!{PAGE}","Ta đã qua mặt{NL}CO Drake!{PAGE}Một tàu đổ bộ của hắn chở hàng{NL}rất quan trọng, đang ẩn ở đây.{PAGE}Hai em phải tìm nó{NL}và đánh chìm!{PAGE}",revised,
2C52F4,"Got it!{PAGE}I just need to find the lander{NL}and sink it, right?{PAGE}","Hiểu rồi!{PAGE}Chỉ cần tìm tàu đổ bộ{NL}và đánh chìm, đúng không?{PAGE}",approved,
2C5330,That's it!{PAGE}I think it's safe to assume that{NL}Drake's hiding in the reefs somewhere.{PAGE}Go find him!{PAGE},Đúng!{PAGE}Chắc Drake đang ẩn{NL}trong bãi ngầm đâu đó.{PAGE}Đi tìm hắn đi!{PAGE},revised,
2C5394,"Barnacles!{PAGE}I was so worried about Eagle that{NL}I got trapped...{PAGE}Ahh, I'll think of something.{PAGE}","Quái thật!{PAGE}Ta lo cho Eagle quá nên{NL}bị mắc bẫy...{PAGE}Thôi, sẽ có cách.{PAGE}",revised,
2C53F4,"Arrgh, you got me!{PAGE}I didn't think you'd find me here,{NL}and I let my guard down.{PAGE}","A, bị bắt rồi!{PAGE}Ta không ngờ các ngươi tìm được{NL}ta ở đây, nên đã sơ hở.{PAGE}",approved,
2C5444,"Commander Drake, would you please{NL}tell us why you've been attacking us?{PAGE}","Chỉ huy Drake, xin nói cho{NL}chúng tôi sao anh tấn công?{PAGE}",approved,
2C5490,Haven't you sensed him?{PAGE}The person behind all of{NL}this fighting?{PAGE}Sonja and Grit have been trying{NL}to lure him out of hiding.{PAGE},Các người không cảm thấy sao?{PAGE}Có kẻ đứng sau tất cả{NL}những trận chiến này.{PAGE}Sonja và Grit đang tìm cách{NL}dụ hắn lộ mặt.{PAGE},revised,
2C550C,The person behind all this?{PAGE},Kẻ đứng sau mọi chuyện?{PAGE},revised,
2C552C,"We've been trying to keep Sonja's{NL}movements a secret.{PAGE}So, we staged these battles to{NL}draw his attention away from her.{PAGE}But I think we're finished now.{PAGE}It seems Sonja's found something.{PAGE}I'll be joining her as{NL}soon as I'm able, but...{PAGE}I've got things to take care{NL}of in Green Earth.{PAGE}This is a difficult thing for me{NL}to ask...{PAGE}","Ta cần giữ kín hành động{NL}của Sonja.{PAGE}Nên mới bày ra các trận đấu{NL}để hắn không chú ý cô ấy.{PAGE}Nhưng giờ chắc đã xong.{PAGE}Có vẻ Sonja đã tìm được gì đó.{PAGE}Ta sẽ đến gặp cô ấy{NL}sớm nhất có thể, nhưng...{PAGE}Ta còn việc phải lo{NL}ở Green Earth.{PAGE}Nhờ các người việc này{NL}thật khó mở lời...{PAGE}",revised,
2C5674,You don't have to!{PAGE}We'll help in any way we can!{PAGE},Anh không cần nói!{PAGE}Chúng tôi sẽ giúp hết sức!{PAGE},approved,
2C56A8,"You have to find where in the reefs{NL}the lander is hidden.{PAGE}Unless you're adjacent to a reef,{NL}you can't see what's deployed there.{PAGE}Luckily, you've got two{NL}{UNIT}subs{NORMAL} at your disposal.{PAGE}Submerging them and searching the{NL}reefs is the safest way to go.{PAGE}Good luck!{PAGE}",Bạn phải tìm tàu đổ bộ{NL}ẩn ở rạn biển nào.{PAGE}Không đến sát rạn biển thì{NL}không thấy đơn vị trong đó.{PAGE}May mà bạn có hai{NL}{UNIT}tàu ngầm{NORMAL} để dùng.{PAGE}Cho chúng lặn xuống tìm{NL}rạn biển là an toàn nhất.{PAGE}Chúc may mắn!{PAGE},revised,
2C57A8,"Blast!{PAGE}Right after Yellow Comet, it's on{NL}to Green Earth!{PAGE}We're just trying to pass by. Why{NL}does everyone keep attacking us?{PAGE}I'd never heard there was any{NL}bad blood between our countries.{PAGE}",Quái thật!{PAGE}Vừa qua Yellow Comet lại tới{NL}Green Earth!{PAGE}Ta chỉ muốn đi qua. Sao{NL}ai cũng tấn công ta?{PAGE}Tôi chưa từng nghe hai nước{NL}có hiềm khích gì cả.{PAGE},revised,
2C5864,"I'm as puzzled as you are.{PAGE}Regardless, we're facing CO Drake...{NL}This is going to be rough.{PAGE}",Tôi cũng không hiểu.{PAGE}Dù sao ta phải đấu CO Drake...{NL}Trận này sẽ khó đấy.{PAGE},revised,
2C58C0,What do you know about him?{PAGE},Anh biết gì về hắn?{PAGE},approved,
2C58E0,I've heard that he's virtually{NL}unstoppable in naval combat.{PAGE}His armada is supposed to be{NL}a real powerhouse.{PAGE},Nghe nói anh ta gần như{NL}vô địch trên biển.{PAGE}Hạm đội của anh ta{NL}rất đáng gờm.{PAGE},approved,
2C5950,"Oh, man! Why does Max get all{NL}the fun combat?{PAGE}",Ôi trời! Sao Max được{NL}đánh trận vui thế?{PAGE},approved,
2C5980,"In head-to-head combat like this,{NL}I'm your man!{PAGE}We need to smash every enemy unit{NL}to win. You ready, {PLAYER}?{PAGE}","Đánh trực diện thế này{NL}cứ để tôi!{PAGE}Ta phải diệt hết quân địch{NL}để thắng. Sẵn sàng, {PLAYER}?{PAGE}",revised,
2C59EC,"Now's the time.{PAGE}I need to know if Orange Star was{NL}behind that blackhearted act.{PAGE}Anchors, away!{PAGE}",Đến lúc rồi.{PAGE}Ta cần biết Orange Star có đứng{NL}sau việc đen tối kia không.{PAGE}Kéo neo! Xuất phát!{PAGE},revised,
2C5A4C,A job well done!{PAGE}You've beaten me.{PAGE},Làm tốt lắm!{PAGE}Các người hạ được ta.{PAGE},revised,
2C5A70,You're a Green Earth CO?{PAGE},Anh là CO Green Earth?{PAGE},approved,
2C5A8C,"That I am.{PAGE}I wanted to find some answers here,{NL}but all I've netted are more questions.{PAGE}I'll be seeing you again, lad.{PAGE}","Đúng là ta.{PAGE}Ta đến tìm câu trả lời,{NL}nhưng lại thêm nghi vấn.{PAGE}Ta sẽ gặp lại, nhóc ạ.{PAGE}",revised,
2C5B04,You were so close...{PAGE},Bạn suýt được...{PAGE},approved,
2C5B1C,"Drake's CO Power is really{NL}dangerous, isn't it?{PAGE}You really should take out Drake's{NL}main units before he uses his Power.{PAGE}Do you think you should give{NL}Andy a shot next time?{PAGE}Good luck! Keep your spirits up!{PAGE}",Sức mạnh CO Drake{NL}nguy hiểm nhỉ?{PAGE}Hãy diệt quân chủ lực của anh{NL}ta trước khi dùng nó.{PAGE}Lần sau thử để Andy{NL}chỉ huy xem sao?{PAGE}Chúc may mắn! Vững tin!{PAGE},revised,
2C5BEC,{PLAYER}! I have{NL}a mission for you and Max!{PAGE},{PLAYER}! Tôi có{NL}nhiệm vụ cho bạn và Max!{PAGE},approved,
2C5C14,"A mission for me? You must{NL}need some serious smashin' done.{PAGE}Well, if that's the case, you{NL}know I'm ready to go!{PAGE}",Nhiệm vụ cho tôi? Chắc{NL}cần đập phá gì đấy.{PAGE}Nếu thế thì tôi{NL}sẵn sàng rồi!{PAGE},approved,
2C5C88,"It's not that simple, Max.{NL}There's a catch.{PAGE}The main body of the Green Earth{NL}Army is closing in on this position.{PAGE}","Không dễ vậy đâu, Max.{NL}Có một trở ngại.{PAGE}Quân chủ lực Green Earth{NL}đang áp sát nơi này.{PAGE}",approved,
2C5CFC,What? The entire army...?{PAGE},Gì? Cả đạo quân sao...?{PAGE},revised,
2C5D18,"That's right! So, we need to eliminate{NL}the troops here ASAP, or else!{PAGE}Let's see... How much time...?{NL}Fifteen days! That's all you've got.{PAGE}",Đúng! Ta phải diệt quân ở đây{NL}càng nhanh càng tốt!{PAGE}Để xem... còn bao lâu...?{NL}Mười lăm ngày! Chỉ thế thôi.{PAGE},revised,
2C5DA4,"Fifteen? That's a tall order.{NL}Man, I hate time limits!{PAGE}",Mười lăm? Khó đấy.{NL}Tôi ghét giới hạn thời gian!{PAGE},revised,
2C5DDC,"All right, here we go!{PAGE}Hey, {PLAYER}!{NL}Who do we take down first?{PAGE}","Được rồi, đi thôi!{PAGE}Này {PLAYER}!{NL}Ta đánh ai trước?{PAGE}",revised,
2C5E18,"Aarrgh! They're here already.{PAGE}A bit later and I could've greeted 'em{NL}with the whole Green Earth Army.{PAGE}But if I can keep 'em swimmin' in{NL}circles for a while, I'll still win.{PAGE}Prepare to be boarded, ye{NL}scurvy dogs!{PAGE}","Chà ơi! Chúng đã đến.{PAGE}Đến chậm hơn chút, ta đã đón{NL}chúng bằng cả đạo quân.{PAGE}Nhưng cứ cầm chân chúng{NL}đủ lâu, ta vẫn thắng.{PAGE}Chuẩn bị lên tàu nào,{NL}các thủy thủ!{PAGE}",revised,
2C5EF0,Curses! I've been defeated.{PAGE}Time to hoist sail and flee!{PAGE},Quái! Ta thua rồi.{PAGE}Dong buồm chạy thôi!{PAGE},revised,
2C5F2C,"Time limit or no, rushing about{NL}willy-nilly is not going to defeat Drake.{PAGE}Use units with large vision ranges to{NL}gather intel and scout out your path.{PAGE}Try the same techniques you used in{NL}other areas that had Fog of War.{PAGE}Keep fighting! Good luck!{PAGE}",Có hạn thời gian cũng đừng{NL}lao bừa vào Drake.{PAGE}Dùng quân có tầm nhìn rộng{NL}để thu thập tin và dò đường.{PAGE}Hãy áp dụng cách đã dùng{NL}ở vùng có Sương Mù.{PAGE}Tiếp tục chiến đấu! Chúc may mắn!{PAGE},revised,
2C6024,"Yeah, those are Eagle's boys.{PAGE}It's just like him to deploy such a{NL}well-balanced battalion.{PAGE}But the key here is a strong frontal{NL}assault, and at that, I'm the king!{PAGE}You know,  I gotta find out what{NL}his beef with Andy's all about.{PAGE}Yeah, I owe it to the kid to get{NL}this guy off his back.{PAGE}OK, {PLAYER},{NL}let's do this!{PAGE}","Đúng là quân của Eagle.{PAGE}Hắn lúc nào cũng tạo quân{NL}cân đối như vậy.{PAGE}Nhưng trận này cần tấn công{NL}chính diện mạnh, ta là vua!{PAGE}Ta phải tìm hiểu sao hận{NL}thù Andy đến thế.{PAGE}Phải giúp thằng nhóc{NL}thoát khỏi hắn.{PAGE}Được, {PLAYER},{NL}làm đi!{PAGE}",revised,
2C6158,"Despite Drake's conviction, I{NL}find it hard to credit his hypothesis.{PAGE}Andy! I'm coming for you!{PAGE}","Drake tin thế, nhưng ta thấy{NL}giả thuyết đó khó tin.{PAGE}Andy! Ta đến tìm người đấy!{PAGE}",approved,
2C61B8,"Now, I want some answers!{NL}Why're you hounding Andy?{PAGE}",Giờ hãy trả lời ta!{NL}Sao ngươi cứ đuổi Andy?{PAGE},revised,
2C61F0,"You demand an answer? Very well.{NL}Here's your answer, Max.{PAGE}Your compatriot, Andy, viciously{NL}attacked my homeland.{PAGE}","Muốn câu trả lời? Được.{NL}Ta nói cho anh, Max.{PAGE}Andy đã tấn công tàn ác{NL}quê hương của ta.{PAGE}",approved,
2C6264,Huh?{PAGE},Hả?{PAGE},approved,Trùng nguyên văn Anh–Việt với 2BD7F8; đã đối chiếu.
2C626C,The look on his face during the{NL}assault... I'll never forget! Never!{PAGE},Mặt hắn khi tấn công...{NL}ta không bao giờ quên!{PAGE},revised,
2C62B4,"Hey! Hold up a minute, Eagle.{PAGE}There's no way Andy would do{NL}something like that.{PAGE}C'mon! He couldn't have planned all{NL}that out. He's just a kid!{PAGE}","Khoan đã, Eagle.{PAGE}Andy không thể nào{NL}làm chuyện đó.{PAGE}Nó đâu thể lên kế hoạch{NL}như vậy. Nó chỉ là nhóc mà!{PAGE}",approved,
2C6344,Um... Excuse me?{PAGE},Uhm... xin lỗi?{PAGE},approved,
2C6358,"What I mean is, he does things{NL}for a reason.{PAGE}And there's no reason for him to{NL}attack Green Earth. He didn't do it!{PAGE}","Ý tôi là, nó làm gì{NL}cũng có lý do.{PAGE}Nó không có lý do tấn công{NL}Green Earth. Không phải nó!{PAGE}",revised,
2C63CC,"Hmm...{PAGE}Very well. I'll take you at your{NL}word...for the moment.{PAGE}But don't believe for a moment{NL}that I trust any of you.{PAGE}Andy, if I find that you're lying to me,{NL}you'll curse the day you were born!{PAGE}","Hm...{PAGE}Được. Tạm thời ta tin{NL}lời anh.{PAGE}Nhưng đừng tưởng ta{NL}tin bất kỳ ai trong các ngươi.{PAGE}Andy, nếu ngươi nói dối ta,{NL}ngươi sẽ hối hận!{PAGE}",revised,
2C6494,The key is to take out as many units{NL}as possible before Eagle uses{PAGE}his CO Power. Targeting {UNIT}fighters{NORMAL} and{NL}{UNIT}battle copters{NORMAL} first is optimum.{PAGE}Better luck next time.{PAGE},Chìa khóa là diệt nhiều quân{NL}trước khi Eagle dùng{PAGE}Sức mạnh CO. Ưu tiên {UNIT}tiêm kích{NORMAL}{NL}và {UNIT}trực thăng chiến đấu{NORMAL}.{PAGE}Lần sau cố gắng.{PAGE},approved,
2C653C,Drake means boats!{PAGE}Just watching is fun!{PAGE},Drake thì phải có tàu!{PAGE}Xem vui thật!{PAGE},approved,
2C6568,"I bet Drake has some reason for{NL}challenging us, just like Eagle.{PAGE}","Chắc Drake có lý do thách{NL}thức ta, giống Eagle.{PAGE}",approved,
2C65AC,"If he's trying to find something out,{NL}I wish he'd just ask.{PAGE}But it's never that easy, is it?{PAGE}","Nếu muốn biết gì, sao hắn{NL}không hỏi thẳng ta?{PAGE}Nhưng đâu dễ vậy nhỉ?{PAGE}",revised,
2C660C,"Another mission that revolves around{NL}landers. Drake and his darn boats!{PAGE}It's safe to say that he's not going to{NL}go out of his way to make this easy.{PAGE}But again, I think he has his reasons.{PAGE}",Lại một nhiệm vụ xoay quanh{NL}tàu đổ bộ. Drake và đám tàu kia!{PAGE}Hắn sẽ không để ta{NL}thắng dễ dàng đâu.{PAGE}Nhưng chắc hẳn có lý do.{PAGE},revised,
2C66CC,"Yeah, you're probably right.{PAGE}Well, here I go!{PAGE}","Ừ, chắc anh nói đúng.{PAGE}Tôi đi đây!{PAGE}",revised,
2C66FC,I think they're ignoring me...{PAGE},Hình như họ lờ mình...{PAGE},revised,
2C671C,Time to make a big splash and{NL}give Eagle some cover.{PAGE},Đến lúc gây sóng lớn{NL}để che chở Eagle.{PAGE},approved,
2C6754,Same old shanty!{PAGE}I just can't beat you guys.{PAGE},Vẫn bài ca cũ!{PAGE}Ta chẳng thắng nổi các người.{PAGE},revised,
2C6784,"Commander Drake, would you please{NL}tell us why you've been attacking us?{PAGE}","Chỉ huy Drake, xin nói cho{NL}chúng tôi sao anh tấn công?{PAGE}",approved,
2C67D0,Haven't you sensed him?{PAGE}The person behind all of{NL}this fighting?{PAGE}Sonja and Grit have been trying{NL}to lure him out of hiding.{PAGE},Các người không cảm thấy sao?{PAGE}Có kẻ đứng sau tất cả{NL}những trận chiến này.{PAGE}Sonja và Grit đang tìm cách{NL}dụ hắn lộ mặt.{PAGE},revised,
2C684C,The person behind all this?{PAGE},Kẻ đứng sau mọi chuyện?{PAGE},revised,
2C686C,"We've been trying to keep Sonja's{NL}movements a secret.{PAGE}So, we staged these battles to{NL}draw his attention away from her.{PAGE}But I think we're finished now.{PAGE}It seems Sonja's found something.{PAGE}Now, this is a difficult thing for me{NL}to ask, but...{PAGE}","Ta cần giữ kín hành động{NL}của Sonja.{PAGE}Nên mới bày ra các trận đấu{NL}để hắn không chú ý cô ấy.{PAGE}Nhưng giờ chắc đã xong.{PAGE}Có vẻ Sonja đã tìm được gì đó.{PAGE}Giờ ta muốn nhờ các người{NL}một việc, nhưng...{PAGE}",revised,
2C695C,What is it?{PAGE},Việc gì?{PAGE},approved,
2C696C,I can't leave{NL}Green Earth unprotected.{PAGE}I promised Eagle. You understand?{PAGE}So... Would you go in my stead?{NL}They need your help.{PAGE},Ta không thể bỏ mặc{NL}Green Earth.{PAGE}Ta đã hứa với Eagle. Hiểu chứ?{PAGE}Nên... hãy đi thay ta?{NL}Họ cần các người giúp.{PAGE},revised,
2C69EC,Of course!{PAGE}We'll do all we can!{PAGE},Tất nhiên!{PAGE}Sẽ giúp hết sức!{PAGE},approved,
2C6A10,"Did your naval units have any fuel{NL}or ammo supply problems?{PAGE}If so, you can use your {UNIT}APCs{NORMAL}{NL}to resupply them.{PAGE}Did you know that?{PAGE}Remember this and you can even keep{NL}your subs submerged without worry.{PAGE}Better luck next time.{PAGE}","Hải quân của bạn có thiếu xăng{NL}hay đạn không?{PAGE}Nếu có, hãy dùng {UNIT}xe chở quân{NORMAL}{NL}để tiếp tế chúng.{PAGE}Bạn biết cách này chưa?{PAGE}Nhớ điều này thì tàu ngầm có thể{NL}lặn liên tục mà không lo.{PAGE}Lần sau cố gắng.{PAGE}",revised,
2C6AF0,"Blast!{PAGE}Right after Yellow Comet, it's on{NL}to Green Earth.{PAGE}We're just trying to pass by. Why{NL}does everyone keep attacking us?{PAGE}I've never heard of any{NL}bad blood between our countries.{PAGE}",Quái thật!{PAGE}Vừa rời Yellow Comet lại đến{NL}Green Earth.{PAGE}Ta chỉ muốn đi qua. Sao{NL}ai cũng tấn công ta?{PAGE}Tôi chưa từng nghe hai nước{NL}có hiềm khích gì cả.{PAGE},revised,
2C6BA8,"I'm as puzzled as you are.{PAGE}Regardless, we're facing CO Drake...{NL}This is going to be rough.{PAGE}",Tôi cũng không hiểu.{PAGE}Dù sao ta phải đấu CO Drake...{NL}Trận này sẽ khó đấy.{PAGE},revised,
2C6C04,What do you know about him?{PAGE},Anh biết gì về hắn?{PAGE},approved,
2C6C24,I've heard that he's virtually{NL}unstoppable in naval combat.{PAGE}His armada is supposed to be{NL}a real powerhouse.{PAGE},Nghe nói anh ta gần như{NL}vô địch trên biển.{PAGE}Hạm đội của anh ta{NL}rất đáng gờm.{PAGE},approved,
2C6C94,"If he's that good, I want{NL}to challenge him!{PAGE}","Nếu hắn giỏi thế, tôi{NL}muốn thách đấu!{PAGE}",approved,
2C6CC4,"That's Andy for you,{NL}Mr. Happy-go-lucky.{PAGE}Anyway, I think we need to secure{NL}bases as we move through this area.{PAGE}I won't feel safe unless we're{NL}able to do that.{PAGE}Yes, I think fifteen properties should{NL}be enough to secure our victory.{PAGE}Let's get movin'.{PAGE}","Đúng là Andy,{NL}lúc nào cũng vô tư.{PAGE}Dù sao, ta cần chiếm các{NL}căn cứ trên đường đi.{PAGE}Không làm vậy, tôi không{NL}thấy an tâm.{PAGE}Chiếm mười lăm nhà là đủ{NL}để chiến thắng.{PAGE}Đi thôi.{PAGE}",approved,
2C6DC0,"Now's the time.{PAGE}I need to know if Orange Star was{NL}behind that blackhearted act.{PAGE}Anchors, away!{PAGE}",Đến lúc rồi.{PAGE}Ta cần biết Orange Star có đứng{NL}sau việc đen tối kia không.{PAGE}Kéo neo! Xuất phát!{PAGE},revised,
2C6E20,"Feeling confident, {PLAYER}?{NL}{17}","Bạn tự tin không, {PLAYER}?{NL}{17}",approved,
2C6E38,"This terrain makes it difficult.{PAGE}Without a doubt, we've got to use our{NL}landers to move troops to the middle.{PAGE}We need to be aware of tanks and{NL}battleships when unloading.{PAGE}If not, they'll blast away as soon as{NL}we unload our troops.{PAGE}Ready to march, {PLAYER}?{PAGE}","Địa hình này khó đấy.{PAGE}Chắc chắn ta cần tàu đổ bộ{NL}chở quân vào giữa bản đồ.{PAGE}Khi thả quân, cần coi chừng{NL}xe tăng và tàu chiến.{PAGE}Không thì chúng sẽ bắn ta{NL}ngay khi lên bờ.{PAGE}Sẵn sàng đi, {PLAYER}?{PAGE}",revised,
2C6F34,Great!{PAGE}You're in command!{PAGE},Tuyệt!{PAGE}Bạn chỉ huy nhé!{PAGE},revised,
2C6F50,A job well done!{PAGE}You've beaten me.{PAGE},Làm tốt lắm!{PAGE}Các người hạ được ta.{PAGE},revised,
2C6F74,You're a Green Earth CO?{PAGE},Anh là CO Green Earth?{PAGE},approved,
2C6F90,"That I am.{PAGE}I wanted to find some answers here,{NL}but all I've netted are more questions.{PAGE}I'll be seeing you again, lad.{PAGE}","Đúng là ta.{PAGE}Ta đến tìm câu trả lời,{NL}nhưng lại thêm nghi vấn.{PAGE}Ta sẽ gặp lại, nhóc ạ.{PAGE}",revised,
2C7008,You were so close...{PAGE},Bạn suýt được...{PAGE},approved,
2C7020,"The enemy captured fifteen{NL}properties before you.{PAGE}That means you lose, {PLAYER}.{PAGE}","Địch chiếm mười lăm{NL}nhà trước bạn.{PAGE}Vậy bạn thua, {PLAYER}.{PAGE}",revised,
2C706C,"Drake's CO Power is really{NL}dangerous, isn't it.{PAGE}Do you think you should give{NL}Andy a shot next time?{PAGE}Good luck! Keep your spirits up!{PAGE}",Sức mạnh CO Drake{NL}nguy hiểm nhỉ.{PAGE}Lần sau thử để Andy{NL}chỉ huy xem sao?{PAGE}Chúc may mắn! Vững tin!{PAGE},revised,
2C70F4,{PLAYER}! Sami!{NL}Do you read me?{PAGE},{PLAYER}! Sami!{NL}Nghe rõ?{PAGE},approved,
2C7110,"Yes, Nell. What is it?{PAGE}",Vâng Nell. Có việc gì?{PAGE},revised,
2C7128,"It's about some units you're using.{PAGE}We need you to protect your landers!{PAGE}Orange Star is experiencing a{NL}shortage of them!{PAGE}If you lose those units, you'll{NL}lose this battle.{PAGE}",Về các đơn vị em đang dùng...{PAGE}Hai em phải bảo vệ tàu đổ bộ!{PAGE}Orange Star đang thiếu{NL}loại tàu này!{PAGE}Mất chúng là thua{NL}trận đấy.{PAGE},revised,
2C71D4,Landers? We have two of them.{NL}Do you mean protect both of them?{PAGE},Tàu đổ bộ? Ta có hai chiếc.{NL}Phải bảo vệ cả hai sao?{PAGE},approved,
2C7218,"Yes, both of them!{PAGE}","Phải, cả hai!{PAGE}",approved,
2C722C,Understood. We'll do our part.{PAGE}You can count on us!{PAGE},Rõ. Bọn em sẽ lo.{PAGE}Cứ tin ở bọn em!{PAGE},approved,
2C7264,"I knew I could.{NL}Thanks {PLAYER}, Sami.{PAGE}","Chị biết mà.{NL}Cảm ơn {PLAYER}, Sami.{PAGE}",revised,
2C7288,"Psst, {PLAYER}.{NL}What's up with Sami?{PAGE}Have you noticed she acts{PAGE}differently around Nell?{NL}{16}",Này {PLAYER}.{NL}Sami sao thế?{PAGE}Bạn có thấy cô ấy{PAGE}đổi khác khi gặp Nell?{NL}{16},revised,
2C72DC,You think she's looking for{NL}a promotion?{PAGE},Bạn nghĩ cô ấy muốn{NL}được thăng chức?{PAGE},approved,
2C7308,"Hey, you!{NL}You're playing with fire, Andy!{PAGE}","Này!{NL}Em đùa với lửa đấy, Andy!{PAGE}",revised,
2C7334,"Let's lay low a bit.{NL}OK, {PLAYER}?{PAGE}","Nên im lặng thôi.{NL}Nhé, {PLAYER}?{PAGE}",revised,
2C7354,"Oh, OK. I guess it's just me.{PAGE}","À, vậy chỉ mình tôi nghĩ thế.{PAGE}",revised,
2C7374,"Yo, Andy!{NL}Sami's givin' you the evil eye!{PAGE}",Này Andy!{NL}Sami đang lườm cậu đấy!{PAGE},revised,
2C73A0,I've gotta stop thinking.{NL}It just gets me in trouble.{PAGE},Mình phải ngừng suy nghĩ.{NL}Cứ nghĩ là gặp rắc rối.{PAGE},revised,
2C73D8,"Let's see.{PAGE}All I've got to do to win is send those{NL}landers to the bottom of the sea.{PAGE}That'll keep 'em from comin' ashore!{PAGE}Up and at 'em, mateys!{PAGE}","Để xem.{PAGE}Ta chỉ cần đánh chìm hai{NL}tàu đổ bộ đó là thắng.{PAGE}Chúng sẽ không lên bờ được!{PAGE}Xông lên nào, thủy thủ!{PAGE}",revised,
2C746C,Curses! I've been defeated.{PAGE}Time to hoist sail and flee!{PAGE},Quái! Ta thua rồi.{PAGE}Dong buồm chạy thôi!{PAGE},revised,
2C74A8,"About Drake's CO Power...{PAGE}Did you notice that units on landers{NL}avoided taking any damage?{PAGE}Use landers well, and you can unload{NL}fresh troops on the enemy's doorstep.{PAGE}Better luck next time!{PAGE}","Về Sức mạnh CO Drake...{PAGE}Bạn có thấy đơn vị trên tàu{NL}đổ bộ không bị thương không?{PAGE}Dùng tàu đổ bộ khôn khéo, bạn{NL}sẽ đưa quân nguyên vẹn đến đích.{PAGE}Lần sau cố gắng!{PAGE}",approved,
2C7568,Eagle!{PAGE}Why do you keep harrying us?{PAGE},Eagle!{PAGE}Sao anh cứ truy đuổi ta?{PAGE},approved,
2C7590,It's you again...Sami.{PAGE},Lại là cô... Sami.{PAGE},approved,
2C75A8,"Well, excuse me for{NL}getting in your way!{PAGE}Listen, will you just explain to me why{NL}you won't leave us be?{PAGE}",Xin lỗi vì đã{NL}cản đường anh!{PAGE}Sao anh không nói rõ{NL}vì sao không để ta yên?{PAGE},approved,
2C7614,It... It has nothing to do with you.{PAGE},Chuyện... không liên quan đến cô.{PAGE},revised,
2C763C,Bring out Andy!{PAGE}I want to settle this now!{PAGE},Đưa Andy ra!{PAGE}Ta muốn giải quyết ngay!{PAGE},approved,
2C7668,No! Absolutely not!{PAGE}I'm in command now.{PAGE}You can't ask for Andy unless{NL}you get by me first!{PAGE},Không! Tuyệt đối không!{PAGE}Giờ tôi chỉ huy.{PAGE}Muốn gặp Andy thì phải{NL}vượt qua tôi trước!{PAGE},revised,
2C76C4,"Don't do this, Sami...{NL}I won't hold anything back.{PAGE}","Đừng làm vậy, Sami...{NL}Ta sẽ không nương tay.{PAGE}",approved,
2C76F8,"I don't want to fight Sami, but...{NL}it looks like I've got no choice.{PAGE}To the skies!{PAGE}","Ta không muốn đánh Sami,{NL}nhưng xem ra không còn cách.{PAGE}Cất cánh!{PAGE}",approved,
2C774C,"Start talking, Eagle.{NL}I'm listening.{PAGE}","Nói đi, Eagle.{NL}Tôi nghe đây.{PAGE}",approved,
2C7774,"Very well... I'll tell you everything.{PAGE}I'll tell you all about it.{PAGE}All about how Andy attacked{NL}my homeland, Green Earth!{PAGE}",Được... ta sẽ nói hết.{PAGE}Ta sẽ kể mọi chuyện.{PAGE}Andy đã tấn công{NL}Green Earth quê hương ta!{PAGE},approved,
2C77F0,Huh?{PAGE},Hả?{PAGE},approved,Trùng nguyên văn Anh–Việt với 2BD7F8; đã đối chiếu.
2C77F8,The look on his face during the{NL}assault... I'll never forget! Never!{PAGE},Mặt hắn khi tấn công...{NL}ta không bao giờ quên!{PAGE},revised,
2C7840,Eagle! Stop it!{PAGE},Eagle! Thôi!{PAGE},revised,
2C7854,"Stop what, Sami?{PAGE}","Dừng gì, Sami?{PAGE}",revised,
2C7868,Look who you're accusing!{PAGE}Andy couldn't pull off{NL}anything that complicated.{PAGE}You suspect this kid who has{NL}his hands full just getting dressed?{PAGE},"Xem anh đang kết tội ai!{PAGE}Andy đâu thể làm nổi{NL}việc phức tạp như thế.{PAGE}Cậu nhóc này mặc áo còn{NL}chưa xong, anh nghĩ nó gây ra?{PAGE}",revised,
2C78F8,Um... Excuse me?{PAGE},Uhm... xin lỗi?{PAGE},approved,
2C790C,"Well, it's not really a face{NL}that shines with intelligence.{PAGE}",Mặt nó cũng chẳng{NL}thông minh gì lắm.{PAGE},revised,
2C794C,Hold on a...{PAGE},Khoan đã...{PAGE},revised,
2C795C,Exactly!{PAGE}Andy spends the entire day not{NL}thinking of things!{PAGE},Đúng vậy!{PAGE}Andy cả ngày chẳng{NL}nghĩ ra được gì!{PAGE},revised,
2C799C,"All right, that's...{PAGE}","Được rồi, thế là...{PAGE}",approved,
2C79B4,"If you put it that way, it's hard{NL}to imagine Andy pulling it off.{PAGE}",Nói vậy thì khó tưởng Andy{NL}làm được thật.{PAGE},revised,
2C79F8,You guys are mean!{PAGE},Mọi người ác quá!{PAGE},revised,
2C7A0C,"But I'm not completely convinced.{NL}I still suspect you of something!{PAGE}If I find that you're lying to me, Andy,{NL}you'll curse the day you were born!{PAGE}","Nhưng ta vẫn chưa tin hẳn.{NL}Ta vẫn nghĩ các ngươi có gì!{PAGE}Nếu ngươi nói dối ta, Andy,{NL}ngươi sẽ hối hận!{PAGE}",revised,
2C7AA0,The key is to take out as many units{NL}as possible before Eagle uses{PAGE}his CO Power. Targeting {UNIT}fighters{NORMAL} and{NL}{UNIT}battle copters{NORMAL} first is optimum.{PAGE}Better luck next time.{PAGE},Chìa khóa là diệt nhiều quân{NL}trước khi Eagle dùng{PAGE}Sức mạnh CO. Ưu tiên {UNIT}tiêm kích{NORMAL}{NL}và {UNIT}trực thăng chiến đấu{NORMAL}.{PAGE}Lần sau cố gắng.{PAGE},approved,
2C7B48,Sami! {PLAYER}!{NL}Do you read me?{PAGE},Sami! {PLAYER}!{NL}Nghe rõ không?{PAGE},approved,
2C7B64,"What is it, Nell?{PAGE}","Sao vậy, Nell?{PAGE}",approved,Trùng nguyên văn Anh–Việt với 2BFBD0; đã đối chiếu.
2C7B78,We have a problem.{PAGE}A recon force we sent into Green{NL}Earth has been ambushed!{PAGE},Có rắc rối rồi.{PAGE}Quân do thám ta gửi vào Green{NL}Earth đã bị phục kích!{PAGE},revised,
2C7BC8,"So, we need to perform a{NL}rescue mission, correct?{PAGE}Understood.{PAGE}","Vậy ta cần đi cứu hộ,{NL}đúng không?{PAGE}Đã rõ.{PAGE}",approved,
2C7C08,"That's right. Specifically, we need you{NL}to save this infantry unit.{PAGE}Eight days, Sami!{PAGE}If you can protect it for eight{NL}days, we'll take over.{PAGE}I know you can handle it,{NL}{PLAYER}.{PAGE}","Đúng. Cụ thể là hãy cứu{NL}đơn vị bộ binh này.{PAGE}Tám ngày, Sami!{PAGE}Bảo vệ nó tám ngày{NL}rồi ta sẽ đến thay.{PAGE}Chị tin em làm được,{NL}{PLAYER}.{PAGE}",revised,
2C7CB4,"You have a question, {PLAYER}?{NL}{17}","Bạn muốn hỏi gì, {PLAYER}?{NL}{17}",approved,
2C7CD0,My attitude towards Nell?{PAGE}What do you mean? It's not like I'm{NL}sucking up or anything.{PAGE}I'm just polite because she was{NL}ahead of me in school. That's all!{PAGE}Let's get back to the task at hand!{PAGE},Thái độ của tôi với Nell à?{PAGE}Ý bạn là sao? Đâu phải tôi{NL}đang lấy lòng chị ấy.{PAGE}Chỉ là chị ấy học trước{NL}tôi ở trường. Vậy thôi!{PAGE}Quay lại nhiệm vụ đi!{PAGE},revised,
2C7D90,There's nothing special about{NL}my behavior. Nothing at all!{PAGE}Let's get back to the task at hand!{PAGE},Tôi có gì lạ đâu.{NL}Không có gì hết!{PAGE}Quay lại nhiệm vụ đi!{PAGE},revised,
2C7DF0,Let's take stock: anti-air and{NL}md tank units on the ground...{PAGE}cruisers to prevent escape by{NL}transport copter...{PAGE}All right! Everything's shipshape.{NL}There's no escape for that unit!{PAGE}Time to make a big splash and give{NL}Eagle some cover.{PAGE},Để xem: phòng không và{NL}xe tăng hạng trung trên bờ...{PAGE}Tàu tuần dương để chặn{NL}trực thăng vận tải chạy...{PAGE}Rồi! Mọi thứ đã sẵn sàng.{NL}Đơn vị kia hết lối thoát!{PAGE}Đến lúc gây sóng lớn và{NL}che chở Eagle.{PAGE},revised,
2C7EDC,Same old shanty!{PAGE}I just can't beat you guys.{PAGE},Vẫn bài ca cũ!{PAGE}Ta chẳng thắng nổi các người.{PAGE},revised,
2C7F0C,"Commander Drake, would you please{NL}tell us why you've been attacking us?{PAGE}","Chỉ huy Drake, xin nói cho{NL}chúng tôi sao anh tấn công?{PAGE}",approved,
2C7F58,Haven't you sensed him?{PAGE}The person behind all of{NL}this fighting?{PAGE}Sonja and Grit have been trying{NL}to lure him out of hiding.{PAGE},Các người không cảm thấy sao?{PAGE}Có kẻ đứng sau tất cả{NL}những trận chiến này.{PAGE}Sonja và Grit đang tìm cách{NL}dụ hắn lộ mặt.{PAGE},revised,
2C7FD4,The person behind all this?{PAGE},Kẻ đứng sau mọi chuyện?{PAGE},revised,
2C7FF4,"We've been trying to keep Sonja's{NL}movements a secret.{PAGE}So, we staged these battles to{NL}draw his attention away from her.{PAGE}But I think we're finished now.{PAGE}It seems Sonja's found something.{PAGE}",Ta cần giữ kín hành động{NL}của Sonja.{PAGE}Nên mới bày ra các trận đấu{NL}để hắn không chú ý cô ấy.{PAGE}Nhưng giờ chắc đã xong.{PAGE}Có vẻ Sonja đã tìm được gì đó.{PAGE},revised,
2C80B0,That sounds like{NL}something Sonja would do.{PAGE},Đúng là chuyện{NL}Sonja sẽ làm.{PAGE},approved,
2C80DC,I can't leave{NL}Green Earth unprotected.{PAGE}I promised Eagle. You understand?{PAGE}So... Would you go in my stead?{NL}They need your help.{PAGE},Ta không thể bỏ mặc{NL}Green Earth.{PAGE}Ta đã hứa với Eagle. Hiểu chứ?{PAGE}Nên... hãy đi thay ta?{NL}Họ cần các người giúp.{PAGE},revised,
2C815C,"Of course!{PAGE}We'll do all we can!{PAGE}Eagle, Sonja, and Grit{NL}are our friends!{PAGE}","Tất nhiên!{PAGE}Ta sẽ giúp hết sức!{PAGE}Eagle, Sonja và Grit{NL}là bạn của ta!{PAGE}",approved,
2C81A8,"The area around your HQ is a safe{NL}place to move that infantry unit.{PAGE}But should you use your {UNIT}T copter{NORMAL}{NL}or your {UNIT}lander{NORMAL}?{PAGE}Well, there are {UNIT}cruisers{NORMAL} and {UNIT}subs{NORMAL}{NL}about, so the seas are dangerous.{PAGE}But did you know that {UNIT}cruisers{NORMAL} can{NL}transport {UNIT}T copters{NORMAL}?{PAGE}That's right, they can carry both{NL}{UNIT}T copters{NORMAL} and {UNIT}B copters{NORMAL}.{PAGE}This way you can carry the infantry{NL}unit safely.{PAGE}Good luck!{PAGE}","Gần HQ là nơi an toàn để đưa{NL}đơn vị bộ binh đến.{PAGE}Nhưng dùng {UNIT}trực thăng vận tải{NORMAL}{NL}hay {UNIT}tàu đổ bộ{NORMAL}?{PAGE}Biển có {UNIT}tàu tuần dương{NORMAL} và {UNIT}tàu ngầm{NORMAL}{NL}nên rất nguy hiểm.{PAGE}Nhưng bạn biết {UNIT}tàu tuần dương{NORMAL} chở{NL}{UNIT}trực thăng vận tải{NORMAL} được không?{PAGE}Đúng, nó chở được cả{NL}{UNIT}thăng vận tải{NORMAL} và {UNIT}thăng chiến đấu{NORMAL}.{PAGE}Như vậy bạn đưa bộ binh{NL}đi an toàn.{PAGE}Chúc may mắn!{PAGE}",revised,
2C8324,Eagle!{PAGE},Eagle!{PAGE},approved,
2C832C,Andy.{PAGE}Please accept my apologies.{NL}I'm sorry I doubted you.{PAGE},Andy.{PAGE}Ta xin lỗi.{NL}Đã nghi oan cho người.{PAGE},approved,
2C8368,What the...? It's another me!{PAGE},Cái gì? Lại có một tôi nữa!{PAGE},revised,
2C8388,"Ah, yes.{PAGE}That's the clone of you our enigmatic{NL}foe somehow constructed.{PAGE}Starting with Green Earth, he's{NL}attacked several countries.{PAGE}","À, đúng rồi.{PAGE}Kẻ thù bí ẩn đã tạo ra{NL}bản sao của cậu.{PAGE}Từ Green Earth, hắn đã{NL}tấn công nhiều nước.{PAGE}",revised,
2C8410,Are you serious?{PAGE},Thật sao?{PAGE},approved,
2C8424,"I've caused a lot of trouble for you,{NL}but I'd like to battle by your side.{PAGE}","Ta đã gây nhiều phiền toái,{NL}nhưng muốn sát cánh với người.{PAGE}",approved,
2C8470,The green units are mine!{PAGE}Let me handle all of the{NL}enemy air units.{PAGE}It'll give you time to push straight{NL}ahead and storm the foe's HQ.{PAGE},Quân màu xanh lá của ta!{PAGE}Cứ để ta lo toàn bộ{NL}không quân địch.{PAGE}Các người sẽ có thời gian{NL}tiến thẳng vào HQ địch.{PAGE},approved,
2C84F8,"Who?{PAGE}Oh, it's you. Sami!{PAGE}","Ai?{PAGE}À, Sami đó à!{PAGE}",revised,
2C8514,Who is that?{PAGE}Is that...Andy?{PAGE},Ai kia?{PAGE}Là... Andy sao?{PAGE},approved,
2C8534,What the...?{PAGE},Cái gì...?{PAGE},approved,
2C8544,Huh? Two Andys?{PAGE}What's going on?{PAGE}Eagle! Can you explain this?{PAGE},"Hả? Hai Andy?{PAGE}Chuyện gì đấy?{PAGE}Eagle, anh giải thích đi!{PAGE}",approved,
2C8584,"Ah, yes.{PAGE}That's a clone of Andy that our{NL}enigmatic foe somehow constructed.{PAGE}Starting with Green Earth, he's{NL}attacked several countries.{PAGE}","À, đúng rồi.{PAGE}Kẻ thù bí ẩn đã tạo ra{NL}bản sao của Andy.{PAGE}Từ Green Earth, hắn đã{NL}tấn công nhiều nước.{PAGE}",revised,
2C8610,"So this is why everyone's been{NL}picking fights with Orange Star!{PAGE}I don't know who that guy is,{NL}but he's got me steamed!{PAGE}Look out, bozo! Here I come!{PAGE}","Ra vì vậy mà ai cũng{NL}gây sự với Orange Star!{PAGE}Không biết hắn là ai,{NL}nhưng tôi tức rồi đấy!{PAGE}Coi chừng, đồ ngốc! Tôi đến!{PAGE}",revised,
2C86A8,Hey! Hold on a moment!{PAGE}The green units are my troops!{PAGE}Let me handle all of the{NL}enemy air units.{PAGE}It'll give you time to push straight{NL}ahead and storm the foe's HQ.{PAGE},Này! Khoan đã!{PAGE}Quân màu xanh lá của ta!{PAGE}Cứ để ta lo toàn bộ{NL}không quân địch.{PAGE}Các người sẽ có thời gian{NL}tiến thẳng vào HQ địch.{PAGE},revised,
2C874C,"Hm?{PAGE}Oh, it's you, Max.{PAGE}","Hm?{PAGE}À, Max đó à.{PAGE}",revised,
2C8764,These troops! Whose are they?{PAGE},Đám quân này của ai?{PAGE},approved,
2C8784,"Ah, yes.{PAGE}That's a clone of Andy that our{NL}enigmatic foe somehow constructed.{PAGE}Starting with Green Earth, he's{NL}attacked several countries,{PAGE}which prompted my actions towards{NL}you and your friends. My apologies.{PAGE}","À, đúng rồi.{PAGE}Kẻ thù bí ẩn đã tạo ra{NL}bản sao của Andy.{PAGE}Từ Green Earth, hắn đã{NL}tấn công nhiều nước,{PAGE}nên ta mới đánh các ngươi.{NL}Ta xin lỗi.{PAGE}",revised,
2C8854,Forget about it!{PAGE},Quên đi!{PAGE},approved,
2C8868,We should crush this guy first.{PAGE},Hãy đánh bại hắn trước.{PAGE},approved,
2C888C,I concur!{PAGE},Đồng ý!{PAGE},approved,
2C8898,I'll make him suffer for{NL}fooling Eagle.{PAGE},Ta sẽ bắt hắn trả giá{NL}vì lừa Eagle.{PAGE},revised,
2C88C4,"Maelstrom, come... All who oppose me...{PAGE}Destroy!{PAGE}","Bão tố, đến đi... Kẻ nào cản ta...{PAGE}Tiêu diệt!{PAGE}",revised,
2C88F8,We've won...for the time being.{PAGE},Ta đã thắng... tạm thời.{PAGE},approved,
2C891C,Here they come again!{PAGE},Chúng lại đến kìa!{PAGE},revised,
2C8934,Cripes!{NL}There's no end in sight!{PAGE},Quái thật!{NL}Chúng đông vô tận!{PAGE},revised,
2C8958,You don't have time to{NL}waste around here.{PAGE}Leave this to me and go!{PAGE},"Các người không có thời gian{NL}để phí ở đây.{PAGE}Để ta lo, đi đi!{PAGE}",revised,
2C899C,"I'm staying, too!{PAGE}",Tôi cũng ở lại!{PAGE},approved,
2C89B0,"No, Sami!{PAGE}You have to go as well!{PAGE}","Không, Sami!{PAGE}Cô cũng phải đi!{PAGE}",approved,
2C89D4,No!{PAGE}Even you can't stand against{NL}this horde!{PAGE},Không!{PAGE}Anh không chống nổi{NL}đám quân này!{PAGE},approved,
2C8A04,"You have no idea how powerful{NL}a foe awaits your friends.{PAGE}They can't face him alone!{PAGE}Go, Sami! Go!{PAGE}","Cô không biết kẻ thù đang đợi{NL}các bạn mạnh đến mức nào.{PAGE}Họ không thể đấu một mình!{PAGE}Đi đi, Sami! Nhanh!{PAGE}",revised,
2C8A68,I understand.{PAGE}Watch your back!{PAGE},Tôi hiểu.{PAGE}Anh cẩn thận nhé!{PAGE},revised,
2C8A88,Ha!{PAGE}They'll soon find Eagle's no{NL}easy prey!{PAGE},Ha!{PAGE}Chúng sẽ sớm biết Eagle{NL}không dễ bị hạ!{PAGE},revised,
2C8AB8,"You should leave most of the{NL}enemy units to Eagle.{PAGE}When you see that the main source{NL}of power has left, capture the HQ!{PAGE}Better luck next time!{PAGE}","Hãy để Eagle lo phần lớn{NL}quân địch.{PAGE}Khi nguồn sức mạnh chính{NL}đã bỏ đi, hãy chiếm HQ!{PAGE}Lần sau cố gắng!{PAGE}",approved,
2C8B48,Who's that?{PAGE},Ai kia?{PAGE},approved,
2C8B58,I guess that's our mystery foe.{PAGE},Chắc đó là kẻ thù bí ẩn.{PAGE},approved,
2C8B7C,"If we beat him, do you think{NL}my clone will vanish, too?{PAGE}","Nếu thắng hắn, bản sao của tôi{NL}có biến mất không?{PAGE}",revised,
2C8BB8,"Yep. I don't think there's{NL}any doubt about it.{PAGE}We're counting on you,{NL}{PLAYER}!{PAGE}","Có. Tôi nghĩ chắc chắn{NL}là vậy.{PAGE}Trông cậy vào bạn,{NL}{PLAYER}!{PAGE}",revised,
2C8C0C,Was that...it?{PAGE},Vậy... xong?{PAGE},approved,
2C8C1C,It looks like it's finally...{PAGE},Có vẻ cuối cùng đã...{PAGE},approved,
2C8C3C,Andy!{PAGE},Andy!{PAGE},approved,
2C8C44,"Hey! It's Grit!{NL}Long time, no see.{PAGE}",Này! Grit kia!{NL}Lâu không gặp.{PAGE},revised,
2C8C68,"No time for that now, Junior.{PAGE}I found the snake's hidin' place!{PAGE}","Không có giờ nói chuyện, nhóc.{PAGE}Ta tìm ra chỗ ẩn của hắn rồi!{PAGE}",revised,
2C8CAC,Huh? Then this isn't...{PAGE},Hả? Đây chưa phải...?{PAGE},revised,
2C8CC8,That's just the tip o' the{NL}ol' boy's tail.{PAGE}Hurry!{PAGE}Sonja's in danger!{PAGE},Đây mới là phần đuôi{NL}của hắn thôi.{PAGE}Nhanh lên!{PAGE}Sonja đang gặp nguy!{PAGE},revised,
2C8D10,"First, you need to secure any bases{NL}and ports in the area.{PAGE}Use your {UNIT}landers{NORMAL} and {UNIT}T copters{NORMAL}{NL}to get to them.{PAGE}From there, deploy troops, defend{NL}your ground, and take out the enemy.{PAGE}Do all that, and victory{NL}will be yours!{PAGE}Good luck.{PAGE}","Trước tiên, hãy chiếm các căn cứ{NL}và cảng trong vùng.{PAGE}Dùng {UNIT}tàu đổ bộ{NORMAL} và {UNIT}trực thăng vận tải{NORMAL}{NL}để đến đó.{PAGE}Từ đó tạo quân, giữ đất{NL}rồi diệt địch.{PAGE}Làm được vậy, bạn{NL}sẽ chiến thắng!{PAGE}Chúc may mắn.{PAGE}",revised,
2C8DFC,Sonja!{PAGE},Sonja!{PAGE},approved,
2C8E04,Grit?{PAGE}I'm so sorry.{NL}Take everyone and run...{PAGE}The enemy...Sturm... He's much more{NL}powerful than I'd imagined...{PAGE}Everyone's going to be...{PAGE},Grit?{PAGE}Xin lỗi.{NL}Đưa mọi người chạy đi...{PAGE}Kẻ thù... Sturm... hắn mạnh hơn{NL}em tưởng rất nhiều...{PAGE}Mọi người sẽ bị...{PAGE},approved,
2C8E90,"This 'Sturm' is the one who{NL}did this to you, right?{PAGE}","Sturm đã làm thế này{NL}với em, phải không?{PAGE}",approved,
2C8EC8,"Andy, please...{NL}You've got to get away.{PAGE}","Andy, làm ơn...{NL}Cậu phải chạy đi.{PAGE}",approved,
2C8EF4,Who's running away?{PAGE}That guy's goin' down!{PAGE},Ai chạy cơ?{PAGE}Tôi sẽ hạ hắn!{PAGE},revised,
2C8F20,Andy's right.{PAGE}There ain't too many people who get{NL}on my nerves like this bozo does.{PAGE}We can't let him go!{PAGE}{PLAYER}! I'll lend you a hand!{PAGE},Andy nói đúng.{PAGE}Ít người làm ta bực mình{NL}như thằng hề này.{PAGE}Ta không thể tha hắn!{PAGE}{PLAYER}! Ta sẽ giúp bạn!{PAGE},revised,
2C8FA4,This is the clown who's been{NL}jerkin' our chains? He's goin' down!{PAGE},Thằng hề này đã giật dây{NL}chúng ta? Hắn chết chắc!{PAGE},approved,
2C8FE8,"Hold on, Max!{PAGE}Andy's takin' this one, right?{PAGE}","Khoan, Max!{PAGE}Để Andy lo vụ này nhỉ?{PAGE}",revised,
2C9018,"Oh, yeah. You're right.{PAGE}","À, phải. Cậu nói đúng.{PAGE}",revised,
2C9034,"Don't give me that long face.{PAGE}Oh, all right, big dawg.{PAGE}You can use my troops.{PAGE}","Đừng buồn thế.{PAGE}Thôi được, anh bạn to.{PAGE}Cứ dùng quân của tôi.{PAGE}",revised,
2C9084,"What? Really?{PAGE}I owe you, Grit!{PAGE}OK, {PLAYER}!{NL}Now I'm in, too!{PAGE}","Gì? Thật sao?{PAGE}Cảm ơn Grit!{PAGE}Rồi, {PLAYER}!{NL}Tôi cũng tham gia!{PAGE}",approved,
2C90BC,"Watch yourself, Sturm!{PAGE}","Coi chừng đấy, Sturm!{PAGE}",revised,
2C90D4,"Hey there, Boss!{PAGE}You doin' all right?{PAGE}",Chào sếp!{PAGE}Ông ổn chứ?{PAGE},revised,
2C90FC,Of course I am!{PAGE}Grit! That wretch deceived{NL}and used me!{PAGE},Tất nhiên!{PAGE}Grit! Kẻ khốn kia đã lừa{NL}và lợi dụng ta!{PAGE},revised,
2C9138,You just figurin' that out?{PAGE},Giờ ông mới biết à?{PAGE},revised,
2C9158,Eh?{NL}What was that?{PAGE},Hả?{NL}Nói gì đó?{PAGE},revised,
2C916C,"Did you hear somethin'?{NL}I didn't hear anythin', sir.{PAGE}",Sếp nghe gì à?{NL}Tôi có nói gì đâu.{PAGE},approved,
2C91A4,That's what I thought!{PAGE}{PLAYER}!{PAGE}I'm here to lend you my strength!{PAGE},Ta cũng nghĩ vậy!{PAGE}{PLAYER}!{PAGE}Ta đến giúp ngươi đấy!{PAGE},revised,
2C91E4,Sonja!{PAGE},Sonja!{PAGE},approved,
2C91EC,Whoa! Where'd this guy come from?{PAGE},Ôi! Ông này từ đâu ra?{PAGE},revised,
2C9210,"Who dares to lay a hand{NL}on Kanbei's precious daughter?{PAGE}This unpardonable act shall{NL}not go unpunished!{PAGE}You, who are known as {PLAYER}!{NL}Direct me as you will!{PAGE}",Ai dám chạm vào{NL}con gái yêu của Kanbei?{PAGE}Hành động không thể tha{NL}này phải bị trừng trị!{PAGE}Người tên {PLAYER}!{NL}Hãy chỉ huy ta tùy ý!{PAGE},revised,
2C92A8,Looks like I got here just in time.{PAGE},Xem ra ta đến vừa kịp.{PAGE},approved,
2C92D0,Captain Drake!{PAGE},Drake!{PAGE},approved,
2C92E0,"Green Earth is secure,{NL}so I came to join the fray!{PAGE}There's something else{NL}bothering me, too.{PAGE}","Green Earth đã an toàn,{NL}nên ta đến tham chiến!{PAGE}Còn một chuyện khác{NL}làm ta lo nữa.{PAGE}",revised,
2C9340,Something else?{PAGE},Chuyện gì nữa?{PAGE},approved,
2C9354,"I get the feeling that Sturm has{NL}some power that we haven't seen yet.{PAGE}Something big and powerful.{PAGE}Anyway, I figured the more firepower{NL}we had, the better.{PAGE}Let's send him packin', {PLAYER}!{PAGE}","Ta cảm thấy Sturm có sức mạnh{NL}mà ta chưa thấy.{PAGE}Một thứ gì đó rất lớn.{PAGE}Dù sao, càng nhiều hỏa lực{NL}càng tốt.{PAGE}Hãy đuổi hắn đi, {PLAYER}!{PAGE}",approved,
2C940C,So that's the face of the enemy.{PAGE},Ra đây là mặt kẻ thù.{PAGE},approved,
2C9430,Eagle!{PAGE}You're OK!{PAGE}Thank goodness. (sigh){PAGE},Eagle!{PAGE}Anh vẫn ổn!{PAGE}May quá. (thở phào){PAGE},revised,
2C945C,"Sami, we'll talk later.{PAGE}First, we must destroy him!{PAGE}{PLAYER}, wasn't it?{NL}I'm yours to command.{PAGE}","Sami, lát nữa ta nói.{PAGE}Trước tiên, diệt hắn đã!{PAGE}Bạn là {PLAYER}, phải không?{NL}Hãy chỉ huy ta.{PAGE}",revised,
2C94B8,I... I... Ooooh!{NL}I am so mad!{PAGE}Sturm! I can't stand power-hungry{NL}blockheads like that!{PAGE},Tôi... Aaa!{NL}Tức chết đi được!{PAGE}Sturm! Tôi ghét kẻ{NL}ngu ngốc ham quyền như hắn!{PAGE},approved,
2C9510,"You're a bit steamed,{NL}eh, Sami?{PAGE}","Cô tức lắm nhỉ,{NL}Sami?{PAGE}",revised,
2C9534,Captain Drake!{PAGE}How did you...?{PAGE},Drake!{PAGE}Sao anh...?{PAGE},approved,
2C9554,"I got Green Earth all{NL}straightened out.{PAGE}So, I thought I'd come{NL}deliver my army.{PAGE}",Ta đã lo xong cho{NL}Green Earth.{PAGE}Nên ta mang quân{NL}đến đây.{PAGE},revised,
2C95A8,These Green Earth troops?{PAGE}I can use them?{PAGE},Quân Green Earth này?{PAGE}Tôi được dùng sao?{PAGE},revised,
2C95D4,Naturally!{PAGE}I deployed this group{NL}especially for you!{PAGE},Tất nhiên!{PAGE}Ta triển khai họ{NL}cho riêng cô!{PAGE},approved,
2C960C,"All right, then! I'm in, too!{PAGE}I'm ready whenever you are,{NL}{PLAYER}!{PAGE}","Tôi cũng tham gia!{PAGE}Sẵn sàng lúc nào,{NL}{PLAYER}, tôi đi lúc đó!{PAGE}",approved,
2C964C,"All right, everybody!{PAGE}Let's move out!{PAGE}","Được rồi, mọi người!{PAGE}Xuất phát!{PAGE}",approved,
2C9674,No one...ever listens...to me.{NL}I told you...you can't...win.{PAGE}Thank you...for trying.{PAGE},Không ai... nghe... tôi cả.{NL}Tôi đã bảo... không thắng nổi.{PAGE}Cảm ơn... vì đã cố gắng.{PAGE},approved,
2C96CC,I never shoulda left her alone...{PAGE},Lẽ ra ta không để em một mình...{PAGE},approved,
2C96F0,We can't afford to lose!{PAGE},Ta không được thua!{PAGE},approved,
2C970C,You will feel my wrath!{PAGE},Nếm cơn thịnh nộ!{PAGE},revised,
2C9728,"My precious keepsake, Sonja.{PAGE}I will protect you with{NL}my life.{PAGE}","Sonja, báu vật của cha.{PAGE}Cha sẽ bảo vệ con bằng{NL}mạng sống.{PAGE}",approved,
2C9768,I've got to do my best here.{NL}I can't let Eagle down!{PAGE},Tôi phải cố gắng hết sức.{NL}Không để Eagle thất vọng!{PAGE},approved,
2C97A0,This is getting interesting.{PAGE}I was losing my edge{NL}fighting that darned clone!{PAGE},Bắt đầu thú vị rồi đấy.{PAGE}Đánh bản sao chết tiệt đó{NL}làm mình cùn tay quá!{PAGE},revised,
2C97F0,We can't let our guards down.{PAGE},Đừng sơ suất.{PAGE},revised,
2C9810,Those fools...{PAGE}Their troops are all amassed{NL}right there...{PAGE}Bwah ha ha... They've played{NL}right into my hands!{PAGE}They'll rue the day they dreamed{NL}of opposing me!{PAGE},Đám ngu kia...{PAGE}Quân chúng tập trung{NL}hết ở đó...{PAGE}Ha ha ha... Chúng đã{NL}rơi đúng vào bẫy!{PAGE}Chúng sẽ hối hận vì dám{NL}đối đầu với ta!{PAGE},revised,
2C98B0,"Sturm's proving to be{NL}a dangerous enemy.{PAGE}But if we all work together,{NL}I know we can win!{PAGE}Let's take him!{PAGE}","Sturm là kẻ thù{NL}nguy hiểm.{PAGE}Nhưng cùng hợp sức,{NL}ta sẽ thắng!{PAGE}Hạ hắn đi!{PAGE}",revised,
2C991C,"Nooooooooooo!{PAGE}So close, I was so close...{PAGE}I underestimated the strength{NL}of these worms!{PAGE}I...I've been beaten!{PAGE}My dream of world conquest...{PAGE}I vow that I will return!{PAGE}When that time comes, I will{NL}challenge you worms yet again!{PAGE}","Khônggggg!{PAGE}Suýt nữa thôi...{PAGE}Ta đã coi thường sức mạnh{NL}của đám sâu bọ này!{PAGE}Ta... ta đã thua!{PAGE}Giấc mơ thống trị thế giới...{PAGE}Ta thề sẽ trở lại!{PAGE}Khi đó, ta sẽ lại{NL}thách thức các ngươi!{PAGE}",revised,
2C9A00,"Yahoo!{PAGE}I think that about wraps things up!{PAGE}Thanks, Grit!{PAGE}","Hay quá!{PAGE}Có vẻ mọi chuyện xong rồi!{PAGE}Cảm ơn, Grit!{PAGE}",revised,
2C9A3C,"Yeah, not a bad day's work, Maxie.{NL}For you!{PAGE}","Ừ, ngày nay cũng được đấy,{NL}Max à. Với anh!{PAGE}",revised,
2C9A6C,You wanna start somethin'?{PAGE}Should we settle this right{NL}here and now?{PAGE},Muốn gây sự à?{PAGE}Hay ta giải quyết ngay{NL}tại đây?{PAGE},revised,
2C9AB4,"Oooh! Save me! Save me!{PAGE}What with all the scary folk around{NL}here, it's time for me to skedaddle.{PAGE}{PLAYER},{NL}thanks for your help. 'Preciate it.{PAGE}Take care of Juni... Andy, too.{PAGE}","Ôi! Cứu tôi! Cứu tôi!{PAGE}Ở đây đông kẻ hung tợn quá,{NL}ta chuồn đây.{PAGE}{PLAYER},{NL}cảm ơn bạn đã giúp. Rất quý.{PAGE}Lo cho nhóc... Andy nữa nhé.{PAGE}",revised,
2C9B60,"Ha, ha, ha, ha!{PAGE}How's that?{NL}Did you see my display?{PAGE}I paid back Sturm in kind for{NL}daring to deceive me!{PAGE}",Ha ha ha ha!{PAGE}Thế nào?{NL}Thấy ta biểu diễn không?{PAGE}Ta đã trả đủ Sturm vì{NL}hắn dám lừa ta!{PAGE},revised,
2C9BCC,"I think you just caused a peck{NL}a trouble with all that snow, Boss.{PAGE}",Chắc sếp gây ra cả tá{NL}rắc rối bằng tuyết rơi đó.{PAGE},revised,
2C9C10,"What was that, Grit?{PAGE}Oh, who cares? It's a grand day!{PAGE}Ha, ha, ha, ha, ha!{PAGE}","Người nói gì, Grit?{PAGE}Kệ đi! Hôm nay vui mà!{PAGE}Ha ha ha ha ha!{PAGE}",revised,
2C9C5C,"Well, it's not like he's got any{NL}bad intentions.{PAGE}",Dù sao ông ta cũng{NL}không có ý xấu.{PAGE},approved,
2C9C90,"I do believe we've reached the{NL}end of a long, dusty road.{PAGE}Goodness gracious!{PAGE}If it ain't my old friend--{NL}big, bearded Olaf.{PAGE}","Có vẻ chặng đường dài{NL}đã đến hồi kết.{PAGE}Ôi trời đất ơi!{PAGE}Chẳng phải bạn cũ của ta,{NL}Olaf râu rậm đây sao?{PAGE}",revised,
2C9D10,"Is that you, Grit?{PAGE}What have I done...?{PAGE}I never realized Sturm was...{PAGE}",Grit đó sao?{PAGE}Ta đã làm gì thế này...?{PAGE}Ta không biết Sturm đã...{PAGE},revised,
2C9D58,"Don't get all long in{NL}the face now, Olaf.{PAGE}Everything turned out all{NL}right in the end.{PAGE}And Boss, you still got{NL}a lot of work to get done.{PAGE}","Đừng tiu nghỉu thế,{NL}Olaf.{PAGE}Cuối cùng mọi việc{NL}vẫn ổn mà.{PAGE}Sếp, ông còn nhiều{NL}việc phải làm đấy.{PAGE}",approved,
2C9DE4,You...you're right.{PAGE},Ngươi... nói đúng.{PAGE},revised,
2C9DFC,"Blue Moon's treated me well,{NL}and I'm in her debt.{PAGE}Well, what else can I do?{PAGE}What do you say? Can I help{NL}you rebuild her?{PAGE}","Blue Moon đối tốt với ta,{NL}ta nợ họ.{PAGE}Giờ ta còn làm gì nữa?{PAGE}Ta giúp ông xây dựng{NL}lại nó nhé?{PAGE}",revised,
2C9E78,"Hm?{PAGE}Do you mean you would{NL}forgive me my misguided deeds?{PAGE}Grit, you...you...(sniff, sniff){PAGE}","Hm?{PAGE}Ý ngươi là tha thứ{NL}việc ta đã làm?{PAGE}Grit, ngươi... ngươi... (sụt sịt){PAGE}",revised,
2C9ED4,Maybe it was worth Sturm{NL}foolin' him just for this.{PAGE},Biết đâu Sturm lừa ông ta{NL}lại thành ra hay.{PAGE},approved,
2C9F0C,Did you say something?{PAGE},Ngươi vừa nói gì?{PAGE},revised,
2C9F24,Nope. Not a word.{PAGE}Let's say we get movin'{NL}on down the road.{PAGE},"Không. Tôi đâu nói gì.{PAGE}Đi tiếp thôi,{NL}sếp.{PAGE}",revised,
2C9F64,Sonja!{PAGE}Are you all right?{PAGE},Sonja!{PAGE}Con có sao không?{PAGE},revised,
2C9F80,"Uh-huh. Thank you, Father.{PAGE}",Vâng. Cám ơn cha.{PAGE},revised,
2C9F9C,"Oh, Sonja...{NL}If anything had happened to you...{PAGE}","Ôi, Sonja...{NL}Nếu con gặp chuyện gì...{PAGE}",revised,
2C9FD0,Father! Don't you dare start crying!{PAGE},Cha! Cha đừng khóc đấy!{PAGE},approved,
2CA008,"Really!{PAGE}Um, Father... I truly thank you.{PAGE}Do you know what Mother{NL}used to tell me?{PAGE}'Your Father's a bit silly, but he'll{NL}always be there when you need him.'{PAGE}","Thật đấy!{PAGE}Cha ơi... Con thật lòng cảm ơn cha.{PAGE}Cha nhớ mẹ từng nói gì{NL}với con không?{PAGE}'Cha con hơi ngốc, nhưng khi con{NL}cần, cha sẽ luôn ở bên.'{PAGE}",revised,
2CA0A8,"(sniff){PAGE}You look just like her, Sonja.{NL}You really do.{PAGE}","(sụt sịt){PAGE}Con giống mẹ quá, Sonja.{NL}Thật đấy.{PAGE}",revised,
2CA0E0,Did we win?{PAGE},Thắng rồi?{PAGE},approved,
2CA0F0,"Yeah, this time we really won!{PAGE}","Phải, lần này ta thắng thật!{PAGE}",approved,
2CA110,"And Sturm's army is{NL}gone for good, too.{PAGE}Ah!{PAGE}What happened to Eagle?{PAGE}",Quân Sturm cũng{NL}biến mất rồi.{PAGE}À!{PAGE}Eagle thế nào?{PAGE},revised,
2CA158,"Ahoy, there mateys!{PAGE}It looks like you've weathered the{NL}storm! Or should I say, 'Sturm!'{PAGE}",Chào các thủy thủ!{PAGE}Xem ra các người vượt được{NL}bão! Hay phải nói là 'Sturm'?{PAGE},revised,
2CA1B4,Captain Drake!{PAGE},Drake!{PAGE},approved,
2CA1C4,Don't you worry your pretty little{NL}head over Eagle.{PAGE}He'll be back.{PAGE}He always keeps his word.{NL}No matter what!{PAGE},Đừng lo cho Eagle{NL}nữa.{PAGE}Anh ta sẽ về.{PAGE}Anh ta luôn giữ lời.{NL}Bất kể điều gì!{PAGE},approved,
2CA234,"Yes... Yes, he does!{PAGE}",Phải... Đúng vậy!{PAGE},approved,
2CA24C,"At any rate, you did great!{PAGE}But we've still got{NL}rough seas ahead of us.{PAGE}We've got to put right the country{NL}borders that Sturm muddled with.{PAGE}It's going to take some time for{NL}the fighting to die down.{PAGE}","Dù sao, các người giỏi lắm!{PAGE}Nhưng biến động phía trước{NL}vẫn còn.{PAGE}Ta phải sửa lại biên giới{NL}Sturm đã phá rối.{PAGE}Chiến sự cần một thời gian{NL}mới lắng xuống.{PAGE}",revised,
2CA314,Do you mean we're not done yet?{PAGE},Nghĩa là chưa xong sao?{PAGE},approved,
2CA338,"It's not as bad as all that.{PAGE}At the very least, it'll be fun{NL}seeing you all again!{PAGE}",Không tệ đến vậy đâu.{PAGE}Ít nhất ta sẽ vui khi{NL}gặp lại mọi người!{PAGE},revised,
2CA38C,"I think it'll be fun, too!{PAGE}",Tôi cũng thấy vui!{PAGE},approved,
2CA3A8,That's a good lad!{PAGE}Looking forward to testing your{NL}mettle again! Until next we meet!{PAGE},"Tốt lắm, nhóc!{PAGE}Hẹn ngày đọ sức lần nữa!{NL}Hẹn gặp lại!{PAGE}",revised,
2CA400,Did... Did we win?{PAGE},Ta... thắng rồi?{PAGE},approved,
2CA414,"Yeah, this time we really won!{PAGE}","Phải, lần này ta thắng thật!{PAGE}",approved,
2CA434,"And Sturm's army is{NL}gone for good, too.{PAGE}Eagle! Thanks for your help!{PAGE}",Quân Sturm cũng{NL}biến mất hẳn rồi.{PAGE}Eagle! Cảm ơn anh đã giúp!{PAGE},approved,
2CA47C,"No thanks are necessary.{PAGE}After all, much of your hardships{NL}were caused by my earlier mistake.{PAGE}",Không cần cảm ơn.{PAGE}Vì sai lầm của ta mà các ngươi{NL}đã gặp nhiều khó khăn.{PAGE},approved,
2CA4DC,Facing you in combat was really{NL}a tough struggle.{PAGE}There was absolutely no{NL}margin for error!{PAGE},Đánh với người thật{NL}vất vả.{PAGE}Không thể sai dù{NL}một bước!{PAGE},approved,
2CA53C,"Yeah, but it was a ton of fun!{PAGE}","Phải, nhưng vui thật đấy!{PAGE}",revised,
2CA55C,"For me as well!{PAGE}Why not? Hey, Andy!{PAGE}I think I'd like to take{NL}another shot at you!{PAGE}What do you say? Are you{NL}up for the challenge?{PAGE}",Ta cũng thấy vậy!{PAGE}Này Andy!{PAGE}Ta muốn đấu với ngươi{NL}lần nữa!{PAGE}Sao nào? Ngươi có{NL}dám nhận lời?{PAGE},revised,
2CA5E0,Another battle? You know it!{PAGE}Let's go!{PAGE},Đánh nữa à? Tất nhiên!{PAGE}Đi nào!{PAGE},revised,
2CA608,"There aren't many{NL}units here, are there?{PAGE}",Ở đây không có{NL}nhiều quân nhỉ?{PAGE},revised,
2CA634,That's right.{PAGE}Do you know what to do?{PAGE},Đúng vậy.{PAGE}Em biết phải làm gì chứ?{PAGE},approved,
2CA65C,Sure! I just use these bases to{NL}deploy whatever troops I want!{PAGE},Biết chứ! Em dùng căn cứ{NL}tạo loại quân mình muốn!{PAGE},revised,
2CA69C,I guess there's nothing left{NL}for me to teach you.{PAGE},Chắc chị chẳng còn gì{NL}để dạy em nữa.{PAGE},approved,
2CA6D4,I lost again.{NL}You're a tough one.{PAGE},Ta lại thua.{NL}Người khá thật.{PAGE},approved,
2CA6F8,That's 'cause it's not just me!{PAGE}{PLAYER}'s my strategic planner!{PAGE},Vì đâu chỉ có mỗi em!{PAGE}{PLAYER} lo chiến lược cho em!{PAGE},approved,
2CA734,"Oh, that's right. Orange Star is using{NL}strategic advisors.{PAGE}That way, the commanders can just{NL}concentrate on the combat itself.{PAGE}That's an impressive system.{NL}It's why I couldn't match you in battle.{PAGE}","À, phải. Orange Star dùng{NL}cố vấn chiến lược.{PAGE}Như vậy các chỉ huy chỉ cần{NL}tập trung chiến đấu.{PAGE}Hệ thống rất hay.{NL}Ta không sao cạnh tranh nổi.{PAGE}",revised,
2CA7FC,"I don't know why, but when we work{NL}together, we're really strong!{PAGE}","Không rõ vì sao, nhưng khi{NL}hợp tác ta mạnh lắm!{PAGE}",approved,
2CA840,"Yes, indeed.{PAGE}This was your day in the sun.{NL}But...{PAGE}",Đúng vậy.{PAGE}Hôm nay là ngày của người.{NL}Nhưng...{PAGE},revised,
2CA874,Hey! Let's fight again some day.{PAGE},Này! Hôm nào ta đánh nữa nhé.{PAGE},revised,
2CA898,"Yes, let's do that.{PAGE}Until we meet again, Andy.{PAGE}See you again, {PLAYER}.{PAGE}Next time, I won't lose!{PAGE}","Được, quyết vậy.{PAGE}Hẹn gặp lại, Andy.{PAGE}Cả bạn nữa, {PLAYER}.{PAGE}Lần tới ta sẽ không thua!{PAGE}",revised,
2CA8F4,"{PLAYER}, use your head{NL}and think this battle through.{PAGE}You've gotten this far,{NL}and I know you'll win if you do.{PAGE}Good luck!{PAGE}","{PLAYER}, hãy suy nghĩ{NL}kỹ về trận này.{PAGE}Bạn đã đi được xa đến đây.{NL}Tôi tin bạn sẽ thắng.{PAGE}Chúc may mắn!{PAGE}",approved,
2E2564,Lucky me!{0E}{0E}{0E}{0E},May quá!{0E}{0E}{0E}{0E},approved,
2E2574,It's time for a tune-up!{0E}{0E}{0E}{0E},Đến lúc sửa quân!{0E}{0E}{0E}{0E},approved,
2E2594,"Roll, tanks, roll!{0E}{0E}{0E}{0E}",Xe tăng tiến lên!{0E}{0E}{0E}{0E},approved,
2E25AC,Let the winds of war bring snow!{0E}{0E}{0E}{0E},"Hỡi gió chiến tranh, hãy đem tuyết tới!{0E}{0E}{0E}{0E}",revised,
2E25D4,"Ready or not, here I come!{0E}{0E}{0E}{0E}",Chuẩn bị chưa? Ta đến đây!{0E}{0E}{0E}{0E},approved,
2E25F4,Reckon it's time to take you down!{0E}{0E}{0E}{0E},Đến giờ hạ các ngươi rồi!{0E}{0E}{0E}{0E},approved,
2E261C,Who shall taste my wrath?{0E}{0E}{0E}{0E},Ai sẽ nếm cơn thịnh nộ?{0E}{0E}{0E}{0E},approved,
2E263C,Now you're gonna get it!{0E}{0E}{0E}{0E},Giờ các ngươi sẽ lãnh đủ!{0E}{0E}{0E}{0E},revised,
2E265C,The Eagle soars above you!{0E}{0E}{0E}{0E},Đại bàng bay cao trên các ngươi!{0E}{0E}{0E}{0E},revised,
2E267C,Wave good-bye to your troops!{0E}{0E}{0E}{0E},Vẫy tay chào quân mình đi!{0E}{0E}{0E}{0E},revised,
2E26A0,You will learn to fear my power!{0E}{0E}{0E}{0E},Các ngươi sẽ sợ sức mạnh của ta!{0E}{0E}{0E}{0E},revised,
2E26C8,Let the winds of war bring snow!{0E}{0E}{0E}{0E},"Hỡi gió chiến tranh, hãy đem tuyết tới!{0E}{0E}{0E}{0E}",revised,
2E26F0,"Sorry 'bout this. But, you've left{NL}me no choice.{0E}{0E}{0E}{0E}",Xin lỗi nhé. Nhưng ngươi đâu{NL}cho ta cách khác.{0E}{0E}{0E}{0E},revised,
2E2728,Are you fool enough to believe you{NL}can withstand two of my attacks?{0E}{0E}{0E}{0E},Người nghĩ mình chịu được{NL}hai đòn của ta sao?{0E}{0E}{0E}{0E},approved,
2E2770,"Ha, ha, ha... This is what{NL}I've been waiting for!{0E}{0E}{0E}{0E}",Ha ha ha... Ta đợi{NL}giờ phút này lâu rồi!{0E}{0E}{0E}{0E},revised,
2E27A8,Grit! Try this one on for size!{0E}{0E}{0E}{0E},Grit! Thử chiêu này xem!{0E}{0E}{0E}{0E},revised,
2E27CC,"OK, Max! Now you've{NL}done made me mad!{0E}{0E}{0E}{0E}","Được, Max! Anh làm{NL}ta nổi giận rồi!{0E}{0E}{0E}{0E}",approved,
2E27F8,"Set sail, my mighty armada!{NL}Drive them before you!!!{0E}{0E}{0E}{0E}","Dong buồm, hạm đội hùng mạnh!{NL}Đẩy lùi chúng đi!!!{0E}{0E}{0E}{0E}",revised,
2E2834,None can challenge my{NL}Sea Strike Force!{0E}{0E}{0E}{0E},Không ai chống nổi{NL}hạm đội của ta!{0E}{0E}{0E}{0E},revised,
2E2860,See if you can handle{NL}my best shot!{0E}{0E}{0E}{0E},Thử đỡ đòn mạnh nhất{NL}của ta xem!{0E}{0E}{0E}{0E},revised,
2E2888,The spirits of winter{NL}have blessed my army!{0E}{0E}{0E}{0E},Linh hồn mùa đông{NL}đã phù hộ quân ta!{0E}{0E}{0E}{0E},revised,
2E28B8,Looks like I need to get serious!{0E}{0E}{0E}{0E},Xem ra ta phải nghiêm túc!{0E}{0E}{0E}{0E},approved,
2E28E0,I will not be defeated!{0E}{0E}{0E}{0E},Ta sẽ không thua!{0E}{0E}{0E}{0E},approved,
2E28FC,"There's no way I'm losing{NL}to you, Grit!{0E}{0E}{0E}{0E}","Ta không đời nào thua{NL}ngươi, Grit!{0E}{0E}{0E}{0E}",revised,
2E2928,"Well, here goes.{0E}{0E}{0E}{0E}","Được, bắt đầu.{0E}{0E}{0E}{0E}",approved,
2E2940,I will pull no punches!{0E}{0E}{0E}{0E},Ta sẽ đánh hết sức!{0E}{0E}{0E}{0E},approved,
2E295C,Kanbei's Imperial Forces will show{NL}you the meaning of true power!{0E}{0E}{0E}{0E},Quân Hoàng gia Kanbei sẽ cho{NL}ngươi thấy sức mạnh thật!{0E}{0E}{0E}{0E},revised,
2E29A4,Cut them to shreds!{0E}{0E}{0E}{0E},Chém chúng tan tác!{0E}{0E}{0E}{0E},revised,
2E29BC,"Come back when you've matured some!{NL}Say, in ten years!!!{0E}{0E}{0E}{0E}",Mười năm nữa lớn rồi{NL}quay lại đây!!!{0E}{0E}{0E}{0E},approved,
2E29FC,"I don't know who you are, but picking{NL}a fight with me was a bad idea!{0E}{0E}{0E}{0E}","Ta không biết người là ai,{NL}nhưng gây sự với ta là sai!{0E}{0E}{0E}{0E}",approved,
2E2A48,This will get me all the intel I need!{0E}{0E}{0E}{0E},Ta sẽ có đủ tin cần thiết!{0E}{0E}{0E}{0E},approved,
2E2A74,"You're in trouble now, Sonja!{0E}{0E}{0E}{0E}","Sonja, người gặp rắc rối rồi!{0E}{0E}{0E}{0E}",revised,
2E2A98,Now to learn all about Sami{NL}and her troops!{0E}{0E}{0E}{0E},Giờ tìm hiểu Sami{NL}và quân của cô ấy!{0E}{0E}{0E}{0E},revised,
2E2AC8,I can't lose now!{0E}{0E}{0E}{0E},Ta sẽ không thua!{0E}{0E}{0E}{0E},approved,
2E2AE0,Hmm... Not bad. Not bad at all.{0E}{0E}{0E}{0E},Hm... Khá đấy. Rất khá.{0E}{0E}{0E}{0E},revised,
2E2B04,I'm a tough old sea dog!{0E}{0E}{0E}{0E},Ta là tay già dạn sóng gió!{0E}{0E}{0E}{0E},revised,
2E2B24,Just as I'd planned!{0E}{0E}{0E}{0E},Đúng như ta tính!{0E}{0E}{0E}{0E},approved,
2E2B40,This will swing the tide of battle{NL}in my favor!{0E}{0E}{0E}{0E},Đòn này sẽ đổi thế trận{NL}theo hướng có lợi!{0E}{0E}{0E}{0E},approved,
2E2B74,Is this what you had in mind?{0E}{0E}{0E}{0E},Người muốn thế này sao?{0E}{0E}{0E}{0E},approved,
2E2B98,"There's no way I'll be defeated{NL}by the likes of you, Andy!{0E}{0E}{0E}{0E}","Ta không đời nào thua{NL}kẻ như ngươi, Andy!{0E}{0E}{0E}{0E}",revised,
2E2BD8,Time to put an end to this!{0E}{0E}{0E}{0E},Đến lúc kết thúc rồi!{0E}{0E}{0E}{0E},approved,
2E2BF8,Eagle! Enough is enough!!!{0E}{0E}{0E}{0E},Eagle! Đủ rồi đấy!!!{0E}{0E}{0E}{0E},revised,
2E2C18,"I don't want to harm Sami, but what{NL}choice do I have?{0E}{0E}{0E}{0E}","Ta không muốn hại Sami,{NL}nhưng còn cách nào?{0E}{0E}{0E}{0E}",revised,
2E2C54,"OK, Drake! Let's do it!!!{0E}{0E}{0E}{0E}","Được, Drake! Làm đi!!!{0E}{0E}{0E}{0E}",approved,
2E2C74,Just in the nick of time.{0E}{0E}{0E}{0E},Vừa kịp lúc.{0E}{0E}{0E}{0E},approved,
2E2C94,"I didn't want it to come to this,{NL}but...{0E}{0E}{0E}{0E}","Ta không muốn đến bước này,{NL}nhưng...{0E}{0E}{0E}{0E}",approved,
2E2CC4,This should wrap things up quickly!{0E}{0E}{0E}{0E},Đòn này sẽ kết thúc nhanh thôi!{0E}{0E}{0E}{0E},approved,
2E2CEC,Here goes!{0E}{0E}{0E}{0E},Đến đây!{0E}{0E}{0E}{0E},approved,
2E2CFC,There's no way I'm losing{NL}to a clone!{0E}{0E}{0E}{0E},Ta không đời nào thua{NL}một bản sao!{0E}{0E}{0E}{0E},revised,
2E2D28,"If you think this clone is getting{NL}the better of me, think again!{0E}{0E}{0E}{0E}",Người nghĩ bản sao này{NL}sẽ hạ được ta? Nghĩ lại đi!{0E}{0E}{0E}{0E},approved,
2E2D70,Power mode...access{NL}Hyper Repair...initiate...{0E}{0E}{0E}{0E},Chế độ sức mạnh...{NL}Siêu Sửa... khởi động...{0E}{0E}{0E}{0E},revised,
2E2DB0,Here's a taste of my power!{0E}{0E}{0E}{0E},Nếm thử sức mạnh của ta!{0E}{0E}{0E}{0E},approved,
2E2DD0,I must not lose! I cannot lose!!{NL}For Sonja!!!{0E}{0E}{0E}{0E},Ta không được thua! Không thể!{NL}Vì Sonja!!!{0E}{0E}{0E}{0E},approved,
2E2E04,You monster...you've gone too far!{NL}Take this!!!{0E}{0E}{0E}{0E},Đồ quái vật... mi quá đáng!{NL}Nhậm chiêu này!!!{0E}{0E}{0E}{0E},revised,
2E2E38,I'll take care of this!{0E}{0E}{0E}{0E},Để ta lo chuyện này!{0E}{0E}{0E}{0E},approved,
2E2E54,You can't hurt people's friends{NL}and get away with it!{0E}{0E}{0E}{0E},Mi hại bạn ta rồi{NL}tưởng thoát được sao!{0E}{0E}{0E}{0E},revised,
2E2E90,You'll learn what it means to{NL}make me angry!{0E}{0E}{0E}{0E},Mi sẽ biết khi ta{NL}nổi giận là thế nào!{0E}{0E}{0E}{0E},approved,
2E2EC4,There's no way I'm losing!{0E}{0E}{0E}{0E},Ta không thể thua!{0E}{0E}{0E}{0E},approved,
2E2EE4,"If I can just bring the snow,{NL}victory will be mine!{0E}{0E}{0E}{0E}","Chỉ cần tuyết rơi,{NL}chiến thắng sẽ thuộc về ta!{0E}{0E}{0E}{0E}",revised,
2E2F1C,Think you can handle this?{0E}{0E}{0E}{0E},Chịu được đòn này không?{0E}{0E}{0E}{0E},approved,
2E2F3C,How's this?{0E}{0E}{0E}{0E},Thấy sao?{0E}{0E}{0E}{0E},approved,
2E2F4C,"Here I come, Andy!{0E}{0E}{0E}{0E}","Ta đến đây, Andy!{0E}{0E}{0E}{0E}",approved,
2E400C,{UNIT}Infantry{NORMAL} units have the{NL}lowest deployment cost.{NL}They can capture bases{NL}but have low firepower.,{UNIT}Bộ binh{NORMAL} có chi phí{NL}sản xuất thấp nhất.{NL}Họ chiếm được căn cứ{NL}nhưng hỏa lực yếu.,revised,
2E4070,"{UNIT}Infantry{NORMAL} carry{NL}rations. When they{NL}run out, they won't be{NL}able to move.",{UNIT}Bộ binh{NORMAL} mang{NL}lương thực. Hết lương{NL}thì họ không thể{NL}di chuyển.,approved,
2E40BC,{UNIT}Infantry{NORMAL} units are{NL}not equipped with{NL}primary weapons.,{UNIT}Bộ binh{NORMAL} không có{NL}vũ khí chính{NL}được trang bị.,approved,
2E40F4,{UNIT}Infantry{NORMAL} move on{NL}foot. They can cross{NL}most terrain but only{NL}in short increments.,{UNIT}Bộ binh{NORMAL} đi bộ.{NL}Họ qua được hầu hết{NL}địa hình nhưng đi{NL}không xa.,approved,
2E4148,The secondary weapons{NL}of the {UNIT}infantry{NORMAL} are{NL}machine guns.They can{NL}{COMMAND}fire{NORMAL} on the units below.,Vũ khí phụ của{NL}{UNIT}bộ binh{NORMAL} là súng máy.{NL}Họ dùng nó để{NL}{COMMAND}Bắn{NORMAL} các đơn vị này.,approved,
2E41A8,Machine guns are{NL}effective against{NL}other {UNIT}infantry{NORMAL} units.,Súng máy rất{NL}hiệu quả với{NL}{UNIT}bộ binh{NORMAL} khác.,approved,
2E41E4,You shouldn't expect{NL}machine guns to do{NL}much damage against{NL}non-infantry units.,Đừng mong súng máy{NL}gây nhiều sát thương{NL}cho các đơn vị{NL}khác bộ binh.,revised,
2E4234,{UNIT}Infantry{NORMAL} machine{NL}guns do little or no{NL}damage to copter units.,Súng máy của {UNIT}bộ binh{NORMAL}{NL}gần như không gây{NL}hại cho trực thăng.,approved,
2E4274,"{UNIT}Mech{NORMAL} units can capture{NL}bases, traverse most{NL}terrain types, and have{NL}superior firepower. ","{UNIT}Quân cơ giới{NORMAL} chiếm{NL}được căn cứ, qua nhiều{NL}địa hình và có hỏa lực{NL}mạnh hơn.",approved,
2E42D0,The primary weapons of{NL}{UNIT}mech{NORMAL} units are{NL}bazookas. They can{NL}{COMMAND}fire{NORMAL} on the units below.,Vũ khí chính của{NL}{UNIT}quân cơ giới{NORMAL} là{NL}súng bazooka. Họ{NL}{COMMAND}Bắn{NORMAL} các mục tiêu này.,approved,
2E4328,Bazookas have a limited{NL}number of rounds. They{NL}can no longer {COMMAND}fire{NORMAL} when{NL}they run out of rounds.,"Bazooka có đạn hạn{NL}chế. Khi hết đạn,{NL}họ không thể {COMMAND}Bắn{NORMAL}{NL}bằng bazooka nữa.",approved,
2E438C,"{UNIT}Mech{NORMAL} units carry{NL}rations. When they{NL}run out, they won't{NL}be able to move.",{UNIT}Quân cơ giới{NORMAL} mang{NL}lương thực. Hết lương{NL}thì họ không thể{NL}di chuyển.,approved,
2E43D8,Bazookas are effective{NL}against non-infantry{NL}ground units. They're{NL}equal to tank rounds.,Bazooka hiệu quả{NL}với quân bộ không{NL}phải bộ binh. Mạnh{NL}ngang đạn xe tăng.,approved,
2E4430,{UNIT}Mech{NORMAL} units use M guns{NL}against foot soldiers.{NL}They're stronger than{NL}{UNIT}infantry{NORMAL} machine guns.,{UNIT}Quân cơ giới{NORMAL} dùng súng{NL}máy đánh bộ binh.{NL}Nó mạnh hơn súng máy{NL}của {UNIT}bộ binh{NORMAL}.,approved,
2E4490,M guns get used when{NL}bazooka ammo runs out.{NL}The symbol on the unit{NL}shows hit potential.,"Khi hết đạn bazooka,{NL}họ dùng súng máy.{NL}Biểu tượng trên quân{NL}cho biết sức đánh.",approved,
2E44E8,Machine guns do some{NL}damage to {UNIT}T copters{NORMAL}.{NL}The symbol on the unit{NL}shows hit potential.,Súng máy chỉ gây{NL}ít sát thương cho {UNIT}trực thăng tải{NORMAL}.{NL}Biểu tượng cho biết{NL}sức đánh.,revised,
2E4540,{UNIT}Recon{NORMAL} units have{NL}high movement{NL}range and are strong{NL}against {UNIT}infantry{NORMAL} units.,{UNIT}Xe thăm dò{NORMAL} đi xa{NL}và rất mạnh{NL}khi đánh{NL}{UNIT}bộ binh{NORMAL}.,approved,
2E4590,"{UNIT}Recon{NORMAL} units have{NL}a large vision range,{NL}making them invaluable{NL}in Fog of War.","{UNIT}Xe thăm dò{NORMAL} nhìn{NL}rất xa, nên cực kỳ{NL}hữu ích trong{NL}Sương Mù.",approved,
2E45E0,{UNIT}Recon{NORMAL} units travel{NL}on tires. This prevents{NL}them from crossing some{NL}types of terrain.,"{UNIT}Xe thăm dò{NORMAL} dùng{NL}bánh lốp, nên không{NL}thể vượt qua vài{NL}loại địa hình.",approved,
2E4638,{UNIT}Recon{NORMAL} units are{NL}not equipped with{NL}primary weapons.,{UNIT}Xe thăm dò{NORMAL} không{NL}được trang bị{NL}vũ khí chính.,approved,
2E4670,The secondary weapons{NL}of {UNIT}recon{NORMAL} units are{NL}machine guns. They{NL}have minimal firepower.,Vũ khí phụ của{NL}{UNIT}xe thăm dò{NORMAL} là súng{NL}máy. Hỏa lực{NL}của nó yếu.,approved,
2E46C8,Machine guns work well{NL}against {UNIT}infantry{NORMAL}.{NL}The symbol on the unit{NL}shows hit potential.,Súng máy tốt khi{NL}đánh {UNIT}bộ binh{NORMAL}.{NL}Biểu tượng trên quân{NL}cho biết sức đánh.,approved,
2E4720,"{UNIT}Recon{NORMAL} units can{NL}{COMMAND}fire{NORMAL} upon non-infantry{NL}units, but don't expect{NL}high damage.","{UNIT}Xe thăm dò{NORMAL} vẫn{NL}{COMMAND}Bắn{NORMAL} được quân khác,{NL}nhưng sát thương{NL}không cao.",revised,
2E4770,Machine guns do some{NL}damage to {UNIT}T copters{NORMAL}.{NL}The symbol on the unit{NL}shows hit potential.,Súng máy chỉ gây{NL}ít sát thương cho {UNIT}trực thăng tải{NORMAL}.{NL}Biểu tượng cho biết{NL}sức đánh.,revised,
2E47C8,"{UNIT}Tank{NORMAL} units have high{NL}movement ranges and{NL}are inexpensive, so{NL}they're easy to deploy.","{UNIT}Xe tăng{NORMAL} đi xa,{NL}giá rẻ nên dễ{NL}sản xuất và{NL}triển khai.",approved,
2E4820,{UNIT}Tank{NORMAL} units travel on{NL}treads. This limits the{NL}types of terrain they{NL}can cross.,{UNIT}Xe tăng{NORMAL} dùng{NL}bánh xích. Vì vậy{NL}nó không qua được{NL}mọi địa hình.,approved,
2E4870,This is the {UNIT}tank{NORMAL} unit's{NL}vision range.{NL}It's fairly wide{NL}for a ground unit.,"Tầm nhìn của {UNIT}xe tăng{NORMAL}{NL}được thể hiện ở đây.{NL}Với quân bộ, nó{NL}khá rộng.",revised,
2E48BC,A {UNIT}tank{NORMAL} unit's primary{NL}weapon can {COMMAND}fire{NORMAL}{NL}on the units below.,Pháo {UNIT}xe tăng{NORMAL} có{NL}thể {COMMAND}Bắn{NORMAL}{NL}các đơn vị này.,approved,
2E48FC,"When all primary weapon{NL}ammo is used, {UNIT}tank{NORMAL}{NL}units must use their{NL}secondary weapons.","Khi hết đạn vũ khí{NL}chính, {UNIT}xe tăng{NORMAL}{NL}phải dùng vũ khí{NL}phụ của nó.",approved,
2E4954,"The {UNIT}tank{NORMAL} unit's primary{NL}weapon, the cannon,{NL}is effective against{NL}non-infantry units.",Pháo của {UNIT}xe tăng{NORMAL}{NL}là vũ khí chính.{NL}Nó mạnh với quân{NL}không phải bộ binh.,approved,
2E49AC,"{UNIT}Tank{NORMAL} units can {COMMAND}fire{NORMAL} on{NL}ships with their{NL}cannons, but their hit{NL}potential is low.","{UNIT}Xe tăng{NORMAL} có thể {COMMAND}Bắn{NORMAL}{NL}tàu bằng pháo,{NL}nhưng sát thương{NL}không lớn.",approved,
2E4A04,Tanks can't {COMMAND}fire{NORMAL}{NL}on submerged {UNIT}subs{NORMAL}.{NL}The symbol on the unit{NL}shows hit potential.,Xe tăng không {COMMAND}Bắn{NORMAL}{NL}{UNIT}tàu ngầm{NORMAL} đang lặn.{NL}Biểu tượng trên quân{NL}cho biết sức đánh.,approved,
2E4A58,{UNIT}Tank{NORMAL} unit machine guns{NL}are very effective{NL}against foot soldiers.,Súng máy {UNIT}xe tăng{NORMAL}{NL}rất mạnh khi{NL}đánh bộ binh.,approved,
2E4A9C,M guns get used when{NL}cannon ammo runs out.{NL}The symbol on the unit{NL}shows hit potential.,Hết đạn pháo thì{NL}dùng súng máy.{NL}Biểu tượng trên quân{NL}cho biết sức đánh.,approved,
2E4AF4,{UNIT}Tank{NORMAL} unit machine guns{NL}are fairly effective{NL}against copter units.,Súng máy {UNIT}xe tăng{NORMAL}{NL}đánh trực thăng{NL}khá hiệu quả.,approved,
2E4B38,{UNIT}Md (medium) tank{NORMAL} units'{NL}defensive and offensive{NL}ratings are the highest{NL}of the ground units.,{UNIT}Xe tăng hạng trung{NORMAL} có{NL}sức công và phòng{NL}thủ cao nhất trong{NL}quân bộ.,revised,
2E4B98,{UNIT}Md tank{NORMAL} units'{NL}primary weapons can{NL}{COMMAND}fire{NORMAL} on the{NL}units below.,Pháo {UNIT}tăng hạng trung{NORMAL}{NL}là vũ khí chính.{NL}Nó {COMMAND}Bắn{NORMAL} được{NL}các đơn vị này.,revised,
2E4BD8,"When all primary weapon{NL}ammo is gone, {UNIT}Md tank{NORMAL}{NL}units must use their{NL}secondary weapons.","Khi hết đạn vũ khí{NL}chính, {UNIT}xe tăng hạng trung{NORMAL}{NL}phải dùng vũ khí{NL}phụ.",revised,
2E4C30,The {UNIT}Md tank{NORMAL} cannon is{NL}the strongest ground{NL}weapon against non-{NL}infantry ground forces.,Pháo {UNIT}xe tăng hạng trung{NORMAL}{NL}là vũ khí mạnh nhất{NL}chống quân bộ{NL}không phải bộ binh.,revised,
2E4C8C,The cannon is fairly{NL}effective against ships.{NL}The symbol on the unit{NL}shows hit potential.,Pháo đánh tàu khá{NL}hiệu quả.{NL}Biểu tượng trên quân{NL}cho biết sức đánh.,approved,
2E4CE8,{UNIT}Md tanks{NORMAL} can't {COMMAND}fire{NORMAL}{NL}on submerged {UNIT}subs{NORMAL}.{NL}The symbol on the unit{NL}shows hit potential.,{UNIT}Xe tăng hạng trung{NORMAL} không {COMMAND}Bắn{NORMAL}{NL}{UNIT}tàu ngầm{NORMAL} đang lặn.{NL}Biểu tượng trên quân{NL}cho biết sức đánh.,revised,
2E4D44,{UNIT}Md tank{NORMAL} unit machine{NL}guns are better than{NL}{UNIT}tank{NORMAL} unit M guns{NL}against foot soldiers.,Súng máy {UNIT}xe tăng hạng trung{NORMAL}{NL}mạnh hơn súng máy{NL}{UNIT}xe tăng{NORMAL} khi đánh{NL}bộ binh.,revised,
2E4D9C,Machine guns get used{NL}on non-infantry ground{NL}units when cannon{NL}ammo runs out.,"Khi hết đạn pháo,{NL}súng máy sẽ được dùng{NL}để đánh quân bộ{NL}không phải bộ binh.",approved,
2E4DEC,"{UNIT}Md tank{NORMAL} units can{NL}{COMMAND}fire{NORMAL} on copters, and{NL}are particularly strong{NL}against {UNIT}T copters{NORMAL}.","{UNIT}Xe tăng hạng trung{NORMAL} có thể{NL}{COMMAND}Bắn{NORMAL} trực thăng, và{NL}đặc biệt mạnh với{NL}{UNIT}trực thăng chở quân{NORMAL}.",revised,
2E4E44,"{UNIT}APC{NORMAL} units transport{NL}foot soldiers, ammo,{NL}gas, and rations.","{UNIT}Xe chở quân{NORMAL} chở{NL}bộ binh, đạn dược,{NL}xăng và lương thực.",approved,
2E4E84,{UNIT}APC{NORMAL} units carry{NL}no weapons and{NL}cannot {COMMAND}fire{NORMAL}.,{UNIT}APC{NORMAL} không có{NL}vũ khí và{NL}không {COMMAND}Bắn{NORMAL} được.,approved,
2E4EB4,{UNIT}Artillery{NORMAL} units are{NL}an inexpensive way to{NL}gain indirect offensive{NL}attack capabilities.,{UNIT}Pháo binh{NORMAL} là cách{NL}rẻ để có khả năng{NL}tấn công gián tiếp{NL}trên chiến trường.,revised,
2E4F10,{UNIT}Artillery{NORMAL} units travel{NL}on treads. This makes{NL}them easier to deploy{NL}than {UNIT}rockets{NORMAL}.,"{UNIT}Pháo binh{NORMAL} dùng{NL}bánh xích, nên dễ{NL}triển khai hơn{NL}{UNIT}hỏa tiễn{NORMAL}.",revised,
2E4F68,This is the unit's vision{NL}range. It needs intel{NL}from other units to {COMMAND}fire{NORMAL}{NL}in Fog of War.,Đây là tầm nhìn của nó.{NL}Cần quân khác do thám{NL}để {COMMAND}Bắn{NORMAL} được{NL}trong Sương Mù.,revised,
2E4FC4,The primary weapons of{NL}{UNIT}artillery{NORMAL} units are{NL}cannons. They can {COMMAND}fire{NORMAL}{NL}on the units below.,Vũ khí chính của{NL}{UNIT}pháo binh{NORMAL} là pháo.{NL}Nó có thể {COMMAND}Bắn{NORMAL} vào{NL}các đơn vị này.,approved,
2E5020,{UNIT}Artillery{NORMAL} units won't{NL}be able to {COMMAND}fire{NORMAL} when{NL}they exhaust their{NL}cannon ammo.,{UNIT}Pháo binh{NORMAL} không{NL}thể {COMMAND}Bắn{NORMAL} khi{NL}đã hết đạn{NL}pháo.,approved,
2E5070,This is the {UNIT}artillery{NORMAL}{NL}unit's attack range.{NL}It can {COMMAND}fire{NORMAL} on some{NL}areas {UNIT}rockets{NORMAL} can't.,Tầm bắn {UNIT}pháo binh{NORMAL}{NL}nằm ở đây.{NL}Nó {COMMAND}Bắn{NORMAL} được nơi{NL}{UNIT}hỏa tiễn{NORMAL} không tới.,approved,
2E50CC,{UNIT}Rocket{NORMAL} units are{NL}valuable because they{NL}can {COMMAND}fire{NORMAL} on both land{NL}and naval units.,{UNIT}Hỏa tiễn{NORMAL} rất{NL}giá trị vì có thể{NL}{COMMAND}Bắn{NORMAL} cả quân bộ{NL}lẫn hải quân.,approved,
2E5120,{UNIT}Rocket{NORMAL} units travel on{NL}tires. This makes them{NL}more difficult to deploy{NL}than {UNIT}artillery{NORMAL} units.,"{UNIT}Hỏa tiễn{NORMAL} dùng{NL}bánh lốp, nên khó{NL}triển khai hơn{NL}{UNIT}pháo binh{NORMAL}.",approved,
2E5184,This is the unit's vision{NL}range. It needs intel{NL}from other units to {COMMAND}fire{NORMAL}{NL}in Fog of War.,Đây là tầm nhìn của nó.{NL}Cần quân khác do thám{NL}để {COMMAND}Bắn{NORMAL} được{NL}trong Sương Mù.,revised,
2E51E0,{UNIT}Rocket{NORMAL} units can{NL}{COMMAND}fire{NORMAL} on the units below.,{UNIT}Hỏa tiễn{NORMAL} có thể{NL}{COMMAND}Bắn{NORMAL} các đơn vị này.,approved,
2E5210,{UNIT}Rocket{NORMAL} units won't be{NL}able to {COMMAND}fire{NORMAL} when they{NL}run out of rockets.,{UNIT}Hỏa tiễn{NORMAL} không thể{NL}{COMMAND}Bắn{NORMAL} nữa khi{NL}hết đạn.,approved,
2E5258,This is the {UNIT}rocket{NORMAL}{NL}unit's attack range. It{NL}can engage both land{NL}and naval units.,Tầm bắn {UNIT}hỏa tiễn{NORMAL}{NL}nằm ở đây. Nó đánh{NL}được cả quân bộ{NL}lẫn hải quân.,approved,
2E52AC,Rockets work very well{NL}against foot soldiers.{NL}The symbol on the unit{NL}shows hit potential.,Hỏa tiễn rất mạnh{NL}với bộ binh.{NL}Biểu tượng trên quân{NL}cho biết sức đánh.,approved,
2E5308,Rockets are powerful{NL}against these units.{NL}The symbol on the unit{NL}shows hit potential.,Hỏa tiễn rất mạnh{NL}với các đơn vị này.{NL}Biểu tượng trên quân{NL}cho biết sức đánh.,approved,
2E5360,The symbol on the unit{NL}shows hit potential.,Biểu tượng trên quân{NL}cho biết sức đánh.,approved,
2E538C,{UNIT}Rocket{NORMAL} units can't {COMMAND}fire{NORMAL}{NL}on submerged {UNIT}subs{NORMAL}.{NL}The symbol on the unit{NL}shows hit potential.,{UNIT}Hỏa tiễn{NORMAL} không {COMMAND}Bắn{NORMAL}{NL}{UNIT}tàu ngầm{NORMAL} đang lặn.{NL}Biểu tượng trên quân{NL}cho biết sức đánh.,approved,
2E53EC,{UNIT}A-air{NORMAL} units work well{NL}against foot soldiers{NL}and air units. They're{NL}weak against tanks.,"{UNIT}Phòng không{NORMAL} mạnh{NL}với bộ binh và{NL}không quân, nhưng{NL}yếu khi đánh xe tăng.",approved,
2E5448,The primary weapon of{NL}{UNIT}A-air{NORMAL} units is the{NL}Vulcan cannon. It can{NL}{COMMAND}fire{NORMAL} on the units below.,Vũ khí chính của{NL}{UNIT}phòng không{NORMAL} là pháo{NL}Vulcan. Nó có thể{NL}{COMMAND}Bắn{NORMAL} các đơn vị này.,approved,
2E54A4,"When {UNIT}A-air{NORMAL} units run{NL}out of Vulcan ammo,{NL}they can no longer {COMMAND}fire{NORMAL}.","Khi {UNIT}phòng không{NORMAL}{NL}hết đạn Vulcan,{NL}nó không thể {COMMAND}Bắn{NORMAL}.",approved,
2E54EC,The Vulcan cannon{NL}has overpowering{NL}firepower against{NL}foot soldiers.,Pháo Vulcan có{NL}hỏa lực cực mạnh{NL}khi đánh{NL}bộ binh.,approved,
2E5530,The Vulcan cannon is{NL}adequate against non-{NL}infantry units and weak{NL}against tank units.,"Pháo Vulcan khá{NL}mạnh với quân khác,{NL}nhưng yếu khi{NL}đánh xe tăng.",approved,
2E5588,The Vulcan cannon is{NL}strong against copters.{NL}The symbol on the unit{NL}shows hit potential.,Pháo Vulcan rất{NL}mạnh với trực thăng.{NL}Biểu tượng trên quân{NL}cho biết sức đánh.,approved,
2E55E4,The Vulcan cannon has{NL}a high firepower rating{NL}against {UNIT}fighter{NORMAL} and{NL}{UNIT}bomber{NORMAL} units.,Pháo Vulcan có{NL}hỏa lực cao khi{NL}đánh {UNIT}tiêm kích{NORMAL} và{NL}{UNIT}oanh tạc cơ{NORMAL}.,approved,
2E5638,{UNIT}Missile{NORMAL} units are{NL}essential in defending{NL}against air units. Their{NL}vision range is large.,{UNIT}Tên lửa{NORMAL} rất cần{NL}để chống không quân.{NL}Đơn vị này có{NL}tầm nhìn rộng.,approved,
2E5694,The primary weapons of{NL}{UNIT}missile{NORMAL} units are anti-{NL}air missiles. They can{NL}{COMMAND}fire{NORMAL} on the units below.,Vũ khí chính của{NL}{UNIT}tên lửa{NORMAL} là đạn{NL}phòng không. Nó{NL}{COMMAND}Bắn{NORMAL} các đơn vị này.,approved,
2E56F8,{UNIT}Missile{NORMAL} units can{NL}no longer {COMMAND}fire{NORMAL} when they{NL}run out of missiles.,{UNIT}Tên lửa{NORMAL} không thể{NL}{COMMAND}Bắn{NORMAL} nữa khi{NL}hết đạn.,approved,
2E573C,{UNIT}Missile{NORMAL} units are very{NL}strong against copters.{NL}The symbol on the unit{NL}shows hit potential.,{UNIT}Tên lửa{NORMAL} rất mạnh{NL}với trực thăng.{NL}Biểu tượng trên quân{NL}cho biết sức đánh.,approved,
2E579C,{UNIT}Missile{NORMAL} units{NL}are powerful against{NL}both {UNIT}fighter{NORMAL} and{NL}{UNIT}bomber{NORMAL} units.,{UNIT}Tên lửa{NORMAL} rất{NL}mạnh khi đánh{NL}cả {UNIT}tiêm kích{NORMAL} và{NL}{UNIT}oanh tạc cơ{NORMAL}.,revised,
2E57E4,This is the {UNIT}missile{NORMAL}{NL}unit's attack range. It{NL}can {COMMAND}fire{NORMAL} on air units{NL}within this area.,Tầm bắn {UNIT}tên lửa{NORMAL}{NL}nằm ở đây. Nó{NL}{COMMAND}Bắn{NORMAL} được không quân{NL}trong khu vực này.,approved,
2E583C,{UNIT}Fighter{NORMAL} units can{NL}engage other air units.{NL}Their movement range is{NL}the highest of all units.,{UNIT}Tiêm kích{NORMAL} đánh{NL}được không quân.{NL}Tầm di chuyển của nó{NL}xa nhất trong mọi đơn vị.,revised,
2E589C,The primary weapons of{NL}{UNIT}fighters{NORMAL} are air-to-{NL}air missiles. They can{NL}{COMMAND}fire{NORMAL} on the units below.,Vũ khí chính của{NL}{UNIT}tiêm kích{NORMAL} là tên lửa{NL}không đối không. Nó{NL}{COMMAND}Bắn{NORMAL} các đơn vị này.,approved,
2E58FC,{UNIT}Fighter{NORMAL} units can{NL}no longer {COMMAND}fire{NORMAL} when{NL}they exhaust their{NL}supply of missiles.,{UNIT}Tiêm kích{NORMAL} không{NL}thể {COMMAND}Bắn{NORMAL} nữa khi{NL}hết đạn{NL}tên lửa.,approved,
2E5950,{UNIT}Fighter{NORMAL} units boast{NL}a high firepower rating{NL}against copter units.,{UNIT}Tiêm kích{NORMAL} có{NL}hỏa lực cao khi{NL}đánh trực thăng.,approved,
2E5994,{UNIT}Fighter{NORMAL} units are{NL}good in dogfights and{NL}strong against{NL}{UNIT}bomber{NORMAL} units.,{UNIT}Tiêm kích{NORMAL} rất{NL}giỏi không chiến{NL}và mạnh khi đánh{NL}{UNIT}oanh tạc cơ{NORMAL}.,approved,
2E59E0,{UNIT}Bomber{NORMAL} units can{NL}{COMMAND}fire{NORMAL} on ground and{NL}naval units. Their{NL}movement range is high.,{UNIT}Oanh tạc cơ{NORMAL} có thể{NL}{COMMAND}Bắn{NORMAL} quân bộ và{NL}hải quân. Nó{NL}đi được rất xa.,approved,
2E5A34,The primary weapons{NL}of {UNIT}bomber{NORMAL} units are{NL}bombs. They can {COMMAND}fire{NORMAL}{NL}on the units below.,Vũ khí chính của{NL}{UNIT}oanh tạc cơ{NORMAL} là bom.{NL}Nó có thể {COMMAND}Bắn{NORMAL}{NL}các đơn vị này.,approved,
2E5A8C,{UNIT}Bomber{NORMAL} units can{NL}no longer {COMMAND}fire{NORMAL} when{NL}they exhaust their{NL}supply of bombs.,{UNIT}Oanh tạc cơ{NORMAL} không{NL}thể {COMMAND}Bắn{NORMAL} nữa khi{NL}đã hết{NL}bom.,approved,
2E5ADC,Bombs can generally{NL}destroy entire units of{NL}foot soldiers regardless{NL}of defensive cover.,"Bom thường có thể{NL}diệt hết một đơn vị{NL}bộ binh, bất chấp{NL}nơi ẩn nấp.",approved,
2E5B38,"Bombs cause immense{NL}damage to non-{NL}infantry units, too.",Bom gây sát thương{NL}lớn cho cả quân{NL}không phải bộ binh.,approved,
2E5B70,{UNIT}Bomber{NORMAL} units{NL}have a high{NL}firepower rating{NL}against naval units.,{UNIT}Oanh tạc cơ{NORMAL} có{NL}hỏa lực rất cao{NL}khi đánh{NL}hải quân.,approved,
2E5BB4,{UNIT}Bombers{NORMAL} can't {COMMAND}fire{NORMAL}{NL}on submerged {UNIT}subs{NORMAL}.{NL}The symbol on the unit{NL}shows hit potential.,{UNIT}Oanh tạc cơ{NORMAL} không {COMMAND}Bắn{NORMAL}{NL}{UNIT}tàu ngầm{NORMAL} đang lặn.{NL}Biểu tượng trên quân{NL}cho biết sức đánh.,approved,
2E5C0C,"{UNIT}B (Battle) copter{NORMAL}{NL}units can {COMMAND}fire{NORMAL} on{NL}many unit types, so{NL}they're invaluable. ","{UNIT}Trực thăng chiến đấu{NORMAL}{NL}có thể {COMMAND}Bắn{NORMAL}{NL}nhiều loại quân,{NL}nên rất hữu ích.",approved,
2E5C60,{UNIT}B copter{NORMAL} units have{NL}the largest vision{NL}range of air units.,{UNIT}Trực thăng chiến đấu{NORMAL} có{NL}tầm nhìn rộng{NL}nhất không quân.,approved,
2E5CA0,{UNIT}B copter{NORMAL} units use{NL}missiles as their primary{NL}weapons. They can {COMMAND}fire{NORMAL}{NL}on the units below.,{UNIT}Trực thăng chiến đấu{NORMAL} dùng{NL}tên lửa làm vũ khí{NL}chính. Nó {COMMAND}Bắn{NORMAL} được{NL}các đơn vị này.,revised,
2E5CFC,"When {UNIT}B copter{NORMAL} units{NL}run out of missiles,{NL}they must use their{NL}secondary weapons.","Khi {UNIT}trực thăng chiến đấu{NORMAL}{NL}hết tên lửa,{NL}nó phải dùng vũ khí{NL}phụ.",approved,
2E5D50,{UNIT}B copter{NORMAL} missiles are{NL}OK against these units.{NL}The symbol on the unit{NL}shows hit potential.,Tên lửa {UNIT}trực thăng chiến đấu{NORMAL}{NL}đánh quân này tốt.{NL}Biểu tượng trên quân{NL}cho biết sức đánh.,approved,
2E5DAC,{UNIT}B copter{NORMAL} missiles are{NL}OK against these units.{NL}The symbol on the unit{NL}shows hit potential.,Tên lửa {UNIT}trực thăng chiến đấu{NORMAL}{NL}đánh quân này tốt.{NL}Biểu tượng trên quân{NL}cho biết sức đánh.,approved,
2E5E08,{UNIT}B copter{NORMAL} units can't{NL}{COMMAND}fire{NORMAL} on submerged {UNIT}subs{NORMAL}.{NL}The symbol on the unit{NL}shows hit potential.,{UNIT}Trực thăng chiến đấu{NORMAL} không{NL}{COMMAND}Bắn{NORMAL} được {UNIT}tàu ngầm{NORMAL} lặn.{NL}Biểu tượng trên quân{NL}cho biết uy lực.,approved,
2E5E68,{UNIT}B copter{NORMAL} units can use{NL}their machine guns to{NL}{COMMAND}fire{NORMAL} on ground units{NL}and other copter units.,{UNIT}Trực thăng chiến đấu{NORMAL} có thể{NL}dùng súng máy để{NL}{COMMAND}Bắn{NORMAL} quân bộ và{NL}trực thăng khác.,approved,
2E5EC8,{UNIT}B copter{NORMAL} M guns are{NL}strong versus {UNIT}infantry{NORMAL}.{NL}The symbol on the unit{NL}shows hit potential.,Súng máy {UNIT}trực thăng chiến đấu{NORMAL}{NL}mạnh với {UNIT}bộ binh{NORMAL}.{NL}Biểu tượng trên quân{NL}cho biết sức đánh.,approved,
2E5F24,M guns get used when{NL}missiles run out.{NL}The symbol on the unit{NL}shows hit potential.,"Khi hết tên lửa,{NL}nó dùng súng máy.{NL}Biểu tượng trên quân{NL}cho biết sức đánh.",approved,
2E5F78,{UNIT}B copter{NORMAL} unit machine{NL}guns have a high{NL}firepower rating{NL}against {UNIT}T copters{NORMAL}.,Súng máy {UNIT}trực thăng chiến đấu{NORMAL}{NL}có hỏa lực cao{NL}khi đánh{NL}{UNIT}trực thăng chở quân{NORMAL}.,approved,
2E5FC8,{UNIT}T (Transport) copter{NORMAL}{NL}units have good{NL}movement range and{NL}can carry foot soldiers.,{UNIT}Trực thăng chở quân{NORMAL}{NL}di chuyển khá xa{NL}và chở được{NL}bộ binh.,approved,
2E601C,{UNIT}T copters{NORMAL} carry{NL}no weapons and{NL}cannot {COMMAND}fire{NORMAL}.,{UNIT}Trực thăng chở quân{NORMAL} không{NL}có vũ khí và{NL}không {COMMAND}Bắn{NORMAL} được.,revised,
2E604C,{UNIT}B (Battle) ships{NORMAL}{NL}have a larger attack{NL}range than even{NL}{UNIT}rocket{NORMAL} units.,{UNIT}Thiết giáp hạm{NORMAL}{NL}bắn xa hơn cả{NL}đơn vị{NL}{UNIT}hỏa tiễn{NORMAL}.,revised,
2E6094,This is the {UNIT}B ship's{NORMAL}{NL}attack range.{NL}It is the largest{NL}of all naval units.,Tầm bắn {UNIT}thiết giáp hạm{NORMAL}{NL}nằm ở đây.{NL}Nó xa nhất{NL}trong hải quân.,revised,
2E60E0,The primary weapons of{NL}{UNIT}B ships{NORMAL} are{NL}cannons. They can {COMMAND}fire{NORMAL}{NL}on the units below.,Vũ khí chính của{NL}{UNIT}thiết giáp hạm{NORMAL} là pháo.{NL}Nó {COMMAND}Bắn{NORMAL} được{NL}các đơn vị này.,revised,
2E6134,{UNIT}B ships{NORMAL} can no{NL}longer {COMMAND}fire{NORMAL} when they{NL}exhaust their supply of{NL}cannon ammo{NORMAL}.,{UNIT}Thiết giáp hạm{NORMAL} không{NL}thể {COMMAND}Bắn{NORMAL} nữa khi{NL}hết đạn{NL}pháo{NORMAL}.,revised,
2E6184,The cannon is strong{NL}against foot soldiers.{NL}The symbol on the unit{NL}shows hit potential.,Pháo rất mạnh khi{NL}đánh bộ binh.{NL}Biểu tượng trên quân{NL}cho biết sức đánh.,approved,
2E61DC,The cannon has a high{NL}firepower rating{NL}against non-infantry{NL}ground units.,Pháo có hỏa lực{NL}cao với quân bộ{NL}không phải{NL}bộ binh.,approved,
2E6228,This cannon is extremely{NL}strong against ships.{NL}The symbol on the unit{NL}shows hit potential.,Pháo này cực mạnh{NL}khi đánh tàu biển.{NL}Biểu tượng trên quân{NL}cho biết sức đánh.,approved,
2E6284,The {UNIT}B ship{NORMAL} can't {COMMAND}fire{NORMAL}{NL}on submerged {UNIT}subs{NORMAL}.{NL}The symbol on the unit{NL}shows hit potential.,{UNIT}Thiết giáp hạm{NORMAL} không {COMMAND}Bắn{NORMAL}{NL}{UNIT}tàu ngầm{NORMAL} đang lặn.{NL}Biểu tượng trên quân{NL}cho biết sức đánh.,revised,
2E62E0,"{UNIT}Cruisers{NORMAL} are strong{NL}against {UNIT}subs{NORMAL} and air{NL}units, and they can{NL}carry two copter units.","{UNIT}Tàu tuần dương{NORMAL} mạnh{NL}với {UNIT}tàu ngầm{NORMAL} và{NL}không quân, chở{NL}được hai trực thăng.",approved,
2E633C,These missiles are only{NL}effective against {UNIT}subs{NORMAL}.{NL}The symbol on the unit{NL}shows hit potential.,Tên lửa này chỉ{NL}hiệu quả với {UNIT}tàu ngầm{NORMAL}.{NL}Biểu tượng trên quân{NL}cho biết sức đánh.,approved,
2E639C,{UNIT}Cruisers{NORMAL} use{NL}anti-air machine{NL}guns as their{NL}secondary weapon.,{UNIT}Tàu tuần dương{NORMAL} dùng{NL}súng máy phòng{NL}không làm vũ khí{NL}phụ.,approved,
2E63DC,{UNIT}Cruiser{NORMAL} machine guns{NL}can shoot down{NL}entire copter units{NL}in one attack.,Súng máy {UNIT}tàu tuần dương{NORMAL}{NL}có thể diệt{NL}đơn vị trực thăng{NL}trong một đòn.,approved,
2E6428,{UNIT}Cruiser{NORMAL} machine guns{NL}are fair against planes.{NL}The symbol on the unit{NL}shows hit potential.,Súng máy {UNIT}tàu tuần dương{NORMAL}{NL}đánh máy bay khá tốt.{NL}Biểu tượng trên quân{NL}cho biết sức đánh.,approved,
2E6484,"{UNIT}Landers{NORMAL} can{NL}transport two ground{NL}units. If the {UNIT}lander{NORMAL}{NL}sinks, the units vanish.","{UNIT}Tàu đổ bộ{NORMAL} chở{NL}được hai quân bộ.{NL}Nếu {UNIT}tàu đổ bộ{NORMAL} chìm,{NL}quân trên tàu cũng mất.",revised,
2E64D8,This is the {UNIT}lander's{NORMAL}{NL}vision range.{NL}It's best not to rely on{NL}it to spot enemy units.,Tầm nhìn {UNIT}tàu đổ bộ{NORMAL}{NL}nằm ở đây.{NL}Đừng dựa vào nó{NL}để phát hiện địch.,revised,
2E6530,{UNIT}Landers{NORMAL} carry{NL}no weapons and{NL}cannot {COMMAND}fire{NORMAL}.,{UNIT}Tàu đổ bộ{NORMAL} không{NL}có vũ khí và{NL}không {COMMAND}Bắn{NORMAL}.,approved,
2E6560,"Submerged {UNIT}subs{NORMAL} are{NL}difficult to find, and{NL}only {UNIT}cruisers{NORMAL} and {UNIT}subs{NORMAL}{NL}can {COMMAND}fire{NORMAL} on them.",{UNIT}Tàu ngầm{NORMAL} đang lặn{NL}rất khó thấy. Chỉ{NL}{UNIT}tàu tuần dương{NORMAL} và {UNIT}tàu ngầm{NORMAL}{NL}mới {COMMAND}Bắn{NORMAL} được nó.,approved,
2E65BC,This is the {UNIT}sub's{NORMAL}{NL}vision range. It's{NL}the largest of all{NL}naval units.,Tầm nhìn {UNIT}tàu ngầm{NORMAL}{NL}nằm ở đây. Nó{NL}xa nhất trong{NL}hải quân.,approved,
2E6604,{UNIT}Subs{NORMAL} use one to five{NL}units of fuel per turn.{NL}They sink when their{NL}fuel supply runs out.,"{UNIT}Tàu ngầm{NORMAL} tốn một{NL}đến năm đơn vị xăng mỗi lượt.{NL}Hết xăng, nó sẽ{NL}chìm.",revised,
2E6660,{UNIT}Subs{NORMAL} have a high{NL}firepower rating{NL}against other {UNIT}subs{NORMAL}.,{UNIT}Tàu ngầm{NORMAL} có{NL}hỏa lực cao khi{NL}đánh {UNIT}tàu ngầm{NORMAL} khác.,approved,
2E669C,This is the unit's{NL}movement range. It can{NL}cover most terrain at a{NL}movement cost of one.,Đây là tầm di chuyển.{NL}Nó qua được hầu hết{NL}địa hình với chi phí{NL}di chuyển là một.,revised,
2E66F4,This unit travels on{NL}tires. This is its{NL}movement range.,Đơn vị này đi bằng{NL}bánh lốp. Đây là{NL}tầm di chuyển.,revised,
2E672C,This unit travels on{NL}treads. This is its{NL}movement range.,Đơn vị này đi bằng{NL}bánh xích. Đây là{NL}tầm di chuyển.,revised,
2E6768,This is an air unit.{NL}Terrain does not{NL}affect its movement{NL}range.,Đây là không quân.{NL}Địa hình không{NL}ảnh hưởng tầm{NL}di chuyển.,approved,
2E67AC,This is a naval unit.{NL}This is its movement{NL}range across open{NL}water and reefs.,Đây là hải quân.{NL}Tầm di chuyển của nó{NL}qua biển trong và{NL}rạn biển nằm ở đây.,approved,
2E67FC,This is a transport{NL}unit's movement{NL}range. These units{NL}can move over reefs. ,Đây là tầm di chuyển{NL}của quân vận tải.{NL}Chúng đi được{NL}qua rạn biển.,revised,
2E684C,This is the unit's{NL}vision range. This{NL}increases when the{NL}unit climbs a mountain.,Đây là tầm nhìn{NL}của đơn vị.{NL}Lên núi sẽ giúp{NL}nó nhìn xa hơn.,approved,
2E68A0,This is the unit's{NL}vision range. ,Đây là tầm nhìn{NL}của đơn vị.,approved,
2E68C4,This is the current fuel{NL}amount. The unit can no{NL}longer move when all the{NL}fuel is used.,Đây là số xăng{NL}hiện tại. Hết xăng{NL}thì đơn vị không{NL}di chuyển được.,approved,
2E691C,This is the current fuel{NL}amount. It's used at 5{NL}units per turn. Units{NL}crash when out of fuel.,Đây là số xăng{NL}hiện tại. Mỗi lượt{NL}tốn năm đơn vị.{NL}Hết xăng sẽ rơi.,revised,
2E697C,This is the current fuel{NL}amount. It's used at 2{NL}units per turn. Units{NL}crash when out of fuel.,Đây là số xăng{NL}hiện tại. Mỗi lượt{NL}tốn hai đơn vị.{NL}Hết xăng sẽ rơi.,revised,
2E69DC,This is the current fuel{NL}amount. It's used at 1{NL}unit per turn. Units{NL}sink when out of fuel.,Đây là số xăng{NL}hiện tại. Mỗi lượt{NL}tốn một đơn vị.{NL}Hết xăng sẽ chìm.,approved,
2E6A38,No primary weapon{NL}is equipped.,Không trang bị{NL}vũ khí chính.,approved,
2E6A58,This is the primary{NL}weapon. It can {COMMAND}fire{NORMAL}{NL}on the units below.,Đây là vũ khí chính.{NL}Nó {COMMAND}Bắn{NORMAL} được{NL}các đơn vị này.,approved,
2E6A98,This is the amount of{NL}primary weapon ammo.{NL}The weapon is unable to{NL}{COMMAND}fire{NORMAL} when it's gone.,"Đây là số đạn còn{NL}của vũ khí chính.{NL}Khi hết đạn, nó{NL}không thể {COMMAND}Bắn{NORMAL}.",revised,
2E6AF4,The symbol on the unit{NL}indicates the{NL}potential to hit{NL}this unit type.,Biểu tượng trên quân{NL}cho biết khả năng{NL}bắn trúng loại{NL}đơn vị này.,approved,
2E6B3C,The symbol on the unit{NL}indicates the{NL}potential to hit{NL}this unit type.,Biểu tượng trên quân{NL}cho biết khả năng{NL}bắn trúng loại{NL}đơn vị này.,approved,
2E6B84,The symbol on the unit{NL}indicates the{NL}potential to hit{NL}this unit type.,Biểu tượng trên quân{NL}cho biết khả năng{NL}bắn trúng loại{NL}đơn vị này.,approved,
2E6BCC,The symbol on the unit{NL}shows hit potential.{NL}This weapon can't {COMMAND}fire{NORMAL}{NL}on submerged {UNIT}subs{NORMAL}.,Biểu tượng cho biết{NL}sức đánh. Vũ khí này{NL}không {COMMAND}Bắn{NORMAL} được{NL}{UNIT}tàu ngầm{NORMAL} đang lặn.,approved,
2E6C28,The secondary weapon{NL}is the machine gun.,Vũ khí phụ là{NL}súng máy.,approved,
2E73C4,"With this victory, we've reclaimed{NL}a portion of Orange Star.{NL}{0E}{0E}{0E}{0E}But this is just the beginning.{NL}{0E}{0E}{0E}{0E}Olaf still has troops{NL}{0E}deployed within our borders.{NL}{NL}{0E}{0E}{0E}{0E}{PLAYER}, you and Andy will{NL}{0E}{0E}command our forces against Olaf.{0E}{0E}{0E}{0E}{0E}{0E}{0E}","Chiến thắng này giúp ta lấy lại{NL}một phần Orange Star.{NL}{0E}{0E}{0E}{0E}Nhưng mới chỉ là bắt đầu.{NL}{0E}{0E}{0E}{0E}Olaf vẫn còn quân{NL}{0E}trong lãnh thổ của ta.{NL}{NL}{0E}{0E}{0E}{0E}{PLAYER}, bạn và Andy sẽ{NL}{0E}{0E}chỉ huy quân đánh Olaf.{0E}{0E}{0E}{0E}{0E}{0E}{0E}",approved,
2E85CC,Here you must capture the enemy{NL}HQ or defeat all the enemy units.{PAGE},"Ở đây, hãy chiếm HQ địch{NL}hoặc diệt hết quân địch.{PAGE}",revised,
2E8610,"To win here, capture the enemy HQ{NL}or defeat all the enemy troops.{PAGE}Good luck and move out!{PAGE}","Muốn thắng, hãy chiếm HQ địch{NL}hoặc diệt toàn bộ quân địch.{PAGE}Chúc may mắn, xuất phát!{PAGE}",approved,
2E866C,"Capture the enemy HQ or defeat{NL}all the enemy forces to win.{PAGE}That's your mission, {PLAYER}!{PAGE}","Chiếm HQ địch hoặc diệt{NL}hết quân địch để thắng.{PAGE}Đó là nhiệm vụ của bạn, {PLAYER}!{PAGE}",revised,
2E86C4,"Seize the enemy HQ or defeat all{NL}the enemy units to clear this map.{PAGE}It's up to you, {PLAYER}!{PAGE}","Chiếm HQ địch hoặc diệt hết{NL}quân địch để qua màn.{PAGE}Trông cậy vào bạn, {PLAYER}!{PAGE}",approved,
2E871C,Survive for 5 days to win.{PAGE}Don't let your units be destroyed or{NL}your HQ be captured during that time.{PAGE},Sống sót năm ngày để thắng.{PAGE}Đừng để quân bị hủy hay{NL}HQ bị chiếm trong thời gian đó.{PAGE},revised,
2E8784,Win this battle by capturing the enemy{NL}HQ or defeating all the enemy units.{PAGE}Don't let Olaf win!{PAGE},Thắng bằng cách chiếm HQ địch{NL}hoặc diệt hết quân địch.{PAGE}Đừng để Olaf thắng!{PAGE},revised,
2E87E8,"For victory, capture the enemy{NL}HQ or defeat all the enemy units.{PAGE}","Để thắng, chiếm HQ địch{NL}hoặc diệt hết quân địch.{PAGE}",approved,
2E882C,"Win by capturing the enemy HQ or by{NL}defeating all the enemy troops.{PAGE}I'm counting on you, {PLAYER}!{PAGE}","Chiếm HQ địch hoặc diệt{NL}hết quân địch để thắng.{PAGE}Trông cậy vào bạn, {PLAYER}!{PAGE}",revised,
2E888C,Defeat all the enemy forces or{NL}capture the enemy HQ to win here.{PAGE},Diệt hết quân địch hoặc{NL}chiếm HQ địch để thắng.{PAGE},approved,
2E88D0,"The army that captures 12{NL}properties first, wins! Get moving!{PAGE}",Phe nào chiếm được mười hai{NL}nhà trước sẽ thắng! Đi nào!{PAGE},approved,
2E8910,Capture the enemy HQ or defeat{NL}all the enemy forces for victory!{PAGE}Good luck!{PAGE},Chiếm HQ địch hoặc diệt{NL}toàn bộ quân địch để thắng!{PAGE}Chúc may mắn!{PAGE},approved,
2E8960,Defeat all the enemy forces or{NL}capture the enemy HQ to win here.{PAGE}Either way will work!{PAGE},Diệt hết quân địch hoặc{NL}chiếm HQ địch để thắng.{PAGE}Cách nào cũng được!{PAGE},approved,
2E89B8,"Capture the enemy HQ or vanquish{NL}all the enemy troops to win.{PAGE}It'll be a tough battle,{NL}but you can do it!{PAGE}","Chiếm HQ địch hoặc diệt{NL}hết quân địch để thắng.{PAGE}Trận này khó đấy,{NL}nhưng bạn làm được!{PAGE}",revised,
2E8A24,"Rout all enemy units or capture the{NL}enemy HQ for victory.{PAGE}I know you can do it, {PLAYER}!{PAGE}","Diệt hết quân địch hoặc chiếm{NL}HQ địch để thắng.{PAGE}Tôi tin bạn làm được, {PLAYER}!{PAGE}",approved,
2E8A78,"The army that captures 15{NL}properties first, wins! Get moving!{PAGE}",Phe nào chiếm được mười lăm{NL}nhà trước sẽ thắng! Đi nào!{PAGE},approved,
2E8AB8,"Capture the enemy HQ or rout all{NL}the enemy forces to clear this map.{PAGE}Get a move on, {PLAYER}!{PAGE}","Chiếm HQ địch hoặc diệt hết{NL}quân địch để qua màn.{PAGE}Nhanh lên, {PLAYER}!{PAGE}",approved,
2E8B10,"The army that captures 16{NL}properties first, wins! Move out!{PAGE}",Phe nào chiếm được mười sáu{NL}nhà trước sẽ thắng! Đi nào!{PAGE},approved,
2E8B50,"Rout all enemy units or capture the{NL}enemy HQ for victory.{PAGE}You're in command, {PLAYER}!{PAGE}","Diệt hết quân địch hoặc chiếm{NL}HQ địch để thắng.{PAGE}Bạn chỉ huy đấy, {PLAYER}!{PAGE}",revised,
2E8BA4,"You need to capture a majority of{NL}the open properties to win.{PAGE}Let's see... OK, you need 12{NL}properties. Get going!{PAGE}",Bạn phải chiếm đa số{NL}nhà trung lập để thắng.{PAGE}Để xem... cần mười hai{NL}nhà. Đi đi!{PAGE},approved,
2E8C18,Defeat all enemy forces or capture{NL}the enemy HQ to win here. Good luck!{PAGE},Diệt hết quân địch hoặc chiếm{NL}HQ địch để thắng. May mắn!{PAGE},approved,
2E8C64,You need to capture a majority of{NL}the open properties to win.{PAGE}That means you need to capture{NL}15 properties.{PAGE},Bạn phải chiếm đa số{NL}nhà trung lập để thắng.{PAGE}Nghĩa là phải chiếm{NL}mười lăm nhà.{PAGE},approved,
2E8CD4,"To win, you have to protect your{NL}{UNIT}missile{NORMAL} unit for ten days.{PAGE}Don't lose this unit!{PAGE}","Muốn thắng, bảo vệ{NL}{UNIT}tên lửa{NORMAL} mười ngày.{PAGE}Đừng để mất nó!{PAGE}",approved,
2E8D2C,"You have fifteen days{NL}to rout the enemy.{PAGE}If you can't do this within{NL}the time limit, you lose.{PAGE}",Bạn có mười lăm ngày{NL}để diệt quân địch.{PAGE}Quá thời hạn mà chưa{NL}làm xong là thua.{PAGE},approved,
2E8D8C,"Capture the enemy HQ or defeat all{NL}of the enemy units to win.{PAGE}If the enemy destroys either of{NL}your {UNIT}landers{NORMAL}, you lose.{PAGE}","Chiếm HQ địch hoặc diệt hết{NL}quân địch để thắng.{PAGE}Nếu địch hủy một trong hai{NL}{UNIT}tàu đổ bộ{NORMAL} của bạn, bạn thua.{PAGE}",revised,
2E8E08,You can win by routing all the enemy{NL}units or by capturing the enemy HQ.{PAGE}Good luck!{PAGE},Bạn có thể thắng bằng cách diệt{NL}hết địch hoặc chiếm HQ địch.{PAGE}Chúc may mắn!{PAGE},approved,
2E8E60,"To win, defeat all the enemy troops.{NL}Go get 'em!{PAGE}",Diệt hết quân địch để thắng.{NL}Đi đánh chúng!{PAGE},approved,
2E8E94,"Rout all enemy units or capture the{NL}enemy HQ for victory.{PAGE}This is a tough opponent,{NL}but you can win!{PAGE}","Diệt hết quân địch hoặc chiếm{NL}HQ địch để thắng.{PAGE}Đối thủ này khó,{NL}nhưng bạn thắng được!{PAGE}",approved,
2E8EFC,"Find the enemy {UNIT}lander{NORMAL} units{NL}and destroy them.{PAGE}That's your mission, {PLAYER}!{PAGE}","Tìm các {UNIT}tàu đổ bộ{NORMAL} địch{NL}và hủy chúng.{PAGE}Đó là nhiệm vụ, {PLAYER}!{PAGE}",approved,
2E8F48,"Drake is a powerful opponent, but{NL}you can defeat him!{PAGE}Rout his forces or capture his HQ{NL}for victory.{PAGE}","Drake rất mạnh, nhưng{NL}bạn có thể hạ anh ta!{PAGE}Diệt quân hoặc chiếm HQ{NL}để chiến thắng.{PAGE}",approved,
2E8FB0,"You need to protect your {UNIT}infantry{NORMAL}{NL}units for eight turns.{PAGE}I know you can do it, {PLAYER}!{PAGE}","Bạn phải bảo vệ {UNIT}bộ binh{NORMAL}{NL}trong tám lượt.{PAGE}Tôi tin bạn làm được, {PLAYER}!{PAGE}",revised,
2E9008,"Capture the enemy HQ or rout all{NL}the enemy units to win, {PLAYER}.{PAGE}You will lose if both your and Eagle's{NL}forces are defeated. Good luck!{PAGE}","Chiếm HQ địch hoặc diệt hết{NL}quân địch để thắng, {PLAYER}.{PAGE}Nếu cả bạn và Eagle đều{NL}hết quân, bạn thua. Chúc may mắn.{PAGE}",revised,
2E908C,Rout all the enemy units or capture{NL}the enemy HQ to win.{PAGE}Keep up the good work.{NL}I know you can win!{PAGE},Diệt hết quân địch hoặc chiếm{NL}HQ địch để thắng.{PAGE}Cứ làm tốt như vậy.{NL}Tôi tin bạn thắng!{PAGE},approved,
2E90F4,Capture the enemy HQ or defeat all{NL}the enemy units to win.{PAGE}Work with your allies to rout Sturm!{PAGE},Chiếm HQ địch hoặc diệt hết{NL}quân địch để thắng.{PAGE}Hợp sức với đồng minh hạ Sturm!{PAGE},approved,
2E9158,You must rout all the enemy units or{NL}capture the enemy HQ to win.{PAGE},Bạn phải diệt hết quân địch{NL}hoặc chiếm HQ địch để thắng.{PAGE},approved,
2E9F24,{0B}{81}Save current data{0E}{0E}?{NL}{16},{0B}{81}Lưu dữ liệu này{0E}{0E}?{NL}{16},approved,
2E9F40,{0B}{81}Save current data{NL}over existing data{0E}{0E}?{17},{0B}{81}Lưu dữ liệu này{NL}đè lên dữ liệu cũ{0E}{0E}?{17},approved,
2E9F6C,{0B}{NORMAL}Now saving. Do not turn OFF.{0E},{0B}{NORMAL}Đang lưu. Đừng tắt máy.{0E},revised,
2E9F8C,{0C}{0B}{NORMAL}Save complete!{0E}{0E}{0E},{0C}{0B}{NORMAL}Lưu xong!{0E}{0E}{0E},approved,
2E9FA4,{0B}{81}Delete all saved data.{0E}{0E}OK?{NL}{17},{0B}{81}Xóa hết dữ liệu lưu.{0E}{0E}OK?{NL}{17},approved,
2E9FC4,{0B}{NORMAL}Now deleting data.{NL}Do not turn OFF.{0E},{0B}{NORMAL}Đang xóa dữ liệu.{NL}Đừng tắt máy.{0E},revised,
2E9FEC,{0C}{0B}{NORMAL}Data has been deleted!{PAGE},{0C}{0B}{NORMAL}Đã xóa dữ liệu!{PAGE},approved,
2EA008,"If you yield, you lose.{NL}Do you really yield?{0E}{17}",Đầu hàng là thua.{NL}Bạn chắc muốn đầu hàng?{0E}{17},approved,
2EA038,Return to Mode Select Menu?{NL}{17},Về menu Chọn Chế Độ?{NL}{17},approved,
2EA058,The Orange Star Army has lost!{0E}{0E},Quân Orange Star đã thua!{0E}{0E},approved,
2EA07C,The Blue Moon Army has lost!{0E}{0E},Quân Blue Moon đã thua!{0E}{0E},approved,
2EA09C,The Green Earth Army has lost!{0E}{0E},Quân Green Earth đã thua!{0E}{0E},approved,
2EA0C0,The Yellow Comet Army has lost!{0E}{0E},Quân Yellow Comet đã thua!{0E}{0E},approved,
2EA0E4,The Black Hole Army has lost!{0E}{0E},Quân Black Hole đã thua!{0E}{0E},approved,
2EA104,View battle and{NL}capture animation.,Xem hoạt cảnh đánh{NL}và chiếm nhà.,approved,
2EA128,View battle{NL}animation only. ,Chỉ xem hoạt cảnh{NL}đánh nhau.,approved,
2EA148,View player battle{NL}animation only.,Chỉ xem hoạt cảnh{NL}quân của bạn.,approved,
2EA16C,No animation.,Tắt hoạt cảnh.,revised,
2EA17C,You have 50 units deployed.{NL}No more units can be produced.{PAGE},Bạn đã có 50 đơn vị.{NL}Không thể sản xuất thêm.{PAGE},approved,
2EA208,Andy,Andy,approved,
2EA210,Max,Max,approved,
2EA214,Olaf,Olaf,approved,
2EA21C,Sami,Sami,approved,
2EA224,Grit,Grit,approved,
2EA22C,Kanbei,Kanbei,approved,
2EA234,Sonja,Sonja,approved,
2EA23C,Eagle,Eagle,approved,
2EA244,Drake,Drake,approved,
2EA24C,Sturm,Sturm,approved,
2EA254,Sturm,Sturm,approved,
2EA28C,Remaining,Còn lại,approved,
2EA298,Def,Thủ,approved,
2EA29C,Repair,Sửa,approved,
2EA2A4,Free,Rảnh,revised,
2EA2AC,Neutral Bases,Căn cứ trung lập,revised,Trùng nguyên văn Anh–Việt với 082910; đã đối chiếu.
2EA2BC,Earned,Đã có,approved,
2EA2C4,Total,Tổng,approved,
2EA2CC,None,Không,revised,Trùng nguyên văn Anh–Việt với 282D44; đã đối chiếu.
2EA2D4,An all-around{NL}competent CO.{NL}Good luck follows her{NL}wherever she goes.,"CO giỏi mọi mặt,{NL}không có điểm yếu.{NL}Vận may luôn theo{NL}cô ấy.",revised,
2EA31C,{NL}May become even{NL}luckier than normal.,{NL}May mắn hơn{NL}bình thường.,approved,
2EA344,"A respected CO of{NL}no mean ability.{NL}{1F}{1F}{1F}{1F}{1B}Willful cadets{NL}{1F}{1F}{1F}{1F}{1B}Olaf{NL}""Do you need{NL}extra instruction?""","CO được tôn trọng,{NL}rất có tài năng.{NL}{1F}{1F}{1F}{1F}{1B}Học viên bướng bỉnh{NL}{1F}{1F}{1F}{1F}{1B}Olaf{NL}""Cần học thêm{NL}không?""",revised,
2EA3A8,No real weaknesses.{NL}Ready to battle where-{NL}ever and whenever.,"Không có điểm yếu.{NL}Sẵn sàng đánh ở bất{NL}kỳ đâu, lúc nào.",approved,
2EA3E8,{NL}Restores 2 HP{NL}to all units.,{NL}Hồi hai HP{NL}cho mỗi đơn vị.,approved,
2EA408,"A brash and energetic{NL}boy wonder.{NL}{1F}{1F}{1F}{1F}{1B}Mechanics{NL}{1F}{1F}{1F}{1F}{1B}Waking up early{NL}""If it needs fixing,{NL}I'm your man!""","Thần đồng trẻ tuổi{NL}nóng nảy, đầy sức.{NL}{1F}{1F}{1F}{1F}{1B}Máy móc{NL}{1F}{1F}{1F}{1F}{1B}Dậy sớm{NL}""Cần sửa gì thì{NL}cứ gọi tôi!""",revised,
2EA474,Direct combat units{NL}have high firepower.{NL}Distance units are{NL}weak and have small{NL}attack ranges.,Quân đánh trực diện{NL}có hỏa lực cao.{NL}Quân bắn xa yếu{NL}và tầm bắn{NL}ngắn.,approved,
2EA4D4,{NL}Increases all{NL}abilities of direct{NL}combat units.,{NL}Tăng mọi chỉ số{NL}của quân đánh{NL}trực diện.,revised,
2EA508,"Dependable and brave.{NL}Over-protective of{NL}Sami and Andy.{NL}{1F}{1F}{1F}{1F}{1B}Weight Training{NL}{1F}{1F}{1F}{1F}{1B}Studying{NL}""Now it's my turn!""","Đáng tin, dũng cảm.{NL}Rất lo cho Sami{NL}và Andy.{NL}{1F}{1F}{1F}{1F}{1B}Tập tạ{NL}{1F}{1F}{1F}{1F}{1B}Học bài{NL}""Đến lượt tôi!""",revised,
2EA578,"Strong in the snow,{NL}weak in the rain.{NL}A solid CO of above-{NL}average ability.","Mạnh khi có tuyết,{NL}yếu khi trời mưa.{NL}CO khá giỏi{NL}về mọi mặt.",approved,
2EA5C4,{NL}Causes it to snow{NL}creating favorable{NL}conditions for his units.,"{NL}Tạo tuyết rơi,{NL}giúp quân mình{NL}có lợi thế.",revised,
2EA604,"Plans often go awry,{NL}but he's deadly serious.{NL}{1F}{1F}{1F}{1F}{1B}Warm boots{NL}{1F}{1F}{1F}{1F}{1B}Rain clouds{NL}""I will teach you the{NL}meaning of power!""","Kế hoạch hay hỏng,{NL}nhưng ông rất nghiêm túc.{NL}{1F}{1F}{1F}{1F}{1B}Ủng ấm{NL}{1F}{1F}{1F}{1F}{1B}Mây mưa{NL}""Ta sẽ dạy ngươi{NL}sức mạnh là gì!""",revised,
2EA67C,{UNIT}Infantry{NORMAL} and {UNIT}mech{NORMAL} units{NL}are superior. Movement{NL}range is high for{NL}transport units.,{UNIT}Bộ binh{NORMAL} và {UNIT}cơ giới{NORMAL}{NL}mạnh hơn. Quân vận tải{NL}đi được{NL}xa hơn.,approved,
2EA6D4,Increases movement{NL}range for {UNIT}infantry{NORMAL}{NL}and {UNIT}mech{NORMAL} units. Their{NL}movement cost on all{NL}terrain becomes 1.,Tăng tầm di chuyển{NL}cho {UNIT}bộ binh{NORMAL} và{NL}{UNIT}cơ giới{NORMAL}. Mỗi địa hình{NL}chỉ tốn{NL}một bước.,approved,
2EA73C,"A graduate of special{NL}forces training. Has a{NL}strong sense of duty.{NL}{1F}{1F}{1F}{1F}{1B}Chocolate{NL}{1F}{1F}{1F}{1F}{1B}Cowards{NL}""Ready for duty!""","Từng học đặc nhiệm,{NL}rất có{NL}trách nhiệm.{NL}{1F}{1F}{1F}{1F}{1B}Socola{NL}{1F}{1F}{1F}{1F}{1B}Kẻ hèn nhát{NL}""Sẵn sàng nhận lệnh!""",approved,
2EA7B0,"Distance weapons have{NL}an extended attack{NL}range. However, direct{NL}combat units are weak.",Vũ khí tầm xa có{NL}tầm bắn rộng hơn.{NL}Nhưng quân đánh{NL}trực diện lại yếu.,revised,
2EA808,{NL}Increases the range{NL}and firepower of{NL}distance weapons.,{NL}Tăng tầm bắn{NL}và hỏa lực của{NL}vũ khí tầm xa.,approved,
2EA840,"Laid-back style masks{NL}dependability. A{NL}peerless marksman.{NL}{1F}{1F}{1F}{1F}{1B}Cats{NL}{1F}{1F}{1F}{1F}{1B}Rats{NL}""What's the ruckus?""","Vẻ ngoài lười biếng{NL}nhưng rất đáng tin.{NL}Tay súng vô song.{NL}{1F}{1F}{1F}{1F}{1B}Mèo{NL}{1F}{1F}{1F}{1F}{1B}Chuột{NL}""Ồn ào gì thế?""",revised,
2EA8A4,Strong offensive and{NL}defensive abilities.{NL}Deployment costs{NL}are very high.,Công và thủ đều{NL}rất mạnh.{NL}Chi phí sản xuất{NL}lại rất cao.,revised,
2EA8F0,{NL}Increases firepower and{NL}defensive ratings{NL}for all units.,{NL}Tăng hỏa lực và{NL}chỉ số phòng thủ{NL}mọi đơn vị.,revised,
2EA92C,"Fashions himself a{NL}modern samurai.{NL}{1F}{1F}{1F}{1F}{1B}Sonja{NL}{1F}{1F}{1F}{1F}{1B}Computers{NL}""Show me your{NL}warrior spirit!""","Tự xem là samurai{NL}hiện đại.{NL}{1F}{1F}{1F}{1F}{1B}Sonja{NL}{1F}{1F}{1F}{1F}{1B}Máy tính{NL}""Cho ta thấy{NL}tinh thần chiến binh!""",revised,
2EA988,Units have great range{NL}of vision. Keeps unit HP{NL}hidden from enemies.{NL}Is plagued by constant{NL}bad luck.,Quân có tầm nhìn xa.{NL}Ẩn HP khỏi địch.{NL}Nhưng rất{NL}hay gặp{NL}vận rủi.,revised,
2EA9F0,"Extends vision range of{NL}all units. Shows enemy{NL}units hidden in woods,{NL}reefs and other areas.","Tăng tầm nhìn của{NL}mọi đơn vị. Phát hiện{NL}địch ẩn trong rừng,{NL}bãi ngầm và nơi khác.",revised,
2EAA50,"Kanbei's daughter. An{NL}intel gathering genius.{NL}{1F}{1F}{1F}{1F}{1B}Computers{NL}{1F}{1F}{1F}{1F}{1B}Bugs{NL}""Brains are the key to{NL}victory, not brawn.""","Con gái Kanbei,{NL}thiên tài tình báo.{NL}{1F}{1F}{1F}{1F}{1B}Máy tính{NL}{1F}{1F}{1F}{1F}{1B}Côn trùng{NL}""Đầu óc là chìa khóa{NL}chiến thắng.""",revised,
2EAAC4,Strongest firepower{NL}in the skies. But{NL}flounders at sea.,"Hỏa lực trên trời{NL}mạnh nhất, nhưng{NL}yếu trên biển.",revised,
2EAAFC,"Non-infantry units{NL}ordered to wait can{NL}move again that turn.{NL}However, their ratings{NL}are lower than normal.",Quân không phải{NL}bộ binh đã chờ{NL}có thể đi lại.{NL}Nhưng chỉ số{NL}sẽ giảm.,revised,
2EAB68,"An ace pilot who's{NL}as tough as nails.{NL}{1F}{1F}{1F}{1F}{1B}Lucky goggles{NL}{1F}{1F}{1F}{1F}{1B}Swimming{NL}""Do you really want{NL}to challenge me?""","Phi công ace rất{NL}cứng cỏi.{NL}{1F}{1F}{1F}{1F}{1B}Kính may mắn{NL}{1F}{1F}{1F}{1F}{1B}Bơi lội{NL}""Người muốn{NL}đấu với ta sao?""",revised,
2EABD8,The sea is his domain.{NL}Naval units have top{NL}firepower and{NL}movement. Air units{NL}are weak.,Biển là địa bàn.{NL}Hải quân có hỏa lực{NL}và tầm di chuyển{NL}cao. Không quân{NL}lại yếu.,approved,
2EAC30,{NL}Strikes all enemy{NL}units for damage.,{NL}Gây sát thương{NL}cho mỗi quân địch.,approved,
2EAC58,"A relaxed and carefree{NL}swashbuckler.{NL}{1F}{1F}{1F}{1F}{1B}The sea{NL}{1F}{1F}{1F}{1F}{1B}Heights{NL}""Slow down, matey.{NL}What's the rush?""","Hải tặc vui vẻ,{NL}vô tư.{NL}{1F}{1F}{1F}{1F}{1B}Biển cả{NL}{1F}{1F}{1F}{1F}{1B}Độ cao{NL}""Chậm lại, bạn ơi.{NL}Vội gì chứ?""",revised,
2EACCC,"A riddle within a{NL}shadow, revealing{NL}nothing.{NL}{1F}{1F}{1F}{1F}{1B}???{NL}{1F}{1F}{1F}{1F}{1B}???{NL}....","Một bí ẩn giữa{NL}bóng tối, chẳng{NL}để lộ gì.{NL}{1F}{1F}{1F}{1F}{1B}???{NL}{1F}{1F}{1F}{1F}{1B}???{NL}....",approved,
2EB43C,Well-balanced with no{NL}weak points. Born{NL}under a lucky star.,"Cân bằng, không có{NL}điểm yếu. Sinh ra{NL}dưới ngôi sao may mắn.",approved,
2EB478,Mechanical wizard{NL}with good all-around{NL}skills.,"Thiên tài máy móc,{NL}giỏi về mọi{NL}kỹ năng.",revised,
2EB4A8,"Gung-ho strongman.{NL}Tops at direct{NL}combat, weak{NL}over distances.","Chiến binh hăng hái.{NL}Giỏi đánh gần,{NL}yếu đánh{NL}tầm xa.",revised,
2EB4E8,"Easily affected by{NL}the climate. Strong{NL}in snow, weak in rain.","Rất nhạy với{NL}thời tiết. Mạnh{NL}khi tuyết, yếu khi mưa.",approved,
2EB528,Infantry unit{NL}specialist. Has{NL}trouble with other{NL}ground troops.,Chuyên gia{NL}bộ binh. Khó{NL}đối phó với{NL}quân bộ khác.,revised,
2EB568,A master of distance{NL}attacks. Dislikes{NL}direct combat.,Bậc thầy bắn xa.{NL}Không thích đánh{NL}trực diện.,revised,
2EB5A0,"Superior overall unit{NL}strength, but{NL}expensive to deploy.",Quân mạnh hơn{NL}mọi mặt nhưng{NL}sản xuất đắt.,revised,
2EB5DC,"Tactician who values{NL}intel over everything.{NL}Tops in fog of war,{NL}but is often unlucky.","Nhà chiến lược coi{NL}trọng tin tức.{NL}Giỏi trong Sương Mù,{NL}nhưng hay xui xẻo.",revised,
2EB634,"King of the skies.{NL}Air units are{NL}matchless, but has{NL}weak naval units.","Vua bầu trời.{NL}Không quân vô địch,{NL}nhưng hải quân{NL}yếu kém.",approved,
2EB67C,"Naval units rule the{NL}seas, but has trouble{NL}with air units. Rain{NL}seems to follow him.","Hải quân thống trị{NL}biển cả, nhưng{NL}yếu trước không quân.{NL}Mưa hay theo ông.",approved,
2EB6D4,An all-around{NL}powerhouse. Units{NL}can cover any terrain{NL}at low movement cost.,Mạnh về mọi mặt.{NL}Quân đi qua mọi{NL}địa hình với chi{NL}phí thấp.,approved,
2EC75C,"A gentle, flowing{NL}river. Only infantry{NL}units can{NL}ford rivers.",Dòng sông hiền hòa.{NL}Chỉ bộ binh{NL}mới lội qua{NL}được.,revised,
2EC79C,A steep mountain.{NL}Infantry units add{NL}3 to their vision{NL}range from here.,Núi cao dốc đứng.{NL}Bộ binh đứng trên núi{NL}được cộng ba{NL}vào tầm nhìn.,revised,
2EC7E4,"In Fog of War, units{NL}hidden here can only{NL}be seen by adjacent{NL}units and air units.","Trong Sương Mù,{NL}quân ẩn ở đây chỉ{NL}bị thấy khi địch{NL}kế bên hoặc bay qua.",revised,
2EC838,"A paved road.{NL}Easy to traverse,{NL}but offers little{NL}defensive cover.",Đường trải nhựa.{NL}Dễ đi nhưng{NL}che chắn phòng thủ{NL}rất ít.,revised,
2EC87C,A normal city.{NL}Ground units gain{NL}supplies and HP{NL}in allied cities.,Thành phố.{NL}Quân bộ hồi HP{NL}và nhận tiếp tế{NL}tại thành phố ta.,revised,
2EC8C0,A body of water.{NL}Only naval and{NL}air units can{NL}traverse seas.,Vùng nước ròng.{NL}Chỉ hải quân và{NL}không quân mới{NL}đi qua được.,approved,
2EC900,An army HQ. Battle{NL}ends if {COMMAND}captured{NORMAL}.{NL}Ground units get HP{NL}and supplies here.,HQ của quân. Trận{NL}đấu kết thúc nếu bị {COMMAND}Chiếm{NORMAL}.{NL}Quân bộ hồi HP{NL}và tiếp tế ở đây.,revised,
2EC950,The sky is{NL}not considered{NL}terrain.,Bầu trời{NL}không tính là{NL}địa hình.,approved,
2EC974,"An air base. Allied{NL}bases deploy, supply{NL}and restore HP{NL}to air units.","Sân bay. Sân bay{NL}phe mình tạo, tiếp tế{NL}và hồi HP cho{NL}không quân.",revised,
2EC9BC,"A naval base. Allied{NL}bases deploy, supply{NL}and restore HP{NL}to naval units.","Cảng biển. Cảng{NL}phe mình tạo, tiếp tế{NL}và hồi HP cho{NL}hải quân.",revised,
2ECA08,"A bridge allows{NL}units to traverse{NL}rivers, but offers{NL}no terrain benefits.","Cầu giúp quân{NL}vượt sông, nhưng{NL}không cho lợi thế{NL}địa hình.",revised,
2ECA54,A sandy shoal.{NL}{UNIT}Lander{NORMAL} units{NL}load and unload{NL}units here.,Bãi cát cạn.{NL}{UNIT}Tàu đổ bộ{NORMAL} chở{NL}quân lên và{NL}xuống ở đây.,approved,
2ECA90,"A base. Allied bases{NL}deploy, supply{NL}and restore HP{NL}to ground units.","Căn cứ. Phe mình{NL}tạo, tiếp tế{NL}và hồi HP cho{NL}quân bộ.",revised,
2ECAD4,"In Fog of War, units{NL}hidden here can only{NL}be seen by adjacent{NL}units and air units.","Trong Sương Mù,{NL}quân ẩn ở đây chỉ{NL}bị thấy khi địch{NL}kế bên hoặc bay qua.",revised,
2ECE4C,Basic troop movement and {COMMAND}attack{NORMAL}{NL}controls are explained here.,Cách đi và {COMMAND}Tấn công{NORMAL}{NL}cơ bản được nói ở đây.,approved,
2ECE8C,"Hello, {PLAYER}.{PAGE}Welcome to Advance Wars.{PAGE}",Chào {PLAYER}.{PAGE}Mừng đến với Advance Wars.{PAGE},revised,
2ECEB0,My name is Nell. I'm a{NL}CO in the Orange Star Army.{PAGE},"Tôi là Nell, CO của{NL}quân Orange Star.{PAGE}",approved,
2ECEE4,"First, let me brief you{NL}on the situation.{PAGE}We're in this large nation{NL}here, Orange Star.{PAGE}The country to the{NL}east is Blue Moon.{PAGE}The two countries have been{NL}bitter rivals for years.{PAGE}","Trước tiên, để tôi cho bạn biết{NL}tình hình.{PAGE}Ta ở nước lớn này,{NL}Orange Star.{PAGE}Phía đông là nước{NL}Blue Moon.{PAGE}Hai nước đã thù địch nhau{NL}nhiều năm nay.{PAGE}",revised,
2ECF98,Border skirmishes had died down{NL}recently...until that madman Olaf...{PAGE},Xung đột biên giới vừa lắng{NL}xuống... thì Olaf điên rồ đó...{PAGE},approved,
2ECFE0,"Oh, excuse me. I mean, uhm...{PAGE}The Blue Moon CO, Olaf, suddenly{NL}ordered an invasion of Orange Star.{PAGE}","À, xin lỗi. Ý tôi là...{PAGE}CO Olaf của Blue Moon đột ngột{NL}cho quân xâm lược Orange Star.{PAGE}",revised,
2ED044,"So, the Alara region is now{NL}held by Blue Moon forces.{PAGE}",Giờ vùng Alara đã bị{NL}Blue Moon chiếm giữ.{PAGE},revised,
2ED07C,"Candidate {PLAYER},{NL}you have been given a mission.{PAGE}You are to drive Olaf from Alara{NL}and secure it for Orange Star.{PAGE}I will be your support.{PAGE}Let's move out!{PAGE}","Ứng viên {PLAYER},{NL}bạn có nhiệm vụ.{PAGE}Đuổi Olaf khỏi Alara{NL}và giữ nơi đó cho Orange Star.{PAGE}Tôi sẽ hỗ trợ bạn.{PAGE}Xuất phát!{PAGE}",revised,
2ED114,"From this point on, I will leave{NL}all command decisions to you.{PAGE}Good luck!{PAGE}","Từ đây, tôi giao mọi quyết định{NL}chỉ huy cho bạn.{PAGE}Chúc may mắn!{PAGE}",revised,
2ED160,This mission focuses{NL}on defensive terrain cover.,Nhiệm vụ này tập trung{NL}vào địa hình phòng thủ.,approved,
2ED194,"Enemy forces have been{NL}spotted in the Alara Mountains.{PAGE}Their HQ is in another area, so{NL}we believe this is a covert attack.{PAGE}","Quân địch đã bị phát hiện{NL}ở núi Alara.{PAGE}HQ địch ở nơi khác, nên{NL}chắc đây là đột kích ngầm.{PAGE}",revised,
2ED210,A covert attack...that sounds like{NL}something Olaf would try.{PAGE},Đột kích ngầm... đúng kiểu{NL}Olaf hay làm.{PAGE},revised,
2ED250,Your goal is to{NL}take out these units.{PAGE}You've been given four {UNIT}infantry{NORMAL}{NL}units to carry out this operation.{PAGE}Let's go!{PAGE},Mục tiêu của bạn là{NL}diệt các đơn vị này.{PAGE}Bạn được giao bốn {UNIT}bộ binh{NORMAL}{NL}để thi hành nhiệm vụ.{PAGE}Đi thôi!{PAGE},revised,
2ED2C8,{COMMAND}Capturing{NORMAL} bases is the{NL}focus of this mission.,{COMMAND}Chiếm{NORMAL} căn cứ là{NL}mục tiêu bài này.,approved,
2ED2F8,"Our current mission is{NL}to storm the Spire Hills.{PAGE}If successful, we should be able to{NL}drive that pompous, old...{PAGE}I mean, we should be able to force{NL}the Blue Moon forces to withdraw.{PAGE}If you remember, we faced two {UNIT}mech{NORMAL}{NL}units in the last battle, right?{PAGE}","Nhiệm vụ lần này là{NL}chiếm Spire Hills.{PAGE}Thành công sẽ đuổi được{NL}tên già kiêu ngạo...{PAGE}Ý tôi là đuổi quân{NL}Blue Moon rút lui.{PAGE}Lần trước ta gặp hai {UNIT}cơ giới{NORMAL}{NL}địch, bạn nhớ không?{PAGE}",revised,
2ED3F4,"In response, you've been given{NL}command of two {UNIT}mech{NORMAL} units, yourself.{PAGE}","Để đối phó, bạn cũng được{NL}giao hai {UNIT}cơ giới{NORMAL}.{PAGE}",approved,
2ED43C,This mission will explain the {COMMAND}Join{NORMAL}{NL}command and discuss basic strategy.,Bài này giải thích lệnh {COMMAND}Ghép{NORMAL}{NL}và chiến lược cơ bản.,approved,
2ED488,I think that creep Olaf... I mean CO{NL}Olaf is starting to take us seriously.{PAGE},"Có vẻ tên Olaf đáng ghét...{NL}à, CO Olaf bắt đầu để ý ta.{PAGE}",revised,
2ED4D8,But all of our commanders are{NL}caught up in other campaigns.{PAGE}So there's no one available to lead{NL}the Orange Star Army against him.{PAGE},Nhưng các chỉ huy ta đều{NL}bận những chiến dịch khác.{PAGE}Nên không ai rảnh chỉ huy{NL}quân Orange Star chống hắn.{PAGE},revised,
2ED55C,"{PLAYER}, it looks like it's up{NL}to you to defend Orange Star.{PAGE}","{PLAYER}, có vẻ bạn phải{NL}bảo vệ Orange Star rồi.{PAGE}",approved,
2ED594,"Let me brief you on{NL}the current mission.{PAGE}Our troops en route to the Lost{NL}Fortress have been waylaid by Olaf.{PAGE}It's up to you to join up with them,{NL}beat back Olaf and secure the area.{PAGE}We need the Lost Fortress!{NL}Move out!{PAGE}","Để tôi nói về{NL}nhiệm vụ hiện tại.{PAGE}Quân ta đang đến Lost{NL}Fortress thì bị Olaf chặn lại.{PAGE}Bạn phải gặp họ, đánh lui{NL}Olaf và giữ khu vực.{PAGE}Ta cần Lost Fortress!{NL}Xuất phát!{PAGE}",revised,
2ED670,"This mission focuses on the {COMMAND}Supply{NORMAL},{NL}{COMMAND}Load{NORMAL} and {COMMAND}Drop{NORMAL} commands.","Bài này tập trung vào {COMMAND}Tiếp tế{NORMAL},{NL}{COMMAND}Chất lên{NORMAL} và {COMMAND}Thả xuống{NORMAL}.",revised,
2ED6B4,"My superiors in Orange Star are{NL}pleased with your work, {PLAYER}.{PAGE}I'm also happy to say that the enemy{NL}troops aren't deployed ahead of us.{PAGE}","Cấp trên Orange Star rất hài{NL}lòng với bạn, {PLAYER}.{PAGE}May là địch không triển khai{NL}quân phía trước ta.{PAGE}",revised,
2ED73C,"Look at this! An {UNIT}artillery{NORMAL} unit has{NL}been assigned to your command!{PAGE}Used correctly, this unit'll strengthen{NL}your battalion. No doubt about it.{PAGE}",Xem này! Một {UNIT}pháo binh{NORMAL} đã{NL}được giao cho bạn!{PAGE}Dùng đúng cách sẽ giúp{NL}quân bạn mạnh hơn nhiều.{PAGE},approved,
2ED7D0,"But, it sounds like it's seen a lot of{NL}action on the front lines, and...{PAGE}Well, I guess we'll get a look at it when{NL}we reach the battlefield.{PAGE}","Nhưng nghe nói nó đã chiến đấu{NL}nhiều trên tiền tuyến...{PAGE}Đến chiến trường, ta sẽ thấy{NL}nó thế nào.{PAGE}",revised,
2ED860,"Oh, and I've received one more{NL}bit of information.{PAGE}You've also been given an{NL}{UNIT}APC{NORMAL} unit to use.{PAGE}","À, tôi còn nhận được{NL}một tin nữa.{PAGE}Bạn được giao thêm một{NL}{UNIT}xe chở quân{NORMAL}.{PAGE}",revised,
2ED8C4,"This one is fresh from the factory,{NL}so don't worry about its condition.{PAGE}OK! Let's get moving!{PAGE}","Chiếc này mới từ nhà máy,{NL}không cần lo tình trạng.{PAGE}Rồi! Đi thôi!{PAGE}",revised,
2ED924,This is a chance for you to show me{NL}what you've learned. Are you ready?,Đây là lúc cho tôi xem bạn{NL}đã học được gì. Sẵn sàng chưa?,approved,
2ED96C,"An entire company doing recon in the{NL}Coral Lagoon area has been lost.{PAGE}The Coral Fortress is surrounded by{NL}mountains, so it's hard to imagine that{PAGE}there are many enemy units there.{NL}Still, an entire company is gone, so...{PAGE}The point is, we can't afford to lose{NL}that territory.{PAGE}","Cả một đại đội do thám{NL}ở đầm Coral đã mất tích.{PAGE}Pháo đài Coral bị núi bao{NL}quanh, khó có nhiều quân địch.{PAGE}Nhưng cả đại đội biến mất,{NL}nên chắc có chuyện...{PAGE}Ta không thể để mất{NL}vùng lãnh thổ đó.{PAGE}",revised,
2EDA80,Time to get going!{PAGE},Đến giờ xuất phát!{PAGE},approved,
2EDA94,It's time to introduce air units.,Đến lúc giới thiệu không quân.,approved,
2EDAB8,"It appears that we have a problem.{PAGE}Orange Star has hit a snag in its{NL}{UNIT}Md tank{NORMAL} development program.{PAGE}On the other hand, Blue Moon seems{NL}to have more than enough tanks...{PAGE}I think it's safe to assume that they{NL}have mass production capabilities.{PAGE}I pulled some strings and had some{NL}{UNIT}B copters{NORMAL} and {UNIT}T copters{NORMAL} sent down{PAGE}from the front lines, but that doesn't{NL}give you all that much more firepower.{PAGE}","Ta đang gặp rắc rối.{PAGE}Chương trình chế tạo{NL}{UNIT}tăng vừa{NORMAL} Orange Star bị trễ.{PAGE}Trong khi Blue Moon có{NL}thừa xe tăng...{PAGE}Chắc chúng sản xuất{NL}hàng loạt được.{PAGE}Tôi lo được vài{NL}{UNIT}thăng chiến đấu{NORMAL} và {UNIT}thăng vận tải{NORMAL}{PAGE}từ tiền tuyến, nhưng hỏa lực{NL}cũng không tăng nhiều.{PAGE}",revised,
2EDC44,"Nevertheless, let's make good{NL}use of them.{PAGE}I'll give you more details once we{NL}reach the staging area.{PAGE}Let's move out!{PAGE}","Dù vậy, hãy dùng chúng{NL}cho tốt.{PAGE}Đến nơi tập kết, tôi sẽ{NL}nói chi tiết hơn.{PAGE}Xuất phát!{PAGE}",approved,
2EDCBC,"This mission deals with air units, fuel{NL}consumption and anti-air defenses.","Bài này về không quân, xăng{NL}và phòng thủ trên không.",approved,
2EDD08,"Good news!{PAGE}Orange Star's {UNIT}Md tank{NORMAL} development{NL}team has succeeded!{PAGE}Plus, you've also been given some new{NL}and improved {UNIT}anti-airs{NORMAL}!{PAGE}",Tin vui!{PAGE}Đội phát triển {UNIT}xe tăng hạng trung{NORMAL}{NL}đã thành công!{PAGE}Bạn còn được giao đơn vị{NL}{UNIT}phòng không{NORMAL} cải tiến!{PAGE},revised,
2EDD8C,"Now, let's discuss the current{NL}operation, {PLAYER}.{PAGE}","Giờ nói về nhiệm vụ{NL}hiện tại, {PLAYER}.{PAGE}",approved,
2EDDBC,"An entire company has disappeared{NL}on its way to the front lines.{PAGE}It was made up mostly of {UNIT}Md tanks{NORMAL}{NL}and {UNIT}tanks{NORMAL}, so this is serious.{PAGE}It may mean that they ran into an air{NL}squadron complete with bom...{PAGE}","Cả đại đội đã mất tích{NL}trên đường ra tiền tuyến.{PAGE}Họ chủ yếu có {UNIT}xe tăng hạng trung{NORMAL}{NL}và {UNIT}xe tăng{NORMAL}, rất đáng lo.{PAGE}Có thể họ gặp phi đội{NL}có oanh tạc...{PAGE}",revised,
2EDE88,"No, that's not possi...{NL}Forget it. It's nothing.{PAGE}I'm sure I'm just reading{NL}too much into the situation.{PAGE}Well, time to get moving!{PAGE}","Không, chẳng thể nào...{NL}Thôi, quên đi.{PAGE}Chắc tôi lo xa quá{NL}thôi.{PAGE}Đến lúc đi rồi!{PAGE}",revised,
2EDF0C,{UNIT}Rockets{NORMAL} and {UNIT}missiles{NORMAL} are included in{NL}this briefing on indirect combat units.,{UNIT}Hỏa tiễn{NORMAL} và {UNIT}tên lửa{NORMAL} được nói{NL}trong bài quân bắn gián tiếp.,revised,
2EDF60,"My superiors have really been{NL}dropping the ball lately.{PAGE}The enemy already has {UNIT}fighters{NORMAL} and{NL}{UNIT}bombers{NORMAL}, but it appears that we don't.{PAGE}","Cấp trên gần đây làm việc{NL}thật tệ.{PAGE}Địch có {UNIT}tiêm kích{NORMAL} và{NL}{UNIT}oanh tạc cơ{NORMAL}, ta thì chưa.{PAGE}",revised,
2EDFE8,"But, I did arrange to have some{NL}experimental {UNIT}missiles{NORMAL} assigned to you.{PAGE}",Nhưng tôi đã lo cho bạn vài{NL}{UNIT}tên lửa{NORMAL} thử nghiệm.{PAGE},revised,
2EE034,"And I also got you some {UNIT}rockets{NORMAL}.{PAGE}With all you've done, {PLAYER},{NL}it's the least they could do!{PAGE}","Và cả {UNIT}hỏa tiễn{NORMAL} nữa.{PAGE}Sau những gì bạn đã làm, {PLAYER},{NL}họ phải cho bạn chứ!{PAGE}",approved,
2EE090,It seems that the enemy always has{NL}superior units deployed. I apologize.{PAGE},Địch lúc nào cũng có quân{NL}mạnh hơn. Tôi xin lỗi.{PAGE},approved,
2EE0DC,"Anyway, it's time to move out!{PAGE}","Thôi, xuất phát!{PAGE}",approved,
2EE0FC,I wonder how fast you can clear this{NL}air and indirect combat unit section?,Bạn mất bao lâu để qua bài{NL}không quân và bắn gián tiếp?,revised,
2EE148,Hey! More good news!{PAGE}We've finally got {UNIT}bombers{NORMAL} and{NL}{UNIT}fighters{NORMAL} ready to go!{PAGE}Three units each!{PAGE},Này! Lại tin vui!{PAGE}Ta đã có {UNIT}oanh tạc cơ{NORMAL} và{NL}{UNIT}tiêm kích{NORMAL} rồi!{PAGE}Mỗi loại ba đơn vị!{PAGE},revised,
2EE1A8,"You've only got them for{NL}this mission, but...{PAGE}","Chỉ cho bạn dùng{NL}trong bài này, nhưng...{PAGE}",revised,
2EE1D8,It seems Olaf's troops have appeared{NL}on the far shore.{PAGE}Your job is to get over there and{NL}take them out in one fell swoop!{PAGE}Let's get moving!{PAGE},Quân Olaf xuất hiện{NL}bên bờ xa.{PAGE}Bạn phải qua đó và{NL}quét sạch chúng!{PAGE}Đi thôi!{PAGE},approved,
2EE268,Naval units are the topic{NL}of this briefing.,Bài này giới thiệu{NL}hải quân.,approved,
2EE294,"You've got a tough mission{NL}on your hands this time.{PAGE}There are two units that require aid{NL}or they'll be destroyed.{PAGE}One of these is a {UNIT}T copter{NORMAL}, which{NL}we've discussed before.{PAGE}The other is a {UNIT}lander{NORMAL} unit. This{NL}is a naval unit you haven't seen yet.{PAGE}","Nhiệm vụ này rất khó.{NL}Hai đơn vị cần hỗ trợ.{PAGE}Nếu không, chúng sẽ{NL}bị hủy.{PAGE}{UNIT}Trực thăng chở quân{NORMAL} bạn đã học{NL}là một trong số đó.{PAGE}{UNIT}Tàu đổ bộ{NORMAL} là đơn vị kia.{NL}Đây là hải quân mới.{PAGE}",approved,
2EE38C,"You need to protect these units and{NL}secure the land on the far shore.{PAGE}This is the mission that's been{NL}entrusted to you, {PLAYER}.{PAGE}","Bạn cần bảo vệ chúng và{NL}chiếm đất ở bờ bên kia.{PAGE}Nhiệm vụ đó giao cho bạn,{NL}{PLAYER}.{PAGE}",approved,
2EE408,"Unfortunately, I was unable to get any{NL}{UNIT}bombers{NORMAL} or {UNIT}fighters{NORMAL} this time.{PAGE}But I did arrange for other units I{NL}think will be necessary to our success.{PAGE}I'll explain about these other naval{NL}units once we arrive.{PAGE}Time to get moving!{PAGE}","Tiếc là lần này tôi không lo được{NL}{UNIT}oanh tạc cơ{NORMAL} hay {UNIT}tiêm kích{NORMAL}.{PAGE}Nhưng tôi đã lo được các quân{NL}khác cần để chiến thắng.{PAGE}Đến nơi, tôi sẽ giải thích{NL}về các hải quân đó.{PAGE}Đi thôi!{PAGE}",revised,
2EE4F0,The mission focuses on climate{NL}and CO Powers.,Bài này về thời tiết{NL}và Sức mạnh CO.,approved,
2EE520,"Before we move out, I need to brief{NL}you in detail on CO Olaf.{PAGE}Olaf used to be a CO in{NL}the Orange Star Army.{PAGE}In fact, he was my superior.{PAGE}His strong character and skill with the{NL}troops make him an invaluable CO.{PAGE}This is what brought him to{NL}Blue Moon's attention.{PAGE}","Trước khi đi, tôi cần nói{NL}kỹ về CO Olaf.{PAGE}Olaf từng là CO của{NL}Orange Star.{PAGE}Thậm chí từng là sếp tôi.{PAGE}Ông ấy quyết liệt và giỏi{NL}chỉ huy quân.{PAGE}Vì vậy Blue Moon mới{NL}muốn thu nhận ông.{PAGE}",revised,
2EE628,"Not only did he switch allegiances,{NL}but then he attacked Orange Star...{PAGE}He's a complete wretch!{PAGE}","Ông ta không chỉ đổi phe,{NL}mà còn tấn công Orange Star...{PAGE}Đúng là kẻ tồi tệ!{PAGE}",approved,
2EE68C,"Just a little more, and the Blue Moon{NL}Army will be forced to retreat!{PAGE}Let's go get 'em!{PAGE}","Chỉ chút nữa thôi, quân{NL}Blue Moon sẽ phải rút!{PAGE}Đi đánh chúng nào!{PAGE}",revised,
2EE6E8,Fog of War is the topic of{NL}this briefing.,Bài này nói về{NL}Sương Mù.,approved,
2EE714,"Finally, we've arrived.{PAGE}",Cuối cùng ta đã đến.{PAGE},approved,
2EE730,"With a victory here, we'll have driven{NL}Olaf completely out of Orange Star.{PAGE}","Thắng ở đây, ta sẽ đuổi Olaf{NL}khỏi Orange Star hoàn toàn.{PAGE}",revised,
2EE77C,"Let me tell you a little about the new{NL}unit type that's been assigned to you.{PAGE}It's the {UNIT}recon{NORMAL} unit.{PAGE}This unit has extremely{NL}limited firepower.{PAGE}However, it's just what we need{NL}in this particular situation.{PAGE}",Để tôi giới thiệu loại quân{NL}mới giao cho bạn.{PAGE}Đó là {UNIT}xe thăm dò{NORMAL}.{PAGE}Hỏa lực của nó{NL}rất hạn chế.{PAGE}Nhưng nó đúng là thứ ta cần{NL}trong tình huống này.{PAGE},approved,
2EE84C,Let's move out!{PAGE},Đi thôi!{PAGE},approved,
2EE860,What a surprise! Are you here{NL}for my Special Intel briefing?,Ngỡ ngàng chưa! Bạn đến{NL}học bài Tin Tức Đặc Biệt à?,revised,
2EE8A0,This lesson is for commanders who{NL}want a little extra knowledge.{PAGE}This is special intel that may just{NL}give you the edge in combat.{PAGE},Bài này dành cho chỉ huy{NL}muốn biết thêm một chút.{PAGE}Tin đặc biệt có thể cho{NL}bạn lợi thế trên chiến trường.{PAGE},revised,
2EE924,Let's get started!{PAGE},Bắt đầu nào!{PAGE},approved,
2EFCC8,Please enter your name.{PAGE},Hãy nhập tên của bạn.{PAGE},revised,
2EFCE4,"Name your map, please.{PAGE}",Hãy đặt tên bản đồ.{PAGE},approved,
2EFCFC,Is this correct?{NL}{16},Đúng chưa?{NL}{16},revised,
2EFD10,Welcome to Advance Wars!{PAGE},Chào mừng đến với Advance Wars!{PAGE},revised,
2EFD2C,"It's nice to meet you,{NL}{PLAYER}.{PAGE}I'm Nell.{PAGE}","Vui gặp bạn,{NL}{PLAYER}.{PAGE}Tôi là Nell.{PAGE}",approved,
2EFD54,I'm a CO in the Orange{NL}Star Army.{PAGE},Tôi là CO quân{NL}Orange Star.{PAGE},approved,
2EFD78,Is this your first time playing?{NL}{16},Đây là lần đầu bạn chơi?{NL}{16},approved,
2EFD9C,"Very well, let me explain{NL}a few things briefly.{PAGE}There are several different{NL}modes of game play.{PAGE}The Vs. Mode is for multiplayer{NL}battle on one Game Boy Advance.{PAGE}To play Advance Wars on multiple{NL}systems, link up with friends and{PAGE}try the Link Mode.{PAGE}And then there's Field Training.{PAGE}If you're playing for the first time,{NL}you should start in Field Training.{PAGE}Would you choose Field Training{NL}on the Mode Select Menu, please?{PAGE}In Field Training, I can{NL}instruct you on game controls{PAGE}and overall battle strategy.{PAGE}Once in Field Training, please{NL}complete the missions in order{PAGE}from top to bottom.{PAGE}","Được, để tôi giải thích{NL}vài điều ngắn gọn.{PAGE}Game có nhiều chế độ{NL}chơi khác nhau.{PAGE}Chế độ Đấu cho nhiều người{NL}chơi trên một Game Boy Advance.{PAGE}Muốn chơi nhiều máy, hãy nối{NL}với bạn bè và thử{PAGE}Chế độ Liên Kết.{PAGE}Rồi còn có Tập Luyện.{PAGE}Nếu chơi lần đầu, bạn nên{NL}bắt đầu từ Tập Luyện.{PAGE}Hãy chọn Tập Luyện{NL}trong menu Chọn Chế Độ nhé?{PAGE}Trong đó tôi sẽ dạy bạn{NL}cách điều khiển{PAGE}và chiến lược tổng quát.{PAGE}Vào Tập Luyện, hãy hoàn thành{NL}các bài theo thứ tự{PAGE}từ trên xuống dưới.{PAGE}",revised,
2EFFE8,The first lesson is on Troop Orders.{NL}Let's start here!{PAGE},Bài đầu là Ra Lệnh Quân.{NL}Bắt đầu nào!{PAGE},approved,
2F0020,"Oh, I see.{PAGE}In Advance Wars, I give{NL}game play and strategy{PAGE}advice in Field Training.{PAGE}This includes explanations{NL}of all the game rules, too.{PAGE}If you really don't want to, I can{NL}teach you a way to pass through{PAGE}Field Training quickly, but...{PAGE}Do you want to work your way{PAGE}through Field Training?{NL}{16}","À, tôi hiểu.{PAGE}Trong Advance Wars, tôi đưa{NL}lời khuyên cách chơi và chiến lược{PAGE}tại Tập Luyện.{PAGE}Tất cả quy tắc chơi cũng{NL}được giải thích ở đó.{PAGE}Nếu bạn không muốn, tôi có{NL}thể chỉ cách qua nhanh{PAGE}Tập Luyện, nhưng...{PAGE}Bạn muốn tự học hết{PAGE}các bài Tập Luyện?{NL}{16}",revised,
2F0144,I think that's for the best!{PAGE},Tôi nghĩ vậy là tốt nhất!{PAGE},approved,
2F0164,"You can get to Field Training{NL}from the Mode Select Menu.{PAGE}Also on the Mode Select Menu is{NL}Vs. Mode, a multiplayer mode for{PAGE}a single Game Boy Advance.{PAGE}Plus, there's Link Mode, a multiplayer{NL}mode for multiple game systems.{PAGE}Next is Field Training. Please enter{NL}and complete the missions{PAGE}in order from top to bottom.{PAGE}","Bạn vào Tập Luyện qua{NL}menu Chọn Chế Độ.{PAGE}Menu này còn có Chế độ Đấu,{NL}cho nhiều người trên{PAGE}một Game Boy Advance.{PAGE}Và Chế độ Liên Kết, cho{NL}nhiều người trên nhiều máy.{PAGE}Sau đó là Tập Luyện. Hãy vào{NL}và hoàn thành các bài{PAGE}từ trên xuống dưới.{PAGE}",revised,
2F02A0,The first lesson is on Troop Orders.{NL}Good luck!{PAGE},Bài đầu là Ra Lệnh Quân.{NL}Chúc may mắn!{PAGE},approved,
2F02D4,"Very well, let me explain{NL}a few things briefly.{PAGE}There are several different{NL}modes of game play.{PAGE}Vs. Mode is for multiplayer{NL}battle on one Game Boy Advance.{PAGE}To play Advance Wars on multiple{NL}systems, link up with friends{PAGE}and try Link Mode.{PAGE}Then there's the Field Training,{NL}where I give game{PAGE}and strategy instructions.{PAGE}","Được, để tôi giải thích{NL}vài điều ngắn gọn.{PAGE}Game có nhiều chế độ{NL}chơi khác nhau.{PAGE}Chế độ Đấu cho nhiều người{NL}chơi trên một Game Boy Advance.{PAGE}Muốn chơi nhiều máy, hãy nối{NL}với bạn bè và thử{PAGE}Chế độ Liên Kết.{PAGE}Rồi còn có Tập Luyện, nơi{NL}tôi dạy bạn cách chơi{PAGE}và chiến lược.{PAGE}",revised,
2F0414,Move out and good luck!{PAGE},Xuất phát. May mắn!{PAGE},approved,
2F0430,Is this correct?{NL}{16},Đúng chưa?{NL}{16},revised,
2F0444,Are you really going to quit?{NL}{16},Bạn thật sự muốn thoát?{NL}{16},approved,
2F13D4,Hone your tactical skills.{NL}How high can you score?,Rèn luyện chiến thuật.{NL}Bạn đạt bao nhiêu điểm?,approved,
2F1408,Link multiple systems to{NL}battle up to three friends.,Nối nhiều máy để{NL}đấu tối đa ba người bạn.,revised,
2F1440,"{PLAYER}, your battle{NL}stats are recorded here.","{PLAYER}, thành tích{NL}chiến đấu của bạn ở đây.",approved,
2F1468,Lessons in the art of war.{NL}I'll be your instructor.,Các bài học chiến tranh.{NL}Tôi sẽ hướng dẫn bạn.,approved,
2F149C,Shop here with{NL}your hard-earned coins.,Dùng tiền kiếm được{NL}mua hàng tại đây.,revised,
2F14C4,"{PLAYER}, this mode lets{NL}you create your own maps.","{PLAYER}, chế độ này cho{NL}bạn tạo bản đồ riêng.",approved,
2F14F0,One to four players can{NL}play a single game system.,Một đến bốn người có thể{NL}chơi trên cùng một máy.,approved,
2F1524,Begin a new{NL}Vs. Mode battle.,Bắt đầu trận mới{NL}Chế độ Đấu.,revised,
2F1544,Continue a previous{NL}Vs. Mode battle.,Tiếp tục trận{NL}Chế độ Đấu trước.,revised,
2F156C,Start the Campaign Mode{NL}from the beginning.,Bắt đầu Chế độ Chiến Dịch{NL}từ đầu.,revised,
2F1598,Continue the Campaign{NL}in progress.,Tiếp tục Chiến Dịch{NL}đang chơi.,revised,
2F15BC,Start an Advance{NL}Campaign!,Bắt đầu Chiến Dịch{NL}Nâng Cao!,revised,
2F15D8,Continue the Advance{NL}Campaign in progress.,Tiếp tục Chiến Dịch{NL}Nâng Cao đang chơi.,revised,
2F1604,Link multiple systems{NL}for multiplayer battle!,Nối nhiều máy để{NL}đấu nhiều người!,revised,
2F1634,Single-Pak Link.{NL}For up to four players.,Liên Kết Một Băng.{NL}Tối đa bốn người.,revised,
2F1660,Multi-Pak Link.{NL}For up to four players.,Liên Kết Nhiều Băng.{NL}Tối đa bốn người.,revised,
2F1688,Link up and trade{NL}maps with friends!,Kết nối và đổi{NL}bản đồ với bạn bè!,revised,
2F16B0,"{PLAYER}, view your{NL}War Room stats here.","{PLAYER}, xem điểm{NL}Phòng Chiến ở đây.",approved,
2F16D4,"Check your current rank{NL}here, {PLAYER}.","Xem hạng của bạn{NL}ở đây, {PLAYER}.",revised,
2F1A5C,Congratulations! You've received{NL}some Advance Wars coins!{PAGE}You can use these coins{NL}to shop at Battle Maps.{PAGE}Go to Battle Maps and talk{NL}to Hachi for more information.{PAGE}You can find Battle Maps on the{NL}Mode Select Menu. Check it out.{PAGE},Chúc mừng! Bạn nhận được{NL}tiền Advance Wars!{PAGE}Dùng số tiền này mua đồ{NL}tại Bản Đồ Chiến Đấu.{PAGE}Đến gặp Hachi tại đó{NL}để biết thêm.{PAGE}Nó nằm trong menu Chọn Chế Độ.{NL}Bạn ghé xem!{PAGE},approved,
2F1D9C,"Come on in!{PAGE}Welcome to Battle Maps.{NL}If you've got Advance Wars coins,{PAGE}this is the place to spend 'em.{PAGE}Mostly I deal in maps.{PAGE}Once you own a map,{NL}you can fight on it, you see?{PAGE}Oh, and I also have map cases.{PAGE}You need a case to{NL}hold your Vs. Maps in.{PAGE}Let me explain... Well, nah, just{NL}buy something. You'll figure it out.{PAGE}Whoa, hold up there. There's{NL}something else I need to tell you.{PAGE}New COs will become available after{NL}meeting certain game conditions.{PAGE}You'll have to figure out those{NL}conditions on your own, though.{PAGE}But if you stop by again, I might{NL}share a few secrets with you.{PAGE}Well, that's enough gabbing. Time{NL}for business. What do you need?{PAGE}","Vào đi!{PAGE}Chào mừng đến Bản Đồ Chiến Đấu.{NL}Có tiền Advance Wars thì{PAGE}vào đây tiêu là đúng.{PAGE}Tôi chủ yếu bán bản đồ.{PAGE}Có bản đồ rồi,{NL}bạn chơi trên đó được.{PAGE}Tôi còn bán hộp bản đồ.{PAGE}Cần có hộp mới{NL}chứa bản đồ Đấu được.{PAGE}Để tôi giải thích... Thôi,{NL}cứ mua rồi sẽ hiểu.{PAGE}Khoan, còn việc này{NL}tôi phải nói.{PAGE}CO mới sẽ mở khóa khi{NL}đạt vài điều kiện.{PAGE}Bạn phải tự tìm{NL}các điều kiện đó.{PAGE}Ghé lại đi, biết đâu tôi{NL}bật mí chút gì.{PAGE}Nói đủ rồi. Giờ buôn bán.{NL}Bạn cần gì?{PAGE}",revised,
2F2024,Back again?{PAGE}What can I do for you?{PAGE},Lại đến à?{PAGE}Bạn cần gì nào?{PAGE},revised,
2F2048,I'm outta everything.{NL}The shelves are bare.{PAGE}It's a sign of my{NL}consummate salesmanship.{PAGE},Tôi bán hết sạch rồi.{NL}Kệ trống trơn.{PAGE}Vì tôi bán hàng{NL}quá giỏi mà.{PAGE},revised,
2F20A0,"Came back, eh?{NL}I've got everything you need.{PAGE}",Lại đến à?{NL}Tôi có đủ thứ bạn cần.{PAGE},revised,
2F20D0,"What do you need now, Ne...{PAGE}Oh, you're not...{PAGE}Um... What do you want?{PAGE}","Này Nê... bạn cần gì?{PAGE}À, không phải...{PAGE}Uhm... bạn cần gì?{PAGE}",revised,
2F2118,"What a beautiful day!{PAGE}Think I'll close up and...{PAGE}What? A customer?{PAGE}Don't you worry, I'm{NL}not going anywhere.{PAGE}Let's get down to business!{PAGE}","Hôm nay đẹp trời!{PAGE}Chắc đóng cửa sớm rồi...{PAGE}Gì? Khách hàng à?{PAGE}Đừng lo, tôi{NL}chưa đi đâu.{PAGE}Bạn muốn mua gì?{PAGE}",revised,
2F21A4,"What do you need now, Ne...{PAGE}Oh, you're not...{PAGE}Um... What do you want?{PAGE}","Này Nê... bạn cần gì?{PAGE}À, không phải...{PAGE}Uhm... bạn cần gì?{PAGE}",revised,
2F21EC,"Well, now! You're back again!{PAGE}That means you must've made some{NL}money in War Room or Campaign Mode.{PAGE}What'll it be today?{PAGE}","À, bạn lại đến!{PAGE}Chắc bạn đã kiếm được tiền{NL}trong Phòng Chiến hay Chiến Dịch.{PAGE}Hôm nay mua gì?{PAGE}",revised,
2F2268,"Oh, its you again!{PAGE}Have you picked up{NL}a map case yet?{PAGE}Get one and you can increase{NL}your Vs. Map collection.{PAGE}So, come on! Buy something!{PAGE}","À, lại là bạn!{PAGE}Bạn đã mua hộp{NL}chứa bản đồ?{PAGE}Có nó, bạn chứa được{NL}thêm bản đồ Đấu.{PAGE}Nào, mua gì đi!{PAGE}",revised,
2F22F4,"Hey there, soldier!{PAGE}Which CO have you been using?{PAGE}Just between me and you, there's{NL}a way you can enlist new COs.{PAGE}You just have to... Well,{NL}actually, I can't tell you!{PAGE}You may learn something{NL}in the Campaign Mode, though.{PAGE}So, you need anything?{PAGE}","Chào chiến sĩ!{PAGE}Bạn đang dùng CO nào?{PAGE}Nói riêng, có cách{NL}tuyển CO mới đây.{PAGE}Bạn chỉ cần... Thôi,{NL}tôi không nói được!{PAGE}Có lẽ Chiến Dịch sẽ cho{NL}bạn một gợi ý.{PAGE}Vậy bạn mua gì?{PAGE}",revised,
2F23EC,"Look who's here!{PAGE}Hey, listen. Even if you buy all{NL}the maps in stock, come back again.{PAGE}I'm always getting new stock.{PAGE}Go ahead and take a{NL}look at what I've got in today.{PAGE}","Ai đến đây!{PAGE}Này, mua hết bản đồ đang bán{NL}cũng cứ ghé lại nhé.{PAGE}Tôi luôn nhập hàng mới.{PAGE}Thử xem hôm nay{NL}có gì hay nào.{PAGE}",revised,
2F2498,"I hear you're doing a good job. Don't{NL}forget to take a rest now and then.{PAGE}Have you been back to Field Training{NL}since you cleared it?{PAGE}All right, time for business.{NL}See anything you like?{PAGE}","Nghe nói bạn làm tốt. Nhớ{NL}nghỉ ngơi thỉnh thoảng nhé.{PAGE}Bạn đã quay lại Tập Luyện{NL}sau khi học xong chưa?{PAGE}Rồi, vào việc thôi.{NL}Thích món gì?{PAGE}",revised,
2F2554,"Come on in!{PAGE}Hey, have you cleared{NL}the Campaign Mode?{PAGE}There's more to it than{NL}just clearing it once, you know.{PAGE}Rumor has it that there's{NL}another, harder campaign...{PAGE}Ah, I'm talking too much!{PAGE}Are you going to buy anything today?{PAGE}","Vào đi!{PAGE}Bạn đã hoàn thành{NL}Chiến Dịch chưa?{PAGE}Qua một lần chưa phải{NL}là hết đâu.{PAGE}Nghe đồn còn một{NL}chiến dịch khó hơn...{PAGE}À, tôi nói nhiều quá!{PAGE}Hôm nay mua gì không?{PAGE}",revised,
2F2638,"Hey! If you're coming in,{NL}come in and shut the door!{PAGE}By the way, which CO{NL}have you been using?{PAGE}Using the same CO over{NL}and over isn't very impressive.{PAGE}If you want to reach a higher score,{NL}you should try someone new.{PAGE}Enough of that,{NL}what'll it be today?{PAGE}","Đã vào thì{NL}đóng cửa đi!{PAGE}Này, bạn đang{NL}dùng CO nào?{PAGE}Cứ dùng một CO{NL}thì chẳng hay gì.{PAGE}Muốn điểm cao hơn,{NL}thử người mới xem.{PAGE}Nói đủ rồi,{NL}mua gì hôm nay?{PAGE}",revised,
2F2738,"Well, back again, are you?{PAGE}Say, have you tried{NL}the Advance Campaign?{PAGE}All you need to do is{NL}press and hold SELECT when{PAGE}you start the Campaign Mode.{PAGE}The Advance Campaign is just{NL}the challenge you need, soldier!{PAGE}It'll toughen you up, and the{NL}payoff is bigger, too!{PAGE}If you're ever short of funds,{NL}give the Advance Mode a shot.{PAGE}So, go make some cash and{NL}spend it all here! Heh, heh, heh!{PAGE}","Lại đến à?{PAGE}Bạn đã thử{NL}Chiến Dịch Nâng Cao chưa?{PAGE}Chỉ cần giữ{NL}nút SELECT khi{PAGE}bắt đầu Chiến Dịch.{PAGE}Đó mới là thử thách{NL}dành cho bạn!{PAGE}Nó sẽ rèn bạn, và{NL}thưởng cũng nhiều hơn!{PAGE}Khi thiếu tiền,{NL}hãy thử chế độ này.{PAGE}Rồi mang tiền đến{NL}đây tiêu nhé! Hỉ hí!{PAGE}",revised,
2F28B8,"Hey! It's my favorite soldier!{PAGE}Are you getting the most{NL}out of your special CO power?{PAGE}Andy's power is to repair{NL}units and restore HP, right?{PAGE}His units' overall power also grows{NL}on the day he uses Hyper Repair!{PAGE}So, you can use Andy's power to{NL}attack with more success, too!{PAGE}Now, to the business at hand!{NL}You are buying something, right?{PAGE}","Chào chiến sĩ ta thích nhất!{PAGE}Bạn đã dùng Sức mạnh CO{NL}cho tốt chưa?{PAGE}Sức mạnh Andy sửa đơn vị{NL}và hồi HP, phải không?{PAGE}Ngay lúc Siêu Sửa Chữa, quân{NL}anh ấy cũng mạnh hơn!{PAGE}Nên bạn còn dùng nó để{NL}tấn công hiệu quả hơn.{PAGE}Thôi, vào việc!{NL}Bạn mua gì chứ?{PAGE}",revised,
2F2A0C,"Welcome!{PAGE}Have you ever tried{NL}using Sami as your CO?{PAGE}Do you think she's difficult to{NL}use or that she's a weak CO?{PAGE}That's ridiculous!{PAGE}You DO know that her infantry and{NL}mech units capture bases faster{PAGE}than other COs' units do, don't you?{PAGE}Plus, her troop transports can move{NL}farther than other COs' transports!{PAGE}When it comes to capturing the{NL}enemy's HQ, Sami's the best!{PAGE}Sure, she's a bit weak in direct{NL}combat, but there's nothing wrong{PAGE}with her long distance firepower.{PAGE}Try luring the enemy into range with{NL}her foot soldiers and then blast them{PAGE}from a distance!{PAGE}Oh yeah, and another thing. Sami's{NL}CO power builds up quickly.{PAGE}You should use it{NL}as often as you can!{PAGE}I've done it again! Chatting when I{NL}should be selling! Bad for business!{PAGE}So, what's it going to be?{NL}Start buying stuff, will you?{PAGE}","Chào mừng!{PAGE}Bạn đã thử dùng Sami{NL}làm CO chưa?{PAGE}Bạn nghĩ cô ấy khó dùng{NL}hay yếu à?{PAGE}Sai lầm lớn!{PAGE}Bạn biết bộ binh và cơ giới{NL}của cô ấy chiếm căn cứ nhanh{PAGE}hơn quân của CO khác chứ?{PAGE}Quân vận tải của cô ấy cũng{NL}đi xa hơn bình thường!{PAGE}Khi chiếm HQ địch,{NL}Sami là người giỏi nhất!{PAGE}Đánh trực diện hơi yếu,{NL}nhưng không sao,{PAGE}bắn xa vẫn tốt.{PAGE}Nhử địch bằng bộ binh{NL}rồi bắn từ xa{PAGE}là xong!{PAGE}À, còn nữa. Thanh Sức mạnh CO{NL}của Sami đầy rất nhanh.{PAGE}Bạn nên dùng nó{NL}thường xuyên!{PAGE}Tôi lại mải tám chuyện thay vì{NL}bán hàng! Tệ thật!{PAGE}Vậy bạn mua gì?{NL}Mua gì đi chứ!{PAGE}",revised,
2F2D28,"Look who's here!{PAGE}Tell me, have you been using Max?{PAGE}He's strong as an ox,{NL}but kind of clumsy!{PAGE}If you're looking to get ahead with{NL}him, you've got to be strategic.{PAGE}Max is pretty ineffective{NL}at anything but direct attacks.{PAGE}If you try battling in a confined area{NL}you'll get whipped! With Max, you{PAGE}need some wide, open space.{PAGE}You know, when I was younger...{NL}Ahh, forget those old stories.{PAGE}What can I get for you today?{PAGE}","Ai lại đến đây!{PAGE}Bạn đã dùng Max chưa?{PAGE}Anh ấy mạnh như trâu{NL}nhưng hơi vụng về!{PAGE}Muốn thắng với anh ấy,{NL}bạn phải tính toán kỹ.{PAGE}Max chỉ giỏi{NL}đánh trực diện.{PAGE}Đánh ở nơi chật là{NL}dễ thua lắm! Max cần{PAGE}địa hình rộng rãi.{PAGE}Hồi tôi còn trẻ...{NL}Thôi, bỏ chuyện xưa đi.{PAGE}Hôm nay bạn mua gì?{PAGE}",revised,
2F2EC8,"Hello, there! You winning?{PAGE}How much do you know{NL}about Blue Moon CO Olaf?{PAGE}If you're thinking that all he can do{NL}is make it snow, you're dead wrong!{PAGE}Olaf is a very well-balanced CO{NL}with no real weaknesses!{PAGE}He can battle anywhere, and that{NL}makes him a dangerous enemy.{PAGE}Well, OK, he's not{NL}so good in the rain.{PAGE}You should try using him occasionally.{NL}I guarantee he'll show you something.{PAGE}Why, I remember when he used to...{NL}Oops! Getting sidetracked again.{PAGE}All right, back to business!{PAGE}","Chào! Bạn thắng trận chứ?{PAGE}Bạn biết gì về Olaf,{NL}CO của Blue Moon?{PAGE}Nếu nghĩ ông ta chỉ biết{NL}làm tuyết rơi thì sai to!{PAGE}Olaf là CO rất cân bằng,{NL}không có điểm yếu lớn!{PAGE}Ông đánh được ở mọi nơi,{NL}nên là kẻ địch nguy hiểm.{PAGE}Dù là ông ấy{NL}hơi yếu khi trời mưa.{PAGE}Thỉnh thoảng hãy thử dùng ông.{NL}Đảm bảo bạn sẽ bất ngờ.{PAGE}Tôi nhớ hồi ông ấy...{NL}À, lại lạc đề rồi.{PAGE}Vào việc mua bán thôi!{PAGE}",revised,
2F30AC,"My favorite soldier's back again!{PAGE}How familiar are you with Grit?{PAGE}He's an expert marksman, you know!{NL}When it comes to distance attacks,{PAGE}the man has no equal!{PAGE}But because he's so good, he's{NL}never polished his direct combat{PAGE}skills, and that's his weakness.{PAGE}It's best to use him in{NL}battles where you can protect{PAGE}his long distance units.{PAGE}OK, time for business!{PAGE}","Chiến sĩ yêu quý lại đến!{PAGE}Bạn biết Grit rõ chưa?{PAGE}Anh ta bắn rất giỏi.{NL}Về bắn xa,{PAGE}không ai bằng anh ta!{PAGE}Nhưng vì quá giỏi bắn xa, anh{NL}không rèn đánh trực diện{PAGE}và đó là điểm yếu.{PAGE}Hãy dùng anh ta khi{NL}bạn bảo vệ được{PAGE}quân tầm xa.{PAGE}Rồi, mua bán thôi!{PAGE}",revised,
2F3214,"Well, if it isn't{NL}Advisor {PLAYER}!{PAGE}Do you know the{NL}Yellow Comet CO, Kanbei?{PAGE}I can't stand him or his troops!{PAGE}Direct attacks, distance attacks...{NL}his forces are good at everything!{PAGE}Their one weak point is that{NL}they're so darn expensive.{PAGE}Well, that's enough about him.{NL}Let's get down to business!{PAGE}","A, cố vấn{NL}{PLAYER} đây mà!{PAGE}Bạn biết CO Kanbei{NL}của Yellow Comet chứ?{PAGE}Tôi không ưa ông ta!{PAGE}Đánh gần, đánh xa...{NL}quân ông ấy giỏi hết!{PAGE}Điểm yếu duy nhất là{NL}sản xuất quá đắt.{PAGE}Thôi, đủ về ông ấy.{NL}Ta mua bán đi!{PAGE}",revised,
2F3338,"Come on in!{PAGE}Say, have you heard much about{NL}Yellow Comet's little genius, Sonja?{PAGE}To be honest, I think{NL}she's tough to manage.{PAGE}It's because her strengths aren't{NL}as easily recognizable as other COs.{PAGE}For some reason, she's unlucky,{NL}and her troops don't always do{PAGE}as much damage as they should.{PAGE}I guess the best time to use her{NL}is when Fog of War is involved.{PAGE}Enough about Sonja!{NL}Let's talk business!{PAGE}","Vào đi!{PAGE}Bạn có nghe về thần đồng{NL}Sonja của Yellow Comet?{PAGE}Thật ra tôi thấy{NL}cô ấy khó dùng.{PAGE}Sở trường không rõ ràng{NL}như các CO khác.{PAGE}Cô ấy hay xui, quân cô ấy{NL}đôi khi gây ít sát thương{PAGE}hơn dự tính.{PAGE}Chắc dùng cô ấy tốt nhất{NL}khi có Sương Mù.{PAGE}Đủ nói về Sonja!{NL}Ta bán hàng nào!{PAGE}",revised,
2F34C8,"Hey there!{NL}It's Advisor {PLAYER}!{PAGE}Have you ever heard of{NL}a CO named Eagle?{PAGE}He's tops in the air,{NL}but weak at sea.{PAGE}All you know is that his CO power{NL}lets him attack twice in one day?{PAGE}You need more intel than that,{NL}my friend.{PAGE}I'm sure that you know that{NL}air units use fuel constantly.{PAGE}Well, Eagle's air units use less than{NL}others. That's something{PAGE}you should try and remember.{PAGE}Pretty good info, don't you think?{PAGE}Now, show your appreciation{NL}and buy something!{PAGE}","Chào bạn!{NL}Cố vấn {PLAYER} đây!{PAGE}Bạn từng nghe về{NL}CO Eagle chưa?{PAGE}Anh ấy giỏi trên trời,{NL}nhưng kém trên biển.{PAGE}Bạn chỉ biết Sức mạnh CO{NL}cho anh ấy đi hai lần à?{PAGE}Cần biết nhiều hơn{NL}thế nữa.{PAGE}Chắc bạn biết không quân{NL}luôn tốn xăng.{PAGE}Không quân Eagle tốn ít xăng{NL}hơn phe khác.{PAGE}Bạn nhớ điều đó.{PAGE}Tin hay chứ?{PAGE}Giờ mua hàng để{NL}cảm ơn tôi đi!{PAGE}",revised,
2F368C,"Hey, {PLAYER}!{NL}Nice to see you again.{PAGE}Are you familiar with a{NL}CO named Drake?{PAGE}He's a genius at sea,{NL}but he has trouble in the air.{PAGE}He's a real problem because{NL}his CO power causes{PAGE}damage to all enemy units.{PAGE}Oh, and another thing: it rains{NL}a lot when he's around.{PAGE}All that rain can{NL}get really annoying.{PAGE}Well, enough about Drake.{NL}It's time for business.{PAGE}","Này, {PLAYER}!{NL}Lại gặp bạn rồi.{PAGE}Bạn biết CO{NL}Drake chưa?{PAGE}Anh ấy giỏi trên biển,{NL}nhưng kém trên trời.{PAGE}Sức mạnh CO của anh ấy{NL}gây hại cho mọi quân địch,{PAGE}nên rất khó đối phó.{PAGE}À, và khi anh ấy đến{NL}thì hay có mưa.{PAGE}Mưa đó có thể{NL}rất phiền.{PAGE}Thôi đủ về Drake.{NL}Vào việc mua bán nào.{PAGE}",revised,
2F37E8,Is that what you need?{NL}{16},Bạn cần thứ này?{NL}{16},revised,
2F3804,"So, you want to enlist Nell, right?{PAGE}","Bạn muốn tuyển Nell, đúng không?{PAGE}",revised,
2F382C,You can now enlist Olaf!{PAGE},Bạn đã tuyển được Olaf!{PAGE},approved,
2F3848,Do you want to enlist Grit?{PAGE},Bạn muốn tuyển Grit?{PAGE},approved,
2F3868,"You're enlisting Kanbei, right?{PAGE}","Bạn tuyển Kanbei, đúng không?{PAGE}",revised,
2F388C,You can now enlist Sonja!{PAGE},Bạn đã tuyển được Sonja!{PAGE},approved,
2F38A8,"So, you want to enlist Drake?{NL}Well, let's go get him!{PAGE}",Bạn muốn tuyển Drake?{NL}Đi tìm anh ấy nào!{PAGE},approved,
2F38E0,"Eagle?{NL}You aim high, don't you?{PAGE}",Eagle à?{NL}Bạn nhắm cao đấy!{PAGE},revised,
2F3904,"Don't tell anyone, but{NL}you can now enlist Sturm!{PAGE}","Đừng nói ai, nhưng{NL}bạn đã tuyển được Sturm!{PAGE}",approved,
2F3938,"This map case is for Vs. Maps. Buy{NL}it, and I'll throw in some maps, too!{PAGE}","Hộp này chứa bản đồ Đấu. Mua{NL}đi, tôi cho thêm vài bản đồ!{PAGE}",revised,
2F3984,"This map case is for old maps.{NL}And what do you know, it's full!{PAGE}","Hộp này chứa bản đồ cũ.{NL}À, nó đầy kín rồi!{PAGE}",revised,
2F39C8,You'll be able to use the{NL}War Room Maps in Vs. Mode!{PAGE},Bạn có thể dùng bản đồ{NL}Phòng Chiến ở Chế độ Đấu!{PAGE},revised,
2F3A00,"This map case is for 3P Vs. Maps.{NL}I'll throw in some maps, too!{PAGE}",Hộp này chứa bản đồ Đấu 3 người.{NL}Tôi cho thêm vài bản đồ!{PAGE},revised,
2F3A44,"This goes in a Vs. Maps case.{NL}If you buy it, that's where it goes.{PAGE}",Món này vào hộp bản đồ Đấu.{NL}Mua xong nó sẽ ở đó.{PAGE},revised,
2F3A88,"This goes in a Special Maps case.{NL}If you buy it, that's where it goes.{PAGE}",Món này vào hộp bản đồ Đặc Biệt.{NL}Mua xong nó sẽ ở đó.{PAGE},revised,
2F3AD0,"This goes in a War Room case.{NL}If you buy it, that's where it goes.{PAGE}",Món này vào hộp Phòng Chiến.{NL}Mua xong nó sẽ ở đó.{PAGE},revised,
2F3B14,"This goes in a 3P Vs. case.{NL}If you buy it, that's where it goes.{PAGE}",Món này vào hộp Đấu 3 người.{NL}Mua xong nó sẽ ở đó.{PAGE},revised,
2F3B58,"This goes in a 4P Vs. case.{NL}If you buy it, that's where it goes.{PAGE}",Món này vào hộp Đấu 4 người.{NL}Mua xong nó sẽ ở đó.{PAGE},revised,
2F3B9C,"This goes in a Pre-Deployed case.{NL}If you buy it, that's where it goes.{PAGE}",Món này vào hộp Quân Có Sẵn.{NL}Mua xong nó sẽ ở đó.{PAGE},revised,
2F3BE4,This is a blank map! You{NL}can use it in Design Maps Mode!{PAGE},Đây là bản đồ trống! Bạn{NL}dùng nó trong chế độ Vẽ Bản Đồ!{PAGE},revised,
2F3C20,"After you buy this, try pressing{NL}and holding SELECT{PAGE}while starting a campaign.{PAGE}","Mua xong, thử nhấn và giữ{NL}nút SELECT{PAGE}khi bắt đầu Chiến Dịch.{PAGE}",revised,
2F3C70,Thanks for coming in!{NL}Don't forget your stuff.{0E}{0E}{0E},Cảm ơn bạn đã ghé!{NL}Nhớ mang đồ đã mua.{0E}{0E}{0E},revised,
2F3CA4,You don't have enough{NL}Advance Wars coins! You're{PAGE}not buying this from me.{PAGE},Bạn không đủ{NL}tiền Advance Wars! Bạn{PAGE}không mua được đâu.{PAGE},revised,
2F3CF0,"Well, how about something else?{PAGE}",Vậy mua thứ khác xem?{PAGE},revised,
2F3D14,Darn!{NL}I'm out of everything!{PAGE}I guess I'll close up{NL}shop for the day.{PAGE},Chà!{NL}Tôi bán hết hàng rồi!{PAGE}Chắc hôm nay tôi{NL}đóng cửa vậy.{PAGE},revised,
2F3D5C,Come back again!{0E}{0E},Hẹn gặp lại!{0E}{0E},approved,
2F3D70,Don't be discouraged!{0E}{0E},Đừng nản lòng!{0E}{0E},approved,
2F3D88,Good luck!{0E}{0E}{0C}Go take a bath!{0E}{0E}{0E}{0C}Be sure to wash your face!{0E}{0E},Chúc may mắn!{0E}{0E}{0C}Đi tắm đi!{0E}{0E}{0E}{0C}Nhớ rửa mặt sạch nhé!{0E}{0E},revised,
2F3DC8,Keep up the good work!{0E}{0E},Cứ cố gắng lên!{0E}{0E},approved,
2F3DE4,Do you want to save?{NL}{17},Bạn muốn lưu?{NL}{17},approved,
2F58A0,It's my turn!{NL}{14},Đến lượt tôi!{NL}{14},approved,
2F58B0,Here I go!{NL}{14},Đi đây!{NL}{14},approved,
2F58C0,Do I have the command?{NL}{14},Tôi chỉ huy sao?{NL}{14},approved,
2F58DC,"Orange Star forces?{PAGE}Here so soon?{PAGE}But, wait... something's{NL}not right here.{PAGE}Nell wouldn't leave Orange Star's{NL}capital city unguarded.{PAGE}Which means...{NL}A new commanding officer?{PAGE}Ha, ha, ha! Excellent!{PAGE}I've lost a few battles lately,{NL}but no more!{PAGE}An Orange Star Army without{NL}Nell is no match for me!{PAGE}Time to teach this raw recruit{NL}what war's all about!{PAGE}","Quân Orange Star sao?{PAGE}Đến sớm vậy à?{PAGE}Khoan... có gì đó{NL}không đúng.{PAGE}Nell không để thủ đô{NL}không ai canh giữ.{PAGE}Vậy nghĩa là...{NL}CO mới à?{PAGE}Ha ha ha! Hay lắm!{PAGE}Gần đây ta thua vài trận,{NL}nhưng thế là hết!{PAGE}Không có Nell, quân Orange Star{NL}không phải đối thủ của ta!{PAGE}Ta sẽ dạy tên lính mới kia{NL}chiến tranh là gì!{PAGE}",revised,
2F5A3C,"{0B}{NORMAL}I'm Andy!{NL}Pleased to meet you, {PLAYER}.{PAGE}","{0B}{NORMAL}Tôi là Andy!{NL}Rất vui gặp bạn, {PLAYER}.{PAGE}",approved,
2F5A64,Empty.{PAGE},Trống.{PAGE},approved,
2F5A6C,Empty.{PAGE},Trống.{PAGE},approved,
2F5A74,I win!,Thắng!,approved,
2F5A7C,Dummy.,Trống.,revised,
2F5A84,Dummy.,Trống.,revised,
2F5F4C,Grit! Grit!{NL}Where's Grit?{PAGE},Grit! Grit!{NL}Grit đâu rồi?{PAGE},revised,
2F5F68,"Easy there! I heard you the first{NL}time, O bearded one.{PAGE}","Từ từ! Tôi nghe thấy từ{NL}lần đầu rồi, ông râu rậm.{PAGE}",approved,
2F5FA0,Bearded one?{NL}Why you...{PAGE},Râu rậm à?{NL}Ngươi...{PAGE},revised,
2F5FBC,"A slip of the tongue. My{NL}apologies, commander.{PAGE}",Lỡ miệng thôi. Xin{NL}lỗi chỉ huy.{PAGE},revised,
2F5FEC,"Enough! Just get{NL}ready to move out! Now, listen.{PAGE}Orange Star forces have been{NL}deployed where I anticipated.{PAGE}Their commanding officer is an{NL}untested youngster, but he's{PAGE}not alone. He's working with an{NL}advisor, {PLAYER}.{PAGE}So don't let your guard down!{PAGE}Our contingent in the area has some{NL}indirect combat units for you to use.{PAGE}Now get going, Mr. Sharpshooter!{PAGE}","Đủ rồi! Chuẩn bị{NL}xuất phát! Nghe đấy.{PAGE}Quân Orange Star đã đến{NL}nơi ta dự đoán.{PAGE}Chỉ huy của chúng là thằng{NL}nhóc non tay, nhưng{PAGE}hắn có cố vấn{NL}{PLAYER} giúp sức.{PAGE}Nên đừng chủ quan!{PAGE}Quân ta ở đây có vài đơn vị{NL}bắn gián tiếp cho ngươi.{PAGE}Đi đi, ông thiện xạ!{PAGE}",revised,
2F614C,"What? You want me to go{NL}personally? Like, in person?{PAGE}",Gì? Ông muốn tôi tự{NL}đi sao? Đi thật à?{PAGE},approved,
2F6184,"Why you lazy, no-good... What do{NL}you think a commanding officer does?{PAGE}If you don't get moving...{PAGE}",Đồ lười biếng! Ngươi nghĩ{NL}CO phải làm gì?{PAGE}Còn không đi ngay...{PAGE},revised,
2F61E8,"All right. Keep your beard on. I don't{NL}much like the idea, but I'm going.{PAGE}",Được rồi. Đừng nổi giận.{NL}Tôi không thích nhưng sẽ đi.{PAGE},approved,
2F6234,"Gone at last...{PAGE}He's an impudent rogue, but he's also{NL}the best marksman I've ever seen.{PAGE}Those Orange Star fools will never{NL}know what hit them. Perfect!{PAGE}",Cuối cùng hắn cũng đi...{PAGE}Hắn xốc xược nhưng là tay{NL}thiện xạ giỏi nhất ta biết.{PAGE}Đám Orange Star sẽ không biết{NL}bị đánh từ đâu. Hoàn hảo!{PAGE},revised,
2F62E8,{0B}{NORMAL}Ok! Here I go!{PAGE},{0B}{NORMAL}Được! Đi đây!{PAGE},approved,
2F62FC,Empty.{PAGE},Trống.{PAGE},approved,
2F6304,Empty.{PAGE},Trống.{PAGE},approved,
2F630C,Stop calling me Junior!,Đừng gọi tôi là nhóc!,approved,
2F6324,Dummy.,Trống.,revised,
2F632C,Dummy.,Trống.,revised,
2F6904,"Hmmm... What have we here?{PAGE}Orange Star forces, if I'm not{NL}mistaken. And, of course, I never am.{PAGE}I had heard that the Blue Moon Army{NL}ruined them, but...{PAGE}","Hm... Ta thấy gì đấy?{PAGE}Quân Orange Star, nếu ta{NL}không nhầm. Ta chưa bao giờ nhầm.{PAGE}Nghe nói Blue Moon đã{NL}đánh tan họ, nhưng...{PAGE}",approved,
2F69A0,How interesting. I think I'll{NL}entertain them for a while.{PAGE},Thú vị đây. Ta sẽ chơi{NL}với họ một chút.{PAGE},approved,
2F69DC,{0B}{NORMAL}What's that?{PAGE},{0B}{NORMAL}Cái gì thế?{PAGE},approved,
2F69EC,Empty.{PAGE},Trống.{PAGE},approved,
2F69F4,Empty.{PAGE},Trống.{PAGE},approved,
2F69FC,Who in the world is that?,Người kia là ai vậy?,approved,
2F6A18,Dummy.,Trống.,revised,
2F6A20,Dummy.,Trống.,revised,
2F6EF8,Sorry to keep you waiting!{PAGE},Xin lỗi để mọi người đợi!{PAGE},revised,
2F6F14,Who are you?{PAGE},Anh là ai?{PAGE},approved,
2F6F24,"I'm Max, a CO in the{NL}Orange Star army.{PAGE}I was ordered to join you and{NL}{PLAYER}, so here I am.{PAGE}","Tôi là Max, CO của{NL}quân Orange Star.{PAGE}Tôi được lệnh đến hợp sức với{NL}bạn và {PLAYER}.{PAGE}",approved,
2F6F7C,"A new CO, huh? What's so special{NL}about you?{PAGE}",CO mới à? Anh có gì{NL}đặc biệt?{PAGE},revised,
2F6FAC,"You get right to the point,{NL}don't you, pal?{PAGE}I'm the king of direct combat. Need{NL}someone to mix it up? I'm the best!{PAGE}When I really get rolling, Max Force{NL}boosts my firepower even higher.{PAGE}","Cậu vào thẳng vấn đề{NL}thật đấy!{PAGE}Tôi là vua đánh trực diện.{NL}Cần đánh cận chiến? Gọi tôi!{PAGE}Khi dùng Max Force,{NL}hỏa lực tôi còn tăng nữa.{PAGE}",revised,
2F7068,Cool!{PAGE},Hay!{PAGE},revised,
2F7070,"I'm not saying I'm perfect, but{NL}why focus on the negative, right?{PAGE}Hey, {PLAYER}! It's time{NL}to choose a CO for the next battle.{PAGE}Use the + Control Pad to{NL}make your selection.{PAGE}","Tôi không hoàn hảo, nhưng{NL}nói điểm yếu làm gì?{PAGE}Này {PLAYER}! Đến lúc{NL}chọn CO cho trận tiếp rồi.{PAGE}Dùng phím điều hướng{NL}để chọn đi.{PAGE}",revised,
2F7118,Are you really clumsy?{PAGE},Anh vụng về thật à?{PAGE},revised,
2F7130,Yeah. That's pretty funny...{PAGE}Let's get on with it.{NL}Choose a CO for the next battle.{PAGE}Use the + Control Pad to{NL}make your selection.{PAGE},"Hạ, vui tính đấy...{PAGE}Thôi, tiếp tục.{NL}Chọn CO cho trận tới.{PAGE}Dùng phím điều hướng{NL}để chọn.{PAGE}",revised,
2F71B4,{0B}{NORMAL}I want to check{NL}this place out!{PAGE},{0B}{NORMAL}Tôi muốn xem{NL}nơi này!{PAGE},approved,
2F71D8,{0B}{NORMAL}This route looks tough!{PAGE},{0B}{NORMAL}Đường này có vẻ khó!{PAGE},approved,
2F71F4,Empty.{PAGE},Trống.{PAGE},approved,
2F71FC,Hooray!,Hoan hô,approved,
2F7204,That about wraps it up!,Vậy là xong rồi!,approved,
2F721C,Dummy.,Trống.,revised,
2F77C4,Hey! Junior!{PAGE},"Này, nhóc!{PAGE}",revised,
2F77D4,Stop calling me Junior!{PAGE},Đừng gọi tôi là nhóc!{PAGE},approved,
2F77F0,"You're just a regular{NL}fireball, ain't you?{PAGE}","Cậu nóng tính thật{NL}đấy, nhóc à?{PAGE}",revised,
2F781C,"By the way, how're you{NL}and Big Maxie getting along?{PAGE}",Mà cậu với{NL}Max to còn hòa thuận chứ?{PAGE},revised,
2F7854,Grit?{PAGE}In the Blue Moon Army?{PAGE},Grit?{PAGE}Ở quân Blue Moon sao?{PAGE},approved,
2F7874,"Yep. Things happen, you know.{PAGE}Blue Moon helped me out of some{NL}trouble, and I always pay my debts.{PAGE}But that's neither here nor{NL}there, big fella.{PAGE}You must be getting old if they've{NL}sent you out to test Junior here.{PAGE}","Phải. Đời có lúc thế mà.{PAGE}Blue Moon từng giúp ta, nên{NL}ta phải trả ơn.{PAGE}Nhưng thôi, bỏ việc đó{NL}qua một bên.{PAGE}Max, anh già rồi sao mà họ{NL}sai anh đi thử thằng nhóc?{PAGE}",revised,
2F794C,What? Why you...{PAGE},Gì? Cái tên...{PAGE},approved,
2F7960,"I tell you what, why don't I{NL}just lend you a hand testing him out?{PAGE}You boys survive the next five days{NL}and you'll know what he's made of.{PAGE}Think you can take me, old dog?{NL}Bring it on boys!{PAGE}","Để ta giúp anh{NL}kiểm tra nó nhé?{PAGE}Sống qua năm ngày tới,{NL}anh sẽ biết nó có tài không.{PAGE}Sao, ông già?{NL}Đến đây nào!{PAGE}",revised,
2F7A20,Empty.{PAGE},Trống.{PAGE},approved,
2F7A28,"{0B}{NORMAL}Grit,  you are one arrogant{NL}piece of work!{PAGE}","{0B}{NORMAL}Grit, anh thật là{NL}kẻ kiêu ngạo!{PAGE}",approved,
2F7A58,Empty.{PAGE},Trống.{PAGE},approved,
2F7A60,Whew! Squeaked that one out!,Phù! Suýt nữa thì thua!,revised,
2F7A80,That was close!,Gần thua rồi!,revised,
2F7A90,Dummy.,Trống.,revised,
2F8048,{PLAYER}! Everyone!{NL}Can you hear me?{PAGE},{PLAYER}! Mọi người!{NL}Nghe rõ không?{PAGE},approved,
2F8068,Nell? Is that you?{PAGE}What's wrong? You{NL}sound upset.{PAGE},Nell? Là chị?{PAGE}Sao vậy? Giọng chị{NL}căng thẳng quá.{PAGE},revised,
2F809C,There's no time to worry about me.{NL}Olaf's naval units are on the move!{PAGE}Blue Moon must not be allowed to{NL}regain its momentum!{PAGE}It's imperative that you hurry and{NL}secure as many bases as possible.{PAGE},Đừng lo cho chị.{NL}Hải quân Olaf đang di chuyển!{PAGE}Không thể để Blue Moon{NL}lấy lại khí thế!{PAGE}Hai em phải nhanh chiếm{NL}càng nhiều căn cứ càng tốt.{PAGE},approved,
2F8160,Got it!{PAGE}Let's get moving!{PAGE},Rõ rồi!{PAGE}Đi thôi!{PAGE},approved,
2F817C,I'll go!{PAGE},Để tôi!{PAGE},approved,
2F8188,I'll take care of this!{PAGE},Tôi lo vụ này!{PAGE},approved,
2F81A4,Empty.{PAGE},Trống.{PAGE},approved,
2F81AC,Keep this up and we'll drive{NL}Olaf outta here in no time!,Cứ đà này ta sẽ đuổi{NL}Olaf đi sớm thôi!,approved,
2F81E8,Darn! Olaf got away!,Olaf chạy mất rồi!,approved,
2F8200,Dummy.,Trống.,revised,
2F8748,I never dreamed that they could{NL}annihilate my navy... Who would've{PAGE}guessed? I badly{NL}underestimated them.{PAGE}Still... I'm not done yet!{PAGE}I still have my elite Sea Strike{NL}Force. They'll clear up this mess!{PAGE},Ta không ngờ chúng diệt được{NL}hải quân ta... Ai đoán được?{PAGE}Ta đã coi thường chúng.{NL}Quá sai lầm!{PAGE}Nhưng... chưa xong đâu!{PAGE}Ta vẫn có Quân Đánh Biển{NL}tinh nhuệ. Họ sẽ dọn dẹp!{PAGE},revised,
2F8814,"Sea Strike Force, huh?{PAGE}It seems smaller than the{NL}last naval group, but...{PAGE}","Quân Đánh Biển à?{PAGE}Xem ra ít hơn hạm đội{NL}lần trước, nhưng...{PAGE}",revised,
2F8860,Fight! Fight for him!{PAGE}This battle shall bring{NL}us victory!{PAGE},Đánh đi! Vì người ấy!{PAGE}Trận này sẽ mang{NL}chiến thắng!{PAGE},approved,
2F889C,...Hmm. Whatever.{PAGE},...Hm. Kệ vậy.{PAGE},revised,
2F88B0,{0B}{NORMAL}Is it my turn?{PAGE},{0B}{NORMAL}Lượt tôi à?{PAGE},revised,
2F88C4,{0B}{NORMAL}Olaf's got another think{NL}coming if he thinks he can beat me!{PAGE},{0B}{NORMAL}Olaf tưởng có thể thắng{NL}tôi thì nhầm to rồi!{PAGE},revised,
2F8904,Empty.{PAGE},Trống.{PAGE},approved,
2F890C,That was really cold.,Lạnh thật.,revised,
2F8924,That's that!,Xong rồi!,approved,
2F8934,Dummy.,Trống.,revised,
2F8E5C,Grit!{PAGE}Where is that fool?{PAGE},Grit!{PAGE}Tên ngốc kia đâu?{PAGE},revised,
2F8E78,I'm right here.{NL}What are you bellowing about now?{PAGE},Tôi đây.{NL}Ông la lối gì nữa thế?{PAGE},revised,
2F8EAC,"Bellowing?{NL}Let me tell you something, you...{PAGE}",La lối à?{NL}Ta sẽ nói cho ngươi...{PAGE},revised,
2F8EDC,"My apologies, exalted commander.{PAGE}I am at your service.{PAGE}","Xin lỗi, thưa chỉ huy.{PAGE}Tôi sẵn sàng phục vụ.{PAGE}",approved,
2F8F14,"That's better. You just remember{NL}your place. Now, listen closely.{PAGE}Those units we saw earlier have{NL}advanced further into our territory.{PAGE}This is your chance to redeem{NL}yourself. Do what needs to be done.{PAGE}",Thế mới được. Nhớ{NL}thân phận của ngươi. Nghe đây.{PAGE}Quân địch ta thấy trước đó{NL}đã vào sâu lãnh thổ ta.{PAGE}Đây là cơ hội chuộc lỗi.{NL}Hãy làm việc cần làm.{PAGE},revised,
2F8FE0,"Riiight. So, I should wait here and...{PAGE}",Được. Vậy tôi sẽ chờ ở đây...{PAGE},revised,
2F9008,Wait? What do you mean wait?{PAGE}{PLAYER}'s troops are...{PAGE},Chờ? Ngươi nói chờ?{PAGE}Quân của {PLAYER} đang...{PAGE},revised,
2F9038,"Oh, OK. Understood. If duty calls,{NL}your humble servant Grit'll answer!{PAGE}","À, hiểu rồi. Khi nhiệm vụ gọi,{NL}Grit khiêm tốn sẽ ra tay!{PAGE}",revised,
2F9080,"If I didn't know better, I might think{NL}you weren't taking this seriously.{PAGE}","Nếu không biết người, ta tưởng{NL}người đang xem nhẹ chuyện này.{PAGE}",approved,
2F90CC,{0B}{NORMAL}I can handle this!{PAGE},{0B}{NORMAL}Tôi lo được!{PAGE},approved,
2F90E4,{0B}{NORMAL}This'll be as easy{NL}as falling out of bed!{PAGE},{0B}{NORMAL}Dễ như trở bàn tay!{NL}Lo gì chứ!{PAGE},revised,
2F9114,Empty.{PAGE},Trống.{PAGE},approved,
2F911C,I did it! I won!,Ta thắng rồi!,approved,
2F9130,Chalk another one up for me!,Thêm một trận thắng nữa!,approved,
2F9150,Dummy.,Trống.,revised,
2F9718,Blast! We're running out{NL}of opportunities.{PAGE},Quái! Ta sắp hết{NL}cơ hội rồi.{PAGE},approved,
2F9744,I don't see the need to{NL}get so worked up.{PAGE}It's not like this was Blue Moon{NL}property to begin with.{PAGE},Tôi đâu thấy cần{NL}lo đến thế.{PAGE}Vùng này vốn đâu phải{NL}của Blue Moon.{PAGE},revised,
2F97A8,What did you say?{PAGE}After all my work{NL}and planning?{PAGE},Người nói gì?{PAGE}Sau mọi công sức{NL}ta bỏ ra sao?{PAGE},revised,
2F97DC,"It's common theft, man!{NL}Nothing more, nothing less.{PAGE}",Đó là ăn cắp đấy!{NL}Không hơn không kém.{PAGE},approved,
2F9814,"Why, you insolent little...{PAGE}",Cái tên hỗn xược...{PAGE},approved,
2F9834,"Whoa! Hold on chief! Don't you{NL}think it's time to move out?{PAGE}Like you said, the Orange Star{NL}troops are knocking on our door.{PAGE}",Khoan sếp! Đến lúc đi rồi{NL}phải không?{PAGE}Ông nói quân Orange Star{NL}sắp đến cửa rồi mà.{PAGE},revised,
2F98B4,"Grit!{PAGE}You're pushing your luck!{PAGE}Don't go anywhere, you understand?{PAGE}I'll deal with you when I get back.{PAGE}","Grit!{PAGE}Ngươi được đấy lắm!{PAGE}Đừng đi đâu, nghe chưa?{PAGE}Ta về sẽ tính sổ với ngươi.{PAGE}",revised,
2F991C,{0B}{NORMAL}Doesn't Olaf get cold{NL}when he makes it snow?{PAGE},{0B}{NORMAL}Olaf không thấy lạnh{NL}khi làm tuyết rơi sao?{PAGE},approved,
2F994C,{0B}{NORMAL}Let's take it to 'em!{PAGE},{0B}{NORMAL}Đánh chúng nào!{PAGE},revised,
2F9968,Empty.{PAGE},Trống.{PAGE},approved,
2F9970,That was cold.,Lạnh thật.,revised,
2F9980,Got 'em!,Trúng!,approved,
2F998C,Dummy.,Trống.,revised,
2F9F14,It looks like we'll be{NL}facing Grit next.{PAGE},Xem ra ta sẽ{NL}đấu Grit tiếp.{PAGE},approved,
2F9F40,Grit... Is he the guy who keeps{NL}calling me junior?{PAGE}Do you know him or something?{PAGE},Grit... anh hay gọi tôi{NL}là nhóc đó à?{PAGE}Anh quen anh ta sao?{PAGE},revised,
2F9F94,"Yeah, you could say that.{NL}He, Nell and I used to be friends.{PAGE}He was always a tough one to figure{NL}out, but this Blue Moon stuff...{PAGE}","Cũng có thể nói vậy.{NL}Anh, Nell và tôi từng là bạn.{PAGE}Anh ta khó hiểu, nhưng{NL}vụ Blue Moon này...{PAGE}",approved,
2FA018,"Nell knows him, too?{PAGE}Why is he working for Blue Moon?{PAGE}",Nell cũng quen anh ta?{PAGE}Sao anh ta theo Blue Moon?{PAGE},revised,
2FA050,That's something I'd like{NL}to ask him myself.{PAGE},Tôi cũng muốn hỏi{NL}chính anh ta.{PAGE},approved,
2FA080,"That's why you've got to{NL}let me face him, Andy!{PAGE}","Vậy nên để tôi{NL}đấu anh ta, Andy!{PAGE}",revised,
2FA0B4,We've got to be careful. There{NL}are a lot of reefs around here.{PAGE},Cẩn thận. Ở đây có{NL}nhiều bãi ngầm.{PAGE},revised,
2FA0F4,"You haven't listened to a{NL}word I've said, have you?{PAGE}","Em không nghe tôi nói{NL}gì hết, phải không?{PAGE}",approved,
2FA12C,{0B}{NORMAL}Max really wants to do this.{PAGE},{0B}{NORMAL}Max rất muốn tham chiến.{PAGE},approved,
2FA14C,{0B}{NORMAL}Let me take care of Grit!{PAGE},{0B}{NORMAL}Để tôi lo Grit!{PAGE},approved,
2FA16C,Empty.{PAGE},Trống.{PAGE},approved,
2FA174,"Boy, he was pretty tough.",Anh ta khá thật đấy.,approved,
2FA19C,Dummy.,Trống.,revised,
2FA6F4,"Sorry I'm late.{PAGE}Andy, Max... and{NL}special advisor...{PAGE}{PLAYER}, wasn't it?{PAGE}","Xin lỗi đến trễ.{PAGE}Andy, Max...{NL}cố vấn đặc biệt...{PAGE}{PLAYER}, phải không?{PAGE}",revised,
2FA738,Who are you?{PAGE},Cô là ai?{PAGE},revised,Trùng nguyên văn Anh–Việt với 2C0C84; đã đối chiếu.
2FA748,"My name is Sami.{PAGE}I'm the Special Forces commander.{PAGE}I was supposed to join you earlier,{NL}but my last mission ran long.{PAGE}Well, better late than never, right?{PAGE}I'm an infantry and{NL}mech unit specialist.{PAGE}My units can seize and secure new{NL}bases faster than any other CO's.{PAGE}My transport units are{NL}top of the line, too.{PAGE}Don't hesitate to deploy me{NL}and my troops as you see fit.{PAGE}","Tôi là Sami.{PAGE}Tôi chỉ huy lực lượng đặc nhiệm.{PAGE}Lẽ ra tôi đến sớm hơn,{NL}nhưng nhiệm vụ trước kéo dài.{PAGE}Muộn còn hơn không, nhỉ?{PAGE}Tôi giỏi dùng bộ binh{NL}và quân cơ giới.{PAGE}Quân tôi chiếm và giữ{NL}căn cứ nhanh hơn mọi CO.{PAGE}Đơn vị vận tải của tôi{NL}cũng thuộc hàng tốt nhất.{PAGE}Cứ điều tôi và quân của tôi{NL}theo ý bạn.{PAGE}",approved,
2FA8B8,I'm ready for action!{PAGE},Tôi sẵn sàng ra trận!{PAGE},approved,
2FA8D0,"Looking forward to working{NL}with you, Sami!{PAGE}","Rất mong được hợp tác{NL}với chị, Sami!{PAGE}",approved,
2FA8FC,That's the spirit!{PAGE},Tốt lắm!{PAGE},approved,
2FA910,"Oh, I've got some information, too.{PAGE}Word is that Olaf's forces{NL}are marching toward Yellow Comet.{PAGE}Let's go get 'em!{PAGE}...Wait a minute... who's that?{PAGE}","À, tôi còn có tin này.{PAGE}Quân Olaf đang tiến đến{NL}Yellow Comet.{PAGE}Ta đi chặn chúng!{PAGE}...Khoan... kia là ai?{PAGE}",revised,
2FA9A4,{0B}{NORMAL}Those troops... could it be?{PAGE},{0B}{NORMAL}Đám quân kia... có lẽ nào?{PAGE},approved,
2FA9C4,{0B}{NORMAL}It's that guy again!{PAGE},{0B}{NORMAL}Lại là hắn nữa!{PAGE},revised,
2FA9DC,{0B}{NORMAL}This terrain is made for me!{PAGE},{0B}{NORMAL}Địa hình này hợp với ta!{PAGE},approved,
2FA9FC,Eagle's troops are tough!,Quân Eagle mạnh thật!,approved,
2FAA18,I'm nobody's fool!,Đừng tưởng lừa được tôi!,revised,
2FAA2C,Now it's on to Yellow Comet!,Giờ đến Yellow Comet!,revised,
2FAFBC,"Hmm?{PAGE}Like a plague, here comes{NL}the Orange Star Army!{PAGE}Not content with their own lands,{NL}they've come to steal mine!{PAGE}Never, I say! Never!{PAGE}Kanbei's Imperial Forces shall{NL}drive them back!{PAGE}","Hm?{PAGE}Quân Orange Star lại{NL}kéo đến như dịch!{PAGE}Chiếm đất của mình chưa đủ,{NL}chúng còn đòi lấy đất ta!{PAGE}Không bao giờ!{PAGE}Quân Hoàng gia Kanbei sẽ{NL}đuổi lui chúng!{PAGE}",revised,
2FB078,"{0B}{NORMAL}I don't know what's going{NL}on, but I'll do my best.{PAGE}","{0B}{NORMAL}Không rõ chuyện gì,{NL}nhưng tôi sẽ cố gắng.{PAGE}",approved,
2FB0B0,"{0B}{NORMAL}Darn! I hadn't planned on crossing{NL}into Yellow Comet... Well, here goes.{PAGE}",{0B}{NORMAL}Chết thật! Tôi không tính vào{NL}Yellow Comet... Thôi đánh vậy.{PAGE},approved,
2FB0FC,"{0B}{NORMAL}If we could just negotiate...{NL}I think it's too late for that, though.{PAGE}",{0B}{NORMAL}Giả như ta đàm phán được...{NL}Nhưng chắc đã muộn.{PAGE},revised,
2FB148,Wow! They were good.,Chà! Họ giỏi thật.,revised,
2FB160,That was much too close.,Suýt thua rồi.,approved,
2FB17C,Whew! Kanbei's as tough as ever!,Phù! Kanbei quá mạnh!,revised,
2FB660,"What shall we do, Sonja?{PAGE}","Giờ làm gì, Sonja?{PAGE}",approved,
2FB67C,"Well, what are the current battle{NL}conditions, Father?{PAGE}","Tình hình trận đấu{NL}thế nào, thưa cha?{PAGE}",approved,
2FB6B4,What?{PAGE},Gì?{PAGE},approved,
2FB6BC,"I asked about the conditions, Father.{PAGE}",Con hỏi về tình hình trận đấu.{PAGE},approved,
2FB6F8,"Oh, Father. This is{NL}so typical of you.{PAGE}Gathering thorough intel is{NL}the key to victory!{PAGE}What were you planning to do{NL}without even basic information?{PAGE}",Ôi cha. Cha lại{NL}như mọi khi.{PAGE}Thu thập tin đầy đủ mới{NL}là chìa khóa chiến thắng!{PAGE}Chưa biết gì cả mà cha{NL}định làm gì?{PAGE},approved,
2FB790,"Basic information... well, yes...{PAGE}",Thông tin cơ bản... phải...{PAGE},approved,
2FB7B4,"Hopeless. Absolutely hopeless.{PAGE}I suppose I'll share my{NL}intel with you, Father.{PAGE}The enemy troops are deployed here.{PAGE}It doesn't appear to be{NL}a very large force.{PAGE}",Bó tay. Bó tay thật.{PAGE}Để con chia sẻ{NL}tin con có với cha.{PAGE}Quân địch đang ở đây.{PAGE}Xem ra quân số{NL}không đông lắm.{PAGE},revised,
2FB854,Is that so?{PAGE}Then I'll just crush them{NL}with superior numbers!{PAGE},Thế sao?{PAGE}Vậy ta dùng quân số đông{NL}nghiền nát chúng!{PAGE},revised,
2FB894,"Well, yes. You could do that.{PAGE}But first...{PAGE}",Cha có thể làm thế.{PAGE}Nhưng trước tiên...{PAGE},revised,
2FB8C0,It is decided! This time Kanbei{NL}will be showered with glory!{PAGE},Quyết vậy! Lần này Kanbei{NL}sẽ lập công lớn!{PAGE},approved,
2FB900,"Wait! Wait!{NL}Father!{PAGE}You've got to remember to deploy{NL}in an area with secure bases.{PAGE}If the enemy seizes them{NL}before you arrive...{PAGE}Father? He's gone. Oh, Father.{NL}What are you trying to prove?{PAGE}",Khoan! Khoan!{NL}Cha!{PAGE}Cha phải nhớ triển khai{NL}ở chỗ có căn cứ an toàn.{PAGE}Nếu địch chiếm trước khi{NL}cha tới thì...{PAGE}Cha? Đi rồi. Ôi cha ơi.{NL}Cha muốn chứng minh gì đấy?{PAGE},revised,
2FB9C0,{0B}{NORMAL}Kanbei's army is so cool!{PAGE},{0B}{NORMAL}Quân Kanbei ngầu thật!{PAGE},revised,
2FB9E0,{0B}{NORMAL}That Kanbei is one tough cookie!{PAGE},{0B}{NORMAL}Kanbei rất khó hạ!{PAGE},approved,
2FBA04,{0B}{NORMAL}We can't get careless.{PAGE},{0B}{NORMAL}Ta không được sơ suất.{PAGE},approved,
2FBA20,Now that was fun!,Vui thật đấy!,approved,
2FBA34,Kanbei's even stronger{NL}than I'd heard.,Kanbei mạnh hơn{NL}tôi từng nghe.,approved,
2FBA5C,This one belongs to me!,Trận này của tôi!,approved,
2FC0B4,"They're pretty good, aren't they?{NL}You can go on and on about their{PAGE}superior number of bases, but they{NL}really just outlasted you, Father.{PAGE}","Họ khá thật, phải không?{NL}Cha cứ đổ tại họ có{PAGE}nhiều căn cứ, nhưng họ{NL}chỉ cầm cự giỏi hơn cha.{PAGE}",revised,
2FC140,But Sonja...{PAGE},Nhưng con...{PAGE},revised,
2FC150,Father! Stop that whining!{PAGE}You're the Yellow Comet{NL}commander for goodness' sake!{PAGE},Cha! Đừng than van!{PAGE}Cha là chỉ huy Yellow Comet{NL}cơ mà!{PAGE},revised,
2FC1A4,"Yes, you're right... I am.{NL}What should I do?{PAGE}",Con nói đúng... cha là.{NL}Vậy cha nên làm gì?{PAGE},revised,
2FC1D4,"Well, first of all, we obviously need{NL}to match their number of bases.{PAGE}","Trước hết, ta cần có số căn cứ{NL}bằng họ.{PAGE}",approved,
2FC21C,"Of course!{NL}Kanbei must have bases, too!{PAGE}",Đúng!{NL}Kanbei cũng phải có căn cứ!{PAGE},approved,
2FC248,"Yes, but we also...{PAGE}","Đúng, nhưng...{PAGE}",approved,
2FC260,It is decided!{PAGE}Kanbei shall secure bases{NL}near the enemy!{PAGE},Quyết vậy!{PAGE}Kanbei sẽ chiếm căn cứ{NL}gần địch!{PAGE},revised,
2FC29C,Father? Ohhhh... gone again.{NL}Doesn't he realize that the proper{PAGE}location of bases is just as{NL}important as numbers?{PAGE},Cha? Ôi... lại đi rồi.{NL}Cha không biết vị trí{PAGE}căn cứ cũng quan trọng{NL}như số lượng sao?{PAGE},revised,
2FC310,{0B}{NORMAL}My units haven't lost yet!{PAGE},{0B}{NORMAL}Quân tôi chưa thua đâu!{PAGE},revised,
2FC330,{0B}{NORMAL}The front line is where{NL}I'll win this battle!{PAGE},{0B}{NORMAL}Tôi sẽ thắng ở{NL}tiền tuyến!{PAGE},approved,
2FC364,{0B}{NORMAL}This map calls for some{NL}strategic maneuvering.{PAGE},{0B}{NORMAL}Bản đồ này cần{NL}tính toán chiến lược.{PAGE},approved,
2FC398,I want to keep on battling!,Tôi muốn đánh tiếp!,approved,
2FC3B4,That was hard work!,Vất vả thật!,revised,
2FC3C8,I did it! I won!,Ta làm được!,approved,
2FC99C,"Father, you're impossible! Do you{NL}know why this keeps happening?{PAGE}You never let me finish{NL}what I'm trying to tell you!{PAGE}",Cha hết cách chưa! Cha biết{NL}sao cứ như vậy không?{PAGE}Cha chưa bao giờ để con{NL}nói hết câu!{PAGE},revised,
2FCA1C,"I will admit that your Imperial Forces{NL}don't generally lose, but...{PAGE}Let's just blame the enemy{NL}for being too strong this time.{PAGE}","Con thừa nhận quân Hoàng gia{NL}thường không thua, nhưng...{PAGE}Lần này cứ cho là địch{NL}quá mạnh đi.{PAGE}",revised,
2FCAA4,"This time, I'll take command.{PAGE}",Lần này con sẽ chỉ huy.{PAGE},revised,
2FCAC4,"Sonja! Kanbei will not allow his{NL}daughter to be placed in harm's way!{PAGE}Why, if the unthinkable were to{NL}happen...{PAGE}",Sonja! Kanbei không để{NL}con gái gặp nguy hiểm!{PAGE}Nếu điều xấu xảy ra{NL}thì sao...{PAGE},approved,
2FCB38,"Father, you hush! There's something{NL}I need to investigate.{PAGE}And, I need first-hand intel{NL}to formulate a strategy.{PAGE}",Cha im đi! Con cần{NL}điều tra một việc.{PAGE}Con cần tin tận mắt{NL}để lập chiến lược.{PAGE},revised,
2FCBBC,"Ok, Father, take it easy.{PAGE}How's this? At the first sign of{NL}danger, I'll retreat. Ok?{PAGE}","Được rồi cha, cứ yên tâm.{PAGE}Thế này nhé: Thấy nguy hiểm{NL}là con rút ngay. Được chứ?{PAGE}",revised,
2FCC14,You must promise to avoid{NL}unnecessary risks. Understood?{PAGE},Con phải hứa không làm{NL}việc mạo hiểm. Hiểu không?{PAGE},approved,
2FCC50,"Of course, Father.{PAGE}I'll be back.{PAGE}","Tất nhiên rồi, cha.{PAGE}Con sẽ về.{PAGE}",approved,
2FCC74,Dummy.{PAGE},Trống.{PAGE},revised,
2FCC7C,{0B}{NORMAL}Hey! Where is everybody?{PAGE},{0B}{NORMAL}Này! Mọi người đâu rồi?{PAGE},revised,
2FCC98,Dummy.{PAGE},Trống.{PAGE},revised,
2FCCA0,Dummy.,Trống.,revised,
2FCCB0,Dummy.,Trống.,revised,
2FD2C8,"{PLAYER}!{PAGE}I finally found you!{PAGE}Max! What are you doing sleeping?{PAGE}Wake up, you big lug!{PAGE}","{PLAYER}!{PAGE}Cuối cùng tôi tìm thấy bạn!{PAGE}Max! Sao anh ngủ thế?{PAGE}Dậy đi, đồ to con!{PAGE}",revised,
2FD31C,You're wasting your breath.{PAGE}I've seen to it that he'll be{NL}asleep for quite some time.{PAGE},Cô gọi cũng vô ích.{PAGE}Tôi đã làm anh ta ngủ{NL}một hồi lâu rồi.{PAGE},revised,
2FD374,"You... Sonja! I might've known!{NL}Splitting the three of us up... This{PAGE}was all part of your strategy,{NL}wasn't it!{PAGE}","Cô... Sonja! Tôi biết mà!{NL}Tách ba chúng tôi ra...{PAGE}Đó là kế hoạch của cô,{NL}phải không?{PAGE}",revised,
2FD3E4,"Of course. Brilliant deduction.{PAGE}I've got Andy secured in a{NL}nice, safe place, too.{PAGE}If you want him back, you{NL}just have to get past me.{PAGE}The first person to secure sixteen{NL}properties on this map wins.{PAGE}Got it? Good.{NL}Ready, set, go!{PAGE}","Tất nhiên. Đoán giỏi lắm.{PAGE}Andy cũng đang ở chỗ{NL}an toàn mà tôi sắp xếp.{PAGE}Muốn đưa cậu ấy về, bạn{NL}phải vượt qua tôi.{PAGE}Ai chiếm mười sáu nhà{NL}trước sẽ thắng.{PAGE}Hiểu chứ? Tốt.{NL}Bắt đầu!{PAGE}",revised,
2FD4CC,Hey! Come back here!{PAGE},Này! Quay lại!{PAGE},revised,
2FD4E4,Dummy.{PAGE},Trống.{PAGE},revised,
2FD4EC,Dummy.{PAGE},Trống.{PAGE},revised,
2FD4F4,{0B}{NORMAL}Sonja!{PAGE},{0B}{NORMAL}Sonja!{PAGE},approved,
2FD500,Dummy.,Trống.,revised,
2FD508,Dummy.,Trống.,revised,
2FD510,"Okay, now this is really starting{NL}to make me mad!",Giờ tôi nổi giận{NL}thật rồi đấy!,revised,
2FDA94,Andy! Are you okay?{PAGE},Andy! Em ổn không?{PAGE},revised,
2FDAB8,Andy!{PAGE},Andy!{PAGE},approved,
2FDAD8,Wake up!{PAGE},Dậy đi!{PAGE},revised,
2FDAE4,"Huh?{PAGE}Oh... morning, Sami.{PAGE}",Hả?{PAGE}À... chào Sami.{PAGE},revised,
2FDB00,"Unbelievable! Here I am, working my{NL}tail off, and you're sleeping!{PAGE}Why am I the only one who's{NL}taking these things seriously?{PAGE}Sonja's been leading us around by{NL}our noses like a bunch of sheep!{PAGE}Oooh...! She makes me so mad!{PAGE}Ever since we were classmates,{NL}she's been the Queen of Strategy.{PAGE}Now here I am, losing units left and{NL}right, and my allies are all sleeping!{PAGE}Get up and get moving, Andy!{NL}It's up to you. You've got to go!{PAGE}","Không tin nổi! Tôi{NL}vất vả mà em lại ngủ!{PAGE}Sao chỉ mình tôi là{NL}nghiêm túc chuyện này?{PAGE}Sonja dắt mũi chúng ta quay{NL}như đám cừu!{PAGE}Aaa...! Cô ta làm tôi điên!{PAGE}Từ hồi còn học chung,{NL}cô ta đã là nữ hoàng chiến lược.{PAGE}Giờ tôi mất quân liên tục,{NL}đồng đội lại ngủ ngon!{PAGE}Dậy và đi đi, Andy!{NL}Giờ đến lượt em!{PAGE}",revised,
2FDCAC,{0B}{NORMAL}Boy... Sami's scary when she's mad.{PAGE},{0B}{NORMAL}Sami lúc giận đáng sợ thật.{PAGE},revised,
2FDCD4,Dummy.{PAGE},Trống.{PAGE},revised,
2FDCDC,Dummy.{PAGE},Trống.{PAGE},revised,
2FDCE4,I'm glad I won... ,May mà thắng...,revised,
2FDCF8,Dummy.,Trống.,revised,
2FDD00,Dummy.,Trống.,revised,
2FE298,Blow ye winds o' the mornin'!{NL}Blow ye winds hi ho!{PAGE},Gió sớm thổi đi!{NL}Gió ơi cứ thổi!{PAGE},approved,
2FE2CC,Drake!{PAGE}What are you doing{NL}all the way out here?{PAGE}You've got to get into position!{PAGE},Drake!{PAGE}Anh làm gì{NL}ở xa thế?{PAGE}Vào vị trí ngay!{PAGE},revised,
2FE320,"Morning, Eagle.{PAGE}Wouldn't you rather just{NL}sit and bask in the sun a while?{PAGE}","Chào buổi sáng, Eagle.{PAGE}Anh không muốn ngồi{NL}tắm nắng một chút à?{PAGE}",revised,
2FE36C,Are you insane?{PAGE}The Orange Star Army{NL}is on the move!{PAGE},Anh điên sao?{PAGE}Quân Orange Star{NL}đang tiến đến!{PAGE},revised,
2FE3A4,"Oh, is that so?{PAGE}","À, vậy sao?{PAGE}",revised,
2FE3B8,"Is that so? Drake, are you...{PAGE}","Vậy sao? Drake, anh...{PAGE}",approved,
2FE3D8,Be cool - everything's under control.{NL}No need to rush.{PAGE}I've got everything set up.{PAGE},"Bình tĩnh, mọi việc ổn.{NL}Không cần vội.{PAGE}Tôi sắp xếp hết rồi.{PAGE}",revised,
2FE42C,"Now, doesn't this sun feel good?{PAGE}Oh...{PAGE}He's gone.{NL}Ah well. I guess I'd better get{PAGE}under way before Eagle gets his{NL}feathers any more ruffled.{PAGE}",Nắng đẹp thật nhỉ?{PAGE}Ồ...{PAGE}Anh ta đi rồi.{NL}Thôi thì tôi nên{PAGE}đi trước khi Eagle{NL}nổi giận thêm.{PAGE},revised,
2FE4BC,"Drake always finds some{NL}way to sidetrack me.{PAGE}He's absolutely peerless in naval{NL}combat, but sometimes I wonder...{PAGE}","Drake luôn làm ta{NL}xao nhãng.{PAGE}Hắn vô địch trên biển,{NL}nhưng đôi khi ta cũng lo...{PAGE}",revised,
2FE530,{0B}{NORMAL}This looks like the place for me!{PAGE},{0B}{NORMAL}Nơi này hợp với tôi!{PAGE},approved,
2FE558,{0B}{NORMAL}This is right up my alley!{PAGE},{0B}{NORMAL}Nơi này đúng sở trường!{PAGE},revised,
2FE578,{0B}{NORMAL}Hmm... this could be a{NL}tough nut to crack.{PAGE},{0B}{NORMAL}Hm... trận này sẽ{NL}khó đấy.{PAGE},revised,
2FE5A8,Love that fresh sea air!,Gió biển trong lành!,revised,
2FE5C4,That's what happens{NL}when you face me!,Đấu với tôi{NL}thì thế đó!,revised,
2FE5EC,That Tsunami should be{NL}against the rules!,Sóng Thần đó{NL}quá bất công!,revised,
2FEBF8,"By Neptune's beard,{NL}that was a rough battle!{PAGE}","Ôi trời biển,{NL}trận này khó thật!{PAGE}",approved,
2FEC28,"Come on, Drake!{PAGE}We'll be beaten again if{NL}you don't get moving!{PAGE}","Đi đi, Drake!{PAGE}Cứ đứng đó thì{NL}ta lại thua!{PAGE}",revised,
2FEC68,"Quit your jabbering and{NL}look around, Eagle.{PAGE}Only fools sail into uncharted{NL}waters blindfolded.{PAGE}","Đừng nói nữa, hãy{NL}nhìn quanh đi, Eagle.{PAGE}Chỉ kẻ ngốc mới mù quáng{NL}lao vào vùng biển lạ.{PAGE}",revised,
2FECC8,What are you talking ab...?{PAGE},Anh đang nói gì...?{PAGE},approved,
2FECE8,Orange Star did not{NL}attack Green Earth.{PAGE},Orange Star đâu có{NL}đánh Green Earth.{PAGE},revised,
2FED14,"But, we saw...{PAGE}",Nhưng ta...{PAGE},revised,
2FED24,We saw what we were meant to see!{NL}And this goes beyond the battles in{PAGE}Green Earth. This entire conflict has{NL}been orchestrated from the beginning.{PAGE},Ta chỉ thấy thứ họ muốn ta thấy!{NL}Chuyện này còn lớn hơn{PAGE}vụ Green Earth. Cả cuộc chiến{NL}đã bị sắp đặt từ đầu.{PAGE},approved,
2FEDB8,But how...{PAGE},Sao...{PAGE},approved,
2FEDC4,"Quiet! Now, if I'm right, we'll have to{NL}turn the tides on our mystery foe.{PAGE}The best way to test my theory{NL}is to battle Orange Star again.{PAGE}","Im! Nếu ta đúng, ta phải{NL}lật ngược thế cờ với kẻ bí ẩn.{PAGE}Cách thử giả thuyết tốt nhất{NL}là đánh Orange Star lần nữa.{PAGE}",approved,
2FEE50,You mean... that wasn't Andy?{PAGE},Ý anh... không phải Andy?{PAGE},revised,
2FEE70,{0B}{NORMAL}I'll take this route.{PAGE},{0B}{NORMAL}Tôi đi đường này.{PAGE},approved,
2FEE8C,{0B}{NORMAL}Send me this way.{PAGE},{0B}{NORMAL}Cho tôi qua đây.{PAGE},revised,
2FEEA4,"{0B}{NORMAL}If it's up to me, I'll go here.{PAGE}","{0B}{NORMAL}Để tôi chọn, tôi đi đây.{PAGE}",approved,
2FEEC8,Tough battles are the best!,Trận khó mới vui!,revised,
2FEEE4,That was pretty tight!,Suýt thua thật!,approved,
2FEEFC,I won... somehow.,Thắng rồi...,approved,
2FF4F0,"Aye, like I said, that's{NL}a rough opponent.{PAGE}Doesn't this old sea dog deserve{NL}some smooth sailing now and then?{PAGE}","Phải, tôi đã bảo địch{NL}khó chơi mà.{PAGE}Sói biển già như ta cũng{NL}đang được nghỉ chút chứ?{PAGE}",revised,
2FF560,Drake! Listen...{PAGE}About our earlier conversation...{PAGE},Drake! Nghe này...{PAGE}Về điều ta nói lúc trước...{PAGE},approved,
2FF594,"Ahoy there, Eagle.{PAGE}It's time for you to test the waters.{PAGE}Battle Orange Star yourself and see{NL}if my theory holds any water.{PAGE}",Chào Eagle.{PAGE}Đến lúc anh tự thử rồi.{PAGE}Tự đánh Orange Star xem{NL}giả thuyết của tôi đúng không.{PAGE},revised,
2FF610,I think you're right.{PAGE},Tôi nghĩ anh đúng.{PAGE},revised,
2FF628,{0B}{NORMAL}Eagle? Let me take him!{PAGE},{0B}{NORMAL}Eagle à? Để tôi lo!{PAGE},revised,
2FF644,{0B}{NORMAL}I'm always ready to go!{PAGE},{0B}{NORMAL}Tôi luôn sẵn sàng!{PAGE},approved,
2FF660,{0B}{NORMAL}I've got to get the job{NL}done this time!{PAGE},{0B}{NORMAL}Lần này tôi phải{NL}làm xong việc!{PAGE},approved,
2FF68C,It wasn't me! I swear!,Không phải tôi! Thề!,revised,
2FF6A4,I'm still good to go!,Tôi vẫn làm được!,approved,
2FF6BC,"He's not such a bad guy...{NL}But, boy, is he stubborn.",Anh ta không tệ...{NL}Nhưng cố chấp thật đấy.,revised,
2FFC34,"I saw his face! That{NL}had to be Andy, but...{PAGE}","Ta thấy mặt hắn! Phải{NL}là Andy, nhưng...{PAGE}",approved,
2FFC64,"Hello, Eagle.{PAGE}",Chào Eagle.{PAGE},approved,
2FFC74,You... you're Sonja from{NL}Yellow Comet.{PAGE}What are you doing here?{PAGE},Cô... Sonja của{NL}Yellow Comet.{PAGE}Cô làm gì ở đây?{PAGE},approved,
2FFCB8,It wasn't Andy who attacked you.{NL}It was someone else.{PAGE},Andy không tấn công anh.{NL}Đó là người khác.{PAGE},approved,
2FFCF0,Do you know something{NL}about all of this?{PAGE},Có biết gì về{NL}mọi chuyện này?{PAGE},approved,
2FFD1C,"Yes, I do.{PAGE}I'll tell you who's pulling all of{NL}our strings if you'll follow me.{PAGE}","Có.{PAGE}Đi theo tôi, tôi sẽ nói ai{NL}đang giật dây chúng ta.{PAGE}",revised,
2FFD78,I know what you're worried about.{NL}Go ahead and go with her.{PAGE},Tôi biết anh lo gì.{NL}Cứ đi theo cô ấy đi.{PAGE},revised,
2FFDB8,Are you sure it's OK?{PAGE},Anh chắc không sao?{PAGE},approved,
2FFDD0,"I'll take care of Green Earth{NL}for you, don't worry.{PAGE}That's what shipmates{NL}are for, right?{PAGE}","Tôi sẽ lo Green Earth{NL}cho anh, đừng lo.{PAGE}Bạn đồng đội thì phải{NL}giúp nhau chứ?{PAGE}",approved,
2FFE2C,"You have my gratitude, Drake.{PAGE}","Cảm ơn anh, Drake.{PAGE}",approved,
2FFE4C,"I like the idea of getting a closer{NL}look at the Orange Star Army.{PAGE}I'll meet you again later.{PAGE}Watch yourself, Eagle!{PAGE}","Tôi muốn xem kỹ hơn{NL}quân Orange Star.{PAGE}Lát nữa ta gặp lại.{PAGE}Cẩn thận nhé, Eagle!{PAGE}",revised,
2FFEC4,{0B}{NORMAL}I really like battling Drake!{PAGE},{0B}{NORMAL}Tôi thích đánh Drake!{PAGE},approved,
2FFEE8,"{0B}{NORMAL}Yeah, I'll take care of this!{PAGE}",{0B}{NORMAL}Để tôi lo việc này!{PAGE},approved,
2FFF0C,{0B}{NORMAL}That Tsunami's so annoying!{PAGE},{0B}{NORMAL}Sóng Thần phiền quá!{PAGE},revised,
2FFF2C,Yahoo! Here I go!,Hay! Tôi đi đây!,revised,
2FFF40,All right!,Được!,approved,
2FFF4C,So that's the reason... ,Ra đó là lý do...,approved,
3005A8,Blow ye winds 'o the mornin'{NL}Blow ye winds hi ho!{PAGE},Gió sớm thổi đi!{NL}Gió ơi cứ thổi!{PAGE},approved,
3005DC,Drake!{PAGE}What are you doing{NL}all the way out here?{PAGE}You've got to get into position!{PAGE},Drake!{PAGE}Anh làm gì{NL}ở xa thế?{PAGE}Vào vị trí ngay!{PAGE},revised,
300630,"Morning, Eagle.{PAGE}Wouldn't you rather just{NL}sit and bask in the sun a while?{PAGE}","Chào buổi sáng, Eagle.{PAGE}Anh không muốn ngồi{NL}tắm nắng một chút à?{PAGE}",revised,
30067C,Are you insane?{PAGE}The Orange Star Army{NL}is on the move!{PAGE},Anh điên sao?{PAGE}Quân Orange Star{NL}đang tiến đến!{PAGE},revised,
3006B4,"Oh, is that so?{PAGE}","À, vậy sao?{PAGE}",revised,
3006C8,"Is that so? Drake, are you...{PAGE}","Vậy sao? Drake, anh...{PAGE}",approved,
3006E8,"Be cool - everything's under control.{NL}There's no need to rush.{PAGE}I've got everything set up.{PAGE}Now, doesn't this sun feel good?{PAGE}Oh...{PAGE}He's gone.{NL}Ah well, I guess I'd better get{PAGE}under way before Eagle gets his{NL}feathers any more ruffled.{PAGE}","Bình tĩnh, mọi việc đã ổn.{NL}Không cần vội.{PAGE}Tôi đã sắp xếp hết.{PAGE}Nắng hôm nay đẹp nhỉ?{PAGE}À...{PAGE}Anh ta đi rồi.{NL}Thôi, tôi nên{PAGE}đi trước khi Eagle{NL}nổi giận thêm.{PAGE}",revised,
3007D4,"Drake always finds some{NL}way to sidetrack me.{PAGE}He's absolutely peerless in naval{NL}combat, but sometimes I wonder...{PAGE}","Drake luôn làm ta{NL}xao nhãng.{PAGE}Hắn vô địch trên biển,{NL}nhưng đôi khi ta cũng lo...{PAGE}",revised,
300848,{0B}{NORMAL}Check out this sea!{NL}It makes me feel so alive!{PAGE},{0B}{NORMAL}Nhìn biển kia!{NL}Tôi thấy mình sống lại!{PAGE},approved,
30087C,{0B}{NORMAL}Aaahhh... Sorry about sleeping{NL}so long. I'm ready to go now.{PAGE},{0B}{NORMAL}A... Xin lỗi đã ngủ{NL}lâu. Giờ tôi sẵn sàng.{PAGE},revised,
3008BC,{0B}{NORMAL}Leave this one to me!{PAGE},{0B}{NORMAL}Để tôi lo vụ này!{PAGE},approved,
3008D8,Love that fresh sea air!,Gió biển trong lành!,revised,
3008F4,That's what happens{NL}when you face me!,Đấu với tôi{NL}thì thế đó!,revised,
30091C,That Tsunami should be{NL}against the rules!,Sóng Thần đó{NL}quá bất công!,revised,
300EE8,"By Neptune's beard,{NL}that was a rough battle!{PAGE}","Ôi trời biển,{NL}trận này khó thật!{PAGE}",approved,
300F18,"Come on, Drake!{PAGE}We'll be beaten again if{NL}you don't get moving!{PAGE}","Đi đi, Drake!{PAGE}Cứ đứng đó thì{NL}ta lại thua!{PAGE}",revised,
300F58,"Quit your jabbering and{NL}look around, Eagle.{PAGE}Only fools sail into uncharted{NL}waters blindfolded.{PAGE}","Đừng nói nữa, hãy{NL}nhìn quanh đi, Eagle.{PAGE}Chỉ kẻ ngốc mới mù quáng{NL}lao vào vùng biển lạ.{PAGE}",revised,Trùng nguyên văn Anh–Việt với 2FEC68; đã đối chiếu.
300FB8,What are you talking ab...?{PAGE},Anh đang nói gì...?{PAGE},approved,Trùng nguyên văn Anh–Việt với 2FECC8; đã đối chiếu.
300FD8,Orange Star did not{NL}attack Green Earth.{PAGE},Orange Star đâu có{NL}đánh Green Earth.{PAGE},revised,Trùng nguyên văn Anh–Việt với 2FECE8; đã đối chiếu.
301004,"But, we saw...{PAGE}",Nhưng ta...{PAGE},revised,Trùng nguyên văn Anh–Việt với 2FED14; đã đối chiếu.
301014,We saw what we were meant to see!{NL}And this goes beyond the battles in{PAGE}Green Earth. This entire conflict has{NL}been orchestrated from the beginning.{PAGE},Ta chỉ thấy thứ họ muốn ta thấy!{NL}Chuyện này còn lớn hơn{PAGE}vụ Green Earth. Cả cuộc chiến{NL}đã bị sắp đặt từ đầu.{PAGE},approved,Trùng nguyên văn Anh–Việt với 2FED24; đã đối chiếu.
3010A8,But how...{PAGE},Sao...{PAGE},approved,Trùng nguyên văn Anh–Việt với 2FEDB8; đã đối chiếu.
3010B4,"Quiet! Now, if I'm right, we'll have to{NL}turn the tides on our mystery foe.{PAGE}The best way to test my theory{NL}is to battle Orange Star again.{PAGE}","Im! Nếu ta đúng, ta phải{NL}lật ngược thế cờ với kẻ bí ẩn.{PAGE}Cách thử giả thuyết tốt nhất{NL}là đánh Orange Star lần nữa.{PAGE}",approved,Trùng nguyên văn Anh–Việt với 2FEDC4; đã đối chiếu.
301140,You mean... that wasn't Andy?{PAGE},Ý anh... không phải Andy?{PAGE},revised,Trùng nguyên văn Anh–Việt với 2FEE50; đã đối chiếu.
301160,"{0B}{NORMAL}Hey, it's Drake!{NL}I'm looking forward to this!{PAGE}",{0B}{NORMAL}Drake kia!{NL}Trận này chắc vui!{PAGE},approved,
301194,{0B}{NORMAL}Have to pay attention{NL}to those naval units.{PAGE},{0B}{NORMAL}Phải coi chừng{NL}đám hải quân đó.{PAGE},revised,
3011C4,{0B}{NORMAL}Drake...? What's going on?{PAGE},{0B}{NORMAL}Drake...? Sao vậy?{PAGE},approved,
3011E4,Tough battles are the best!,Trận khó mới vui!,revised,Trùng nguyên văn Anh–Việt với 2FEEC8; đã đối chiếu.
301200,That was pretty tight!,Suýt thua thật!,approved,Trùng nguyên văn Anh–Việt với 2FEEE4; đã đối chiếu.
301218,I won... somehow.,Thắng rồi...,approved,Trùng nguyên văn Anh–Việt với 2FEEFC; đã đối chiếu.
30180C,"Aye, like I said, that's{NL}a rough opponent.{PAGE}Doesn't this old sea dog deserve{NL}some smooth sailing now and then?{PAGE}","Phải, tôi đã bảo địch{NL}khó chơi mà.{PAGE}Sói biển già như ta cũng{NL}đang được nghỉ chút chứ?{PAGE}",revised,Trùng nguyên văn Anh–Việt với 2FF4F0; đã đối chiếu.
30187C,Drake! Listen...{PAGE}About our earlier conversation...{PAGE},Drake! Nghe này...{PAGE}Về điều ta nói lúc trước...{PAGE},approved,Trùng nguyên văn Anh–Việt với 2FF560; đã đối chiếu.
3018B0,"Ahoy there, Eagle.{PAGE}It's time for you to test the waters.{PAGE}Battle Orange Star yourself and see{NL}if my theory holds any water.{PAGE}",Chào Eagle.{PAGE}Đến lúc anh tự thử rồi.{PAGE}Tự đánh Orange Star xem{NL}giả thuyết của tôi đúng không.{PAGE},revised,Trùng nguyên văn Anh–Việt với 2FF594; đã đối chiếu.
30192C,I think you're right.{PAGE},Tôi nghĩ anh đúng.{PAGE},revised,Trùng nguyên văn Anh–Việt với 2FF610; đã đối chiếu.
301944,{0B}{NORMAL}Eagle? Let me take him!{PAGE},{0B}{NORMAL}Eagle à? Để tôi lo!{PAGE},revised,Trùng nguyên văn Anh–Việt với 2FF628; đã đối chiếu.
301960,{0B}{NORMAL}I'm always ready to go!{PAGE},{0B}{NORMAL}Tôi luôn sẵn sàng!{PAGE},approved,Trùng nguyên văn Anh–Việt với 2FF644; đã đối chiếu.
30197C,{0B}{NORMAL}I've got to get the job{NL}done this time!{PAGE},{0B}{NORMAL}Lần này tôi phải{NL}làm xong việc!{PAGE},approved,Trùng nguyên văn Anh–Việt với 2FF660; đã đối chiếu.
3019A8,"Yeah, I'm right here... ","Phải, tôi ở đây...",approved,
3019C4,I'm still good to go!,Tôi vẫn làm được!,approved,Trùng nguyên văn Anh–Việt với 2FF6A4; đã đối chiếu.
3019DC,"He's not such a bad guy...{NL}But, boy, is he stubborn.",Anh ta không tệ...{NL}Nhưng cố chấp thật đấy.,revised,Trùng nguyên văn Anh–Việt với 2FF6BC; đã đối chiếu.
301F54,"I saw his face! That{NL}had to be Andy, but...{PAGE}","Ta thấy mặt hắn! Phải{NL}là Andy, nhưng...{PAGE}",approved,Trùng nguyên văn Anh–Việt với 2FFC34; đã đối chiếu.
301F84,"Hello, Eagle.{PAGE}",Chào Eagle.{PAGE},approved,Trùng nguyên văn Anh–Việt với 2FFC64; đã đối chiếu.
301F94,You... you're Sonja from{NL}Yellow Comet.{PAGE}What are you doing here?{PAGE},Cô... Sonja của{NL}Yellow Comet.{PAGE}Cô làm gì ở đây?{PAGE},approved,Trùng nguyên văn Anh–Việt với 2FFC74; đã đối chiếu.
301FD8,It wasn't Andy who attacked you.{NL}It was someone else.{PAGE},Andy không tấn công anh.{NL}Đó là người khác.{PAGE},approved,Trùng nguyên văn Anh–Việt với 2FFCB8; đã đối chiếu.
302010,Do you know something{NL}about all of this?{PAGE},Có biết gì về{NL}mọi chuyện này?{PAGE},approved,Trùng nguyên văn Anh–Việt với 2FFCF0; đã đối chiếu.
30203C,"Yes, I do.{PAGE}I'll tell you who's pulling all of{NL}our strings if you'll follow me.{PAGE}","Có.{PAGE}Đi theo tôi, tôi sẽ nói ai{NL}đang giật dây chúng ta.{PAGE}",revised,Trùng nguyên văn Anh–Việt với 2FFD1C; đã đối chiếu.
302098,I know what you're worried about.{NL}Go ahead and go with her.{PAGE},Tôi biết anh lo gì.{NL}Cứ đi theo cô ấy đi.{PAGE},revised,Trùng nguyên văn Anh–Việt với 2FFD78; đã đối chiếu.
3020D8,Are you sure it's OK?{PAGE},Anh chắc không sao?{PAGE},approved,Trùng nguyên văn Anh–Việt với 2FFDB8; đã đối chiếu.
3020F0,"I'll take care of Green Earth{NL}for you, don't worry.{PAGE}That's what shipmates{NL}are for, right?{PAGE}","Tôi sẽ lo Green Earth{NL}cho anh, đừng lo.{PAGE}Bạn đồng đội thì phải{NL}giúp nhau chứ?{PAGE}",approved,Trùng nguyên văn Anh–Việt với 2FFDD0; đã đối chiếu.
30214C,"You have my gratitude, Drake.{PAGE}","Cảm ơn anh, Drake.{PAGE}",approved,Trùng nguyên văn Anh–Việt với 2FFE2C; đã đối chiếu.
30216C,"I like the idea of getting a closer{NL}look at the Orange Star Army.{PAGE}I'll meet you again later.{PAGE}Watch yourself, Eagle!{PAGE}","Tôi muốn xem kỹ hơn{NL}quân Orange Star.{PAGE}Lát nữa ta gặp lại.{PAGE}Cẩn thận nhé, Eagle!{PAGE}",revised,Trùng nguyên văn Anh–Việt với 2FFE4C; đã đối chiếu.
3021E4,{0B}{NORMAL}I really like battling Drake!{PAGE},{0B}{NORMAL}Tôi thích đánh Drake!{PAGE},approved,Trùng nguyên văn Anh–Việt với 2FFEC4; đã đối chiếu.
302208,"{0B}{NORMAL}Yeah, I'll take care of this!{PAGE}",{0B}{NORMAL}Để tôi lo việc này!{PAGE},approved,Trùng nguyên văn Anh–Việt với 2FFEE8; đã đối chiếu.
30222C,{0B}{NORMAL}That Tsunami's so annoying!{PAGE},{0B}{NORMAL}Sóng Thần phiền quá!{PAGE},revised,Trùng nguyên văn Anh–Việt với 2FFF0C; đã đối chiếu.
30224C,Yahoo! Here I go!,Hay! Tôi đi đây!,revised,Trùng nguyên văn Anh–Việt với 2FFF2C; đã đối chiếu.
302260,All right!,Được!,approved,Trùng nguyên văn Anh–Việt với 2FFF40; đã đối chiếu.
30226C,So that's the reason... ,Ra đó là lý do...,approved,Trùng nguyên văn Anh–Việt với 2FFF4C; đã đối chiếu.
3028A8,Blow ye winds 'o the mornin'{NL}Blow ye winds hi ho!{PAGE},Gió sớm thổi đi!{NL}Gió ơi cứ thổi!{PAGE},approved,Trùng nguyên văn Anh–Việt với 3005A8; đã đối chiếu.
3028DC,Drake!{PAGE}What are you doing{NL}all the way out here?{PAGE}You've got to get into position!{PAGE},Drake!{PAGE}Anh làm gì{NL}ở xa thế?{PAGE}Vào vị trí ngay!{PAGE},revised,Trùng nguyên văn Anh–Việt với 2FE2CC; đã đối chiếu.
302930,"Morning, Eagle.{PAGE}Wouldn't you rather just{NL}sit and bask in the sun a while?{PAGE}","Chào buổi sáng, Eagle.{PAGE}Anh không muốn ngồi{NL}tắm nắng một chút à?{PAGE}",revised,Trùng nguyên văn Anh–Việt với 2FE320; đã đối chiếu.
30297C,Are you insane?{PAGE}The Orange Star Army{NL}is on the move!{PAGE},Anh điên sao?{PAGE}Quân Orange Star{NL}đang tiến đến!{PAGE},revised,Trùng nguyên văn Anh–Việt với 2FE36C; đã đối chiếu.
3029B4,"Oh, is that so?{PAGE}","À, vậy sao?{PAGE}",revised,Trùng nguyên văn Anh–Việt với 2FE3A4; đã đối chiếu.
3029C8,"Is that so? Drake, are you...{PAGE}","Vậy sao? Drake, anh...{PAGE}",approved,Trùng nguyên văn Anh–Việt với 2FE3B8; đã đối chiếu.
3029E8,"Be cool - everything's under control.{NL}There's no need to rush.{PAGE}I've got everything set up.{PAGE}Now, doesn't this sun feel good?{PAGE}Oh...{PAGE}He's gone.{NL}Ah well, I guess I'd better get{PAGE}under way before Eagle gets his{NL}feathers any more ruffled.{PAGE}","Bình tĩnh, mọi việc đã ổn.{NL}Không cần vội.{PAGE}Tôi đã sắp xếp hết.{PAGE}Nắng hôm nay đẹp nhỉ?{PAGE}À...{PAGE}Anh ta đi rồi.{NL}Thôi, tôi nên{PAGE}đi trước khi Eagle{NL}nổi giận thêm.{PAGE}",revised,Trùng nguyên văn Anh–Việt với 3006E8; đã đối chiếu.
302AD4,"Drake always finds some{NL}way to sidetrack me.{PAGE}He's absolutely peerless in naval{NL}combat, but sometimes I wonder...{PAGE}","Drake luôn làm ta{NL}xao nhãng.{PAGE}Hắn vô địch trên biển,{NL}nhưng đôi khi ta cũng lo...{PAGE}",revised,Trùng nguyên văn Anh–Việt với 2FE4BC; đã đối chiếu.
302B48,{0B}{NORMAL}Check out this sea!{NL}It makes me feel so alive!{PAGE},{0B}{NORMAL}Nhìn biển kia!{NL}Tôi thấy mình sống lại!{PAGE},approved,Trùng nguyên văn Anh–Việt với 300848; đã đối chiếu.
302B7C,{0B}{NORMAL}Aaahhh... Sorry about sleeping{NL}so long. I'm ready to go now.{PAGE},{0B}{NORMAL}A... Xin lỗi đã ngủ{NL}lâu. Giờ tôi sẵn sàng.{PAGE},revised,Trùng nguyên văn Anh–Việt với 30087C; đã đối chiếu.
302BBC,{0B}{NORMAL}Leave this one to me!{PAGE},{0B}{NORMAL}Để tôi lo vụ này!{PAGE},approved,Trùng nguyên văn Anh–Việt với 3008BC; đã đối chiếu.
302BD8,Love that fresh sea air!,Gió biển trong lành!,revised,Trùng nguyên văn Anh–Việt với 2FE5A8; đã đối chiếu.
302BF4,That's what happens{NL}when you face me!,Đấu với tôi{NL}thì thế đó!,revised,Trùng nguyên văn Anh–Việt với 2FE5C4; đã đối chiếu.
302C1C,That Tsunami should be{NL}against the rules!,Sóng Thần đó{NL}quá bất công!,revised,Trùng nguyên văn Anh–Việt với 2FE5EC; đã đối chiếu.
3031E8,"By Neptune's beard,{NL}that was a rough battle!{PAGE}","Ôi trời biển,{NL}trận này khó thật!{PAGE}",approved,Trùng nguyên văn Anh–Việt với 2FEBF8; đã đối chiếu.
303218,"Come on, Drake!{PAGE}We'll be beaten again if{NL}you don't get moving!{PAGE}","Đi đi, Drake!{PAGE}Cứ đứng đó thì{NL}ta lại thua!{PAGE}",revised,Trùng nguyên văn Anh–Việt với 2FEC28; đã đối chiếu.
303258,"Quit your jabbering and{NL}look around, Eagle.{PAGE}Only fools sail into uncharted{NL}waters blindfolded.{PAGE}","Đừng nói nữa, hãy{NL}nhìn quanh đi, Eagle.{PAGE}Chỉ kẻ ngốc mới mù quáng{NL}lao vào vùng biển lạ.{PAGE}",revised,Trùng nguyên văn Anh–Việt với 2FEC68; đã đối chiếu.
3032B8,What are you talking ab...?{PAGE},Anh đang nói gì...?{PAGE},approved,Trùng nguyên văn Anh–Việt với 2FECC8; đã đối chiếu.
3032D8,Orange Star did not{NL}attack Green Earth.{PAGE},Orange Star đâu có{NL}đánh Green Earth.{PAGE},revised,Trùng nguyên văn Anh–Việt với 2FECE8; đã đối chiếu.
303304,"But, we saw...{PAGE}",Nhưng ta...{PAGE},revised,Trùng nguyên văn Anh–Việt với 2FED14; đã đối chiếu.
303314,We saw what we were meant to see!{NL}And this goes beyond the battles in{PAGE}Green Earth. This entire conflict has{NL}been orchestrated from the beginning.{PAGE},Ta chỉ thấy thứ họ muốn ta thấy!{NL}Chuyện này còn lớn hơn{PAGE}vụ Green Earth. Cả cuộc chiến{NL}đã bị sắp đặt từ đầu.{PAGE},approved,Trùng nguyên văn Anh–Việt với 2FED24; đã đối chiếu.
3033A8,But how...{PAGE},Sao...{PAGE},approved,Trùng nguyên văn Anh–Việt với 2FEDB8; đã đối chiếu.
3033B4,"Quiet! Now, if I'm right, we'll have to{NL}turn the tides on our mystery foe.{PAGE}The best way to test my theory{NL}is to battle Orange Star again.{PAGE}","Im! Nếu ta đúng, ta phải{NL}lật ngược thế cờ với kẻ bí ẩn.{PAGE}Cách thử giả thuyết tốt nhất{NL}là đánh Orange Star lần nữa.{PAGE}",approved,Trùng nguyên văn Anh–Việt với 2FEDC4; đã đối chiếu.
303440,You mean... that wasn't Andy?{PAGE},Ý anh... không phải Andy?{PAGE},revised,Trùng nguyên văn Anh–Việt với 2FEE50; đã đối chiếu.
303460,"{0B}{NORMAL}Hey, it's Drake!{NL}I'm looking forward to this!{PAGE}",{0B}{NORMAL}Drake kia!{NL}Trận này chắc vui!{PAGE},approved,
303494,{0B}{NORMAL}Have to pay attention{NL}to those naval units.{PAGE},{0B}{NORMAL}Phải coi chừng{NL}đám hải quân đó.{PAGE},revised,
3034C4,{0B}{NORMAL}Drake...? What's going on?{PAGE},{0B}{NORMAL}Drake...? Sao vậy?{PAGE},approved,
3034E4,Tough battles are the best!,Trận khó mới vui!,revised,Trùng nguyên văn Anh–Việt với 2FEEC8; đã đối chiếu.
303500,That was pretty tight!,Suýt thua thật!,approved,Trùng nguyên văn Anh–Việt với 2FEEE4; đã đối chiếu.
303518,I won... somehow.,Thắng rồi...,approved,Trùng nguyên văn Anh–Việt với 2FEEFC; đã đối chiếu.
303B0C,"Aye, like I said, that's{NL}a rough opponent.{PAGE}Doesn't this old sea dog deserve{NL}some smooth sailing now and then?{PAGE}","Phải, tôi đã bảo địch{NL}khó chơi mà.{PAGE}Sói biển già như ta cũng{NL}đang được nghỉ chút chứ?{PAGE}",revised,Trùng nguyên văn Anh–Việt với 2FF4F0; đã đối chiếu.
303B7C,Drake! Listen...{PAGE}About our earlier conversation...{PAGE},Drake! Nghe này...{PAGE}Về điều ta nói lúc trước...{PAGE},approved,Trùng nguyên văn Anh–Việt với 2FF560; đã đối chiếu.
303BB0,"Ahoy there, Eagle.{PAGE}It's time for you to test the waters.{PAGE}Battle Orange Star yourself and see{NL}if my theory holds any water.{PAGE}",Chào Eagle.{PAGE}Đến lúc anh tự thử rồi.{PAGE}Tự đánh Orange Star xem{NL}giả thuyết của tôi đúng không.{PAGE},revised,Trùng nguyên văn Anh–Việt với 2FF594; đã đối chiếu.
303C2C,I think you're right.{PAGE},Tôi nghĩ anh đúng.{PAGE},revised,Trùng nguyên văn Anh–Việt với 2FF610; đã đối chiếu.
303C44,{0B}{NORMAL}Eagle? Let me take him!{PAGE},{0B}{NORMAL}Eagle à? Để tôi lo!{PAGE},revised,Trùng nguyên văn Anh–Việt với 2FF628; đã đối chiếu.
303C60,{0B}{NORMAL}I'm always ready to go!{PAGE},{0B}{NORMAL}Tôi luôn sẵn sàng!{PAGE},approved,Trùng nguyên văn Anh–Việt với 2FF644; đã đối chiếu.
303C7C,{0B}{NORMAL}I've got to get the job{NL}done this time!{PAGE},{0B}{NORMAL}Lần này tôi phải{NL}làm xong việc!{PAGE},approved,Trùng nguyên văn Anh–Việt với 2FF660; đã đối chiếu.
303CA8,"Yeah, I'm right here... ","Phải, tôi ở đây...",approved,
303CC4,I'm still good to go!,Tôi vẫn làm được!,approved,Trùng nguyên văn Anh–Việt với 2FF6A4; đã đối chiếu.
303CDC,"He's not such a bad guy...{NL}But, boy, is he stubborn.",Anh ta không tệ...{NL}Nhưng cố chấp thật đấy.,revised,Trùng nguyên văn Anh–Việt với 2FF6BC; đã đối chiếu.
304254,"I saw his face! That{NL}had to be Andy, but...{PAGE}","Ta thấy mặt hắn! Phải{NL}là Andy, nhưng...{PAGE}",approved,Trùng nguyên văn Anh–Việt với 2FFC34; đã đối chiếu.
304284,"Hello, Eagle.{PAGE}",Chào Eagle.{PAGE},approved,Trùng nguyên văn Anh–Việt với 2FFC64; đã đối chiếu.
304294,You... you're Sonja from{NL}Yellow Comet.{PAGE}What are you doing here?{PAGE},Cô... Sonja của{NL}Yellow Comet.{PAGE}Cô làm gì ở đây?{PAGE},approved,Trùng nguyên văn Anh–Việt với 2FFC74; đã đối chiếu.
3042D8,It wasn't Andy who attacked you.{NL}It was someone else.{PAGE},Andy không tấn công anh.{NL}Đó là người khác.{PAGE},approved,Trùng nguyên văn Anh–Việt với 2FFCB8; đã đối chiếu.
304310,Do you know something{NL}about all of this?{PAGE},Có biết gì về{NL}mọi chuyện này?{PAGE},approved,Trùng nguyên văn Anh–Việt với 2FFCF0; đã đối chiếu.
30433C,"Yes, I do.{PAGE}I'll tell you who's pulling all of{NL}our strings if you'll follow me.{PAGE}","Có.{PAGE}Đi theo tôi, tôi sẽ nói ai{NL}đang giật dây chúng ta.{PAGE}",revised,Trùng nguyên văn Anh–Việt với 2FFD1C; đã đối chiếu.
304398,I know what you're worried about.{NL}Go ahead and go with her.{PAGE},Tôi biết anh lo gì.{NL}Cứ đi theo cô ấy đi.{PAGE},revised,Trùng nguyên văn Anh–Việt với 2FFD78; đã đối chiếu.
3043D8,Are you sure it's OK?{PAGE},Anh chắc không sao?{PAGE},approved,Trùng nguyên văn Anh–Việt với 2FFDB8; đã đối chiếu.
3043F0,"I'll take care of Green Earth{NL}for you, don't worry.{PAGE}That's what shipmates{NL}are for, right?{PAGE}","Tôi sẽ lo Green Earth{NL}cho anh, đừng lo.{PAGE}Bạn đồng đội thì phải{NL}giúp nhau chứ?{PAGE}",approved,Trùng nguyên văn Anh–Việt với 2FFDD0; đã đối chiếu.
30444C,"You have my gratitude, Drake.{PAGE}","Cảm ơn anh, Drake.{PAGE}",approved,Trùng nguyên văn Anh–Việt với 2FFE2C; đã đối chiếu.
30446C,"I like the idea of getting a closer{NL}look at the Orange Star Army.{PAGE}I'll meet you again later.{PAGE}Watch yourself, Eagle!{PAGE}","Tôi muốn xem kỹ hơn{NL}quân Orange Star.{PAGE}Lát nữa ta gặp lại.{PAGE}Cẩn thận nhé, Eagle!{PAGE}",revised,Trùng nguyên văn Anh–Việt với 2FFE4C; đã đối chiếu.
3044E4,{0B}{NORMAL}I really like battling Drake!{PAGE},{0B}{NORMAL}Tôi thích đánh Drake!{PAGE},approved,Trùng nguyên văn Anh–Việt với 2FFEC4; đã đối chiếu.
304508,"{0B}{NORMAL}Yeah, I'll take care of this!{PAGE}",{0B}{NORMAL}Để tôi lo việc này!{PAGE},approved,Trùng nguyên văn Anh–Việt với 2FFEE8; đã đối chiếu.
30452C,{0B}{NORMAL}That Tsunami's so annoying!{PAGE},{0B}{NORMAL}Sóng Thần phiền quá!{PAGE},revised,Trùng nguyên văn Anh–Việt với 2FFF0C; đã đối chiếu.
30454C,Yahoo! Here I go!,Hay! Tôi đi đây!,revised,Trùng nguyên văn Anh–Việt với 2FFF2C; đã đối chiếu.
304560,All right!,Được!,approved,Trùng nguyên văn Anh–Việt với 2FFF40; đã đối chiếu.
30456C,So that's the reason... ,Ra đó là lý do...,approved,Trùng nguyên văn Anh–Việt với 2FFF4C; đã đối chiếu.
304BA8,Who is that?{PAGE},Ai kia?{PAGE},approved,
304BB8,"Olaf's invasion of Orange Star{NL}is where all of this began.{PAGE}During the attack, Andy was seen{NL}leading sorties on several countries.{PAGE}You saw him yourself, didn't you?{PAGE}So... doesn't all this strike{NL}you as exceedingly odd?{PAGE}","Cuộc xâm lược Orange Star{NL}của Olaf là khởi đầu mọi chuyện.{PAGE}Trong lúc đó, người ta thấy Andy{NL}dẫn quân đánh nhiều nước.{PAGE}Anh cũng thấy hắn, đúng không?{PAGE}Vậy... anh không thấy{NL}quá lạ sao?{PAGE}",revised,
304C94,"Well, now that you{NL}mention it...{PAGE}",Giờ cô nhắc thì{NL}đúng là...{PAGE},revised,
304CB8,You see what I'm getting at? It{NL}would've been impossible for Orange{PAGE}Star to launch multiple offensives{NL}while trying to repel Olaf's attack.{PAGE}That's the anomaly I wanted{NL}to show you.{PAGE},"Anh hiểu ý tôi chưa? Lúc{NL}đang chống Olaf,{PAGE}Orange Star không thể đồng thời{NL}tấn công nhiều nước.{PAGE}Đó là điểm vô lý{NL}tôi muốn anh thấy.{PAGE}",approved,
304D70,Impossible!{NL}I'm getting angrier by the moment!{PAGE},Không thể nào!{NL}Ta càng nghe càng tức!{PAGE},revised,
304DA0,It seems that our mystery foe has{NL}the ability to create human clones.{PAGE}I think it's safe to say that we've{NL}encountered several copies of Andy.{PAGE},Kẻ thù bí ẩn có vẻ tạo{NL}được bản sao con người.{PAGE}Chắc ta đã gặp nhiều{NL}bản sao của Andy.{PAGE},approved,
304E30,Blast! This is terrible!{PAGE},Quái! Tệ quá!{PAGE},revised,
304E4C,"I have some more stones to{NL}overturn, so I'll be going.{PAGE}What are your plans?{PAGE}","Tôi còn phải xem thêm{NL}vài nơi, nên đi trước.{PAGE}Anh tính sao?{PAGE}",revised,
304E9C,I won't leave this madman{NL}on the loose!{PAGE}I'll find him and crush him!{PAGE},Ta không thể để kẻ điên đó{NL}tung hoành!{PAGE}Ta sẽ tìm và diệt hắn!{PAGE},approved,
304EE4,"It's up to you then, Eagle!{NL}Hail the Prince of the Skies!{PAGE}Good luck!{PAGE}","Trông cậy vào anh, Eagle!{NL}Hoan hô Hoàng tử Bầu Trời!{PAGE}Chúc may mắn!{PAGE}",approved,
304F2C,{0B}{NORMAL}Someone's already fighting!{NL}I've got to help!{PAGE},{0B}{NORMAL}Ai đó đang đánh!{NL}Tôi phải giúp!{PAGE},approved,
304F60,{0B}{NORMAL}The enemy has been sighted!{PAGE},{0B}{NORMAL}Đã thấy quân địch!{PAGE},approved,
304F80,{0B}{NORMAL}I wonder if Eagle's okay.{PAGE},{0B}{NORMAL}Eagle có ổn không nhỉ?{PAGE},revised,
304FA0,No way I'm losing to a fake me!,Tôi không thua hàng giả đâu!,revised,
304FC0,That was Andy's clone? Wow... It{NL}was a powerful opponent.,Đó là bản sao Andy sao?{NL}Quá mạnh thật.,approved,
304FFC,We owe it all to Eagle!,Nhờ Eagle cả đấy!,revised,
305624,Grit!{PAGE},Grit!{PAGE},approved,Trùng nguyên văn Anh–Việt với 2C0580; đã đối chiếu.
30562C,"Howdy, Sonja!{NL}How y'all doing?{PAGE}",Chào Sonja!{NL}Em thế nào rồi?{PAGE},revised,
30564C,I've finally got our foe by the tail.{PAGE}I need you to convey some intel{NL}to Andy and his friends.{PAGE},Cuối cùng em tìm ra hắn.{PAGE}Em cần anh báo tin{NL}cho Andy và mọi người.{PAGE},approved,
3056AC,"And what are you gonna{NL}be doing in the meanwhile, darlin'?{PAGE}",Còn em sẽ làm gì{NL}trong lúc đó?{PAGE},revised,
3056E8,"I need to survey the situation.{PAGE}Don't worry, I won't do{NL}anything foolish.{PAGE}Father warned me to take care.{PAGE}","Em cần xem tình hình.{PAGE}Đừng lo, em không làm{NL}chuyện khinh suất.{PAGE}Cha cũng dặn em cẩn thận.{PAGE}",revised,
305754,"You wouldn't be trying to pull{NL}the wool over my eyes, would you?{PAGE}",Em không định qua mặt{NL}anh đấy chứ?{PAGE},revised,
305798,"Of course not.{PAGE}You'll go, won't you?{PAGE}",Tất nhiên không.{PAGE}Anh sẽ đi chứ?{PAGE},approved,
3057C0,"Well, I reckon I have to.{PAGE}Stay put now, I'll be right back.{PAGE}","Chắc anh phải đi rồi.{PAGE}Ở yên đó, anh về ngay.{PAGE}",approved,
305800,{0E}{0E}{0E}{0C}Grit's always been more{NL}useful than me... (sigh){PAGE},{0E}{0E}{0E}{0C}Grit lúc nào cũng{NL}hữu ích hơn mình... (thở dài){PAGE},revised,
305838,{0B}{NORMAL}There's no time! Let's go!{PAGE},{0B}{NORMAL}Không còn thời gian! Đi nào!{PAGE},revised,
305858,{0B}{NORMAL}Time to bring it!{PAGE},{0B}{NORMAL}Đến lúc ra tay!{PAGE},approved,
305870,{0B}{NORMAL}Eagle... Be careful.{PAGE},{0B}{NORMAL}Eagle... Cẩn thận.{PAGE},revised,
305888,There's no way I'm losing to this guy!,Tôi không đời nào thua hắn!,revised,
3058B0,That wasn't him!,Không phải hắn!,revised,
3058C4,"If we don't stop this enigma{NL}soon, Eagle might...","Nếu không sớm chặn kẻ bí ẩn{NL}này, Eagle có thể...",revised,
305EC8,"So... you're the one{NL}behind all this chaos.{PAGE}Do you have a name, or{NL}should we just call you Disaster?{PAGE}","Vậy... mi là kẻ{NL}đứng sau mọi hỗn loạn.{PAGE}Mi có tên không, hay{NL}cứ gọi là Tai Họa?{PAGE}",revised,
305F30,My name is... Sturm.{PAGE},Tên ta là... Sturm.{PAGE},approved,
305F48,"Well Sturm, we've finally{NL}hunted you down.{PAGE}Time to pay the piper, as they say.{PAGE}","Sturm, cuối cùng ta{NL}cũng tìm ra mi.{PAGE}Đến lúc trả giá rồi.{PAGE}",revised,
305F98,Hunted down? Me?{PAGE}You've done nothing but enter{NL}the door that I opened for you.{PAGE},Tìm ra ta ư?{PAGE}Các ngươi chỉ bước qua{NL}cánh cửa ta mở sẵn.{PAGE},revised,
305FE8,What?{PAGE},Gì?{PAGE},approved,Trùng nguyên văn Anh–Việt với 2FB6B4; đã đối chiếu.
305FF0,"Did you think I didn't{NL}notice you, little girl?{PAGE}You and your pathetic strategy{NL}games! Is that all you're good for?{PAGE}","Mi nghĩ ta không{NL}thấy mi sao, nhóc?{PAGE}Trò chiến lược thảm hại{NL}của mi chỉ có thế thôi à?{PAGE}",revised,
306064,What? But... that's...{NL}you couldn't...{PAGE}Are you saying you've{NL}known all along?{PAGE},Gì? Nhưng... không thể...{NL}mi không thể...{PAGE}Mi biết từ đầu{NL}sao?{PAGE},revised,
3060B4,"You've made one stupid{NL}mistake after another...{PAGE}Did you imagine yourself a match{NL}for me? You conceited fool!{PAGE}It's time to put an end to this farce.{NL}Time to pay the piper, was it?{PAGE}",Mi liên tục mắc{NL}sai lầm ngu ngốc...{PAGE}Tưởng mình ngang sức{NL}với ta sao? Đồ tự phụ!{PAGE}Đến lúc kết thúc trò hề.{NL}Mi bảo ta trả giá à?{PAGE},revised,
306168,"...{PAGE}I'm sorry, Father...{PAGE}I've broken my promise...{PAGE}",...{PAGE}Con xin lỗi cha...{PAGE}Con đã thất hứa...{PAGE},approved,
30619C,"{0B}{NORMAL}Quick, Sonja's in danger!{PAGE}","{0B}{NORMAL}Nhanh, Sonja gặp nguy!{PAGE}",approved,
3061BC,{0B}{NORMAL}Let's end this now!{PAGE},{0B}{NORMAL}Kết thúc ngay nào!{PAGE},revised,
3061D4,{0B}{NORMAL}Can we really win?{PAGE},{0B}{NORMAL}Thắng nổi không?{PAGE},revised,
3061EC,I win!,Thắng!,approved,Trùng nguyên văn Anh–Việt với 2F5A74; đã đối chiếu.
3061F4,That should about do it!,Thế là đủ rồi!,revised,
306210,Victory is mine!,Ta thắng rồi!,approved,
3067D4,Andy! I wanted to face you{NL}one more time.{PAGE}Let's go!{PAGE},Andy! Ta muốn đấu với người{NL}lần nữa.{PAGE}Đến đây!{PAGE},approved,
30680C,{0B}{NORMAL}I'm ready!{PAGE},{0B}{NORMAL}Sẵn sàng!{PAGE},approved,
30681C,{0B}{NORMAL}Just say the word!{PAGE},{0B}{NORMAL}Cứ ra lệnh đi!{PAGE},approved,
306834,"{0B}{NORMAL}This time, I'll finish it!{PAGE}",{0B}{NORMAL}Lần này tôi sẽ kết thúc!{PAGE},approved,
306854,Yahoo!,Hay!,revised,
30685C,I've got more where that came from!,Ta còn chiêu khác đây!,revised,
306880,He's not such a bad guy...{NL}but he's so stubborn.,Anh ta không tệ...{NL}nhưng cũng cứng đầu.,revised,
3075C8,Did I go too far?,Tôi quá tay sao?,approved,
3075EC,That was a piece of cake!,Dễ như ăn bánh!,approved,
307608,Victory is mine!,Ta thắng rồi!,approved,
30761C,Yes!,Đúng!,revised,
307624,I suspected as much.,Ta đã nghĩ vậy.,approved,
30763C,I win!,Thắng!,approved,Trùng nguyên văn Anh–Việt với 2F5A74; đã đối chiếu.
307644,My strategy was merely better...{NL}That is all.,Chiến lược ta tốt hơn...{NL}Chỉ thế thôi.,approved,
307674,Hmph! As expected!,Hmph! Như dự đoán!,approved,
307688,Yeah! I won!,Tôi thắng!,approved,
307698,Who would have thought you could{NL}oppose me?,Sao người dám{NL}chống lại ta?,approved,
3076C4,"Congratulations, {PLAYER}!{NL}You won! Now you will see the{PAGE}rank that your strategy has earned{NL}you! Speed is based on how quickly{PAGE}you won, while Power is based on{NL}how well you concentrated your{PAGE}attacks and overcame your enemies.{NL}Technique is based on how many of{PAGE}your own troops were lost. You'll{NL}earn a rank for each map you clear,{PAGE}so you can compare your scores to{NL}your friends'! Good luck on your next{PAGE}campaign!","Chúc mừng, {PLAYER}!{NL}Bạn đã thắng! Giờ bạn sẽ thấy{PAGE}thứ hạng chiến lược của mình.{NL}Tốc độ tính theo số lượt{PAGE}bạn mất để thắng. Sức mạnh tính{NL}theo cách bạn tập trung{PAGE}tấn công và đánh bại địch.{NL}Kỹ thuật tính theo số quân{PAGE}bạn đã mất. Mỗi bản đồ qua{NL}sẽ có một thứ hạng riêng,{PAGE}để so số điểm với{NL}bạn bè! Chúc may mắn ở{PAGE}chiến dịch tiếp theo!",revised,
30785C,Victory is {PLAYER}'s!,{PLAYER} chiến thắng!,approved,
30786C,{PLAYER} wins!,{PLAYER} thắng,revised,
307874,"Outstanding, {PLAYER}!{NL}You won!","Giỏi quá, {PLAYER}!{NL}Thắng rồi!",revised,
307890,"I knew you'd win, {PLAYER}!",Biết ngay {PLAYER} thắng!,revised,
3078A8,"Nice work, {PLAYER}! You won!","Giỏi lắm, {PLAYER}! Thắng!",approved,
3078C0,"Way to go, {PLAYER}! You won!","Hay quá, {PLAYER}! Bạn thắng!",revised,
3078D8,"You did well, {PLAYER}!","Bạn làm tốt, {PLAYER}!",approved,
3078EC,The victory goes to{NL}{PLAYER}!,Phần thắng thuộc về{NL}{PLAYER}!,revised,
307904,"Very well done, {PLAYER}.","Rất giỏi, {PLAYER}.",approved,
307918,"It was a challenge, but you did it,{NL}{PLAYER}--you won!","Trận này khó, nhưng bạn đã{NL}thắng, {PLAYER}!",approved,
307948,"You struggled against the weather,{NL}but did well, {PLAYER}. You won!","Thời tiết gây khó cho bạn,{NL}nhưng bạn vẫn thắng, {PLAYER}!",approved,
307988,"There's nothing left for me to tell{NL}you. Congratulations, graduate!",Tôi không còn gì để dạy bạn{NL}nữa. Chúc mừng bạn tốt nghiệp!,approved,
3079CC,{PLAYER} wins!,{PLAYER} thắng,revised,
3079D4,"Well, {PLAYER}, you've been promoted{NL}from a candidate to an advisor!{PAGE}I give you this to mark your{NL}advancement! Congratulations!{PAGE}","{PLAYER}, bạn đã được thăng{NL}từ ứng viên lên cố vấn!{PAGE}Đây là quà mừng bạn{NL}thăng cấp! Chúc mừng!{PAGE}",revised,
307A50,"As you complete battles, your rank{NL}will rise. This is a special card that{PAGE}allows you to check your ranking{NL}at any time. Congratulations!{PAGE}","Cứ qua một trận, hạng của bạn{NL}lại tăng. Thẻ này cho phép{PAGE}bạn xem thứ hạng của mình{NL}bất cứ lúc nào. Chúc mừng!{PAGE}",revised,
3B7CFC,Linked,Đã nối,revised,
3B7D04,Preparing,Chuẩn bị,approved,
3B7D10,Error,Lỗi,revised,
3B7D18,Linking,Kết nối,revised,
3B7D20,Linking,Kết nối,revised,
3B7D28,No saved data.,Chưa lưu gì.,approved,
3B7D38,Preparing to link!,Chuẩn bị kết nối!,approved,
3B7D4C,Confirming entries. Please wait.,Đang xác nhận. Xin chờ.,revised,
3B7D70,Press START when everyone's ready!,Nhấn START khi tất cả sẵn sàng!,revised,
3B7D94,Please wait until preparations are done.,Xin chờ đến khi chuẩn bị xong.,revised,
3B7DC0,Select a player to send map data.,Chọn người để gửi dữ liệu bản đồ.,approved,
3B7DE4,There is no one to send map data to.,Không có ai để gửi dữ liệu bản đồ.,approved,
3B7E0C,Select map data to send.,Chọn bản đồ muốn gửi.,approved,
3B7E28,Select the area to save.,Chọn ô để lưu.,approved,
3B7E44,Wait until all preparations are done!,Chờ đến khi mọi người chuẩn bị xong!,revised,
3B7E6C,Sending Map data. Please wait.,Đang gửi bản đồ. Xin chờ.,revised,
3B7E8C,Receiving Map data. Please wait.,Đang nhận bản đồ. Xin chờ.,revised,
3B7EB0,Finished! Let's begin!,Xong! Bắt đầu nào!,approved,
3B7EC8,Finished! Let's return to the menu.,Xong! Quay về trình đơn.,approved,
3B7EEC,Saving map data. Do not turn OFF.,Đang lưu bản đồ. Đừng tắt máy.,revised,
3B7F10,Preparing for download. Please wait.,Đang chuẩn bị tải. Xin chờ.,revised,
3B7F38,Can't link! Returning to menu.,Nối lỗi! Về trình đơn.,revised,
3B7F58,Sending data. Please wait.,Đang gửi dữ liệu. Xin chờ.,revised,
3B7F74,Sending data.,Đang gửi.,revised,
3B7F84,Please wait.,Xin chờ.,approved,
3B9E60,Select ON to limit vision with Fog of War.,Bật ON để giới hạn tầm nhìn.,revised,
3B9E8C,RANDOM causes climate to change.,RANDOM sẽ thay đổi thời tiết.,approved,
3B9EB0,Set funds received per allied base.,Đặt tiền thu từ mỗi căn cứ.,approved,
3B9ED4,Set number of days to battle.,Đặt số ngày chiến đấu.,approved,
3B9EF4,Set number of properties needed to win.,Đặt số công trình cần chiếm để thắng.,approved,
3B9F1C,Select ON to use CO power.,Bật ON để dùng kỹ năng CO.,approved,
3B9F38,No animation.,Tắt hoạt cảnh.,revised,Trùng nguyên văn Anh–Việt với 2EA16C; đã đối chiếu.
3B9F48,Battle and capture animation.,Hoạt ảnh chiến đấu và chiếm.,approved,
3B9F68,Battle animation only.,Chỉ xem trận đánh.,approved,
3B9F80,Battle animation for player only.,Chỉ xem hoạt ảnh phe mình.,approved,
3B9FA4,Teams will battle under the same flag.,Các đội cùng cờ sẽ sát cánh chiến đấu.,revised,
3B9FCC,Choose a CO.,Chọn CO.,revised,
3B9FDC,Choose Player or Computer.,Chọn người chơi hoặc máy.,approved,
3B9FFC,Fog of War,Sương mù,approved,Trùng nguyên văn Anh–Việt với 080F5C; đã đối chiếu.
3BA008,Climate,Khí hậu,approved,
3BA010,Funds per property held.,Tiền từ mỗi công trình.,approved,
3BA02C,Time Limit,Giới hạn,approved,
3BA038,Number of properties for victory.,Số công trình cần để chiến thắng.,approved,
3BA05C,CO Power,Tuyệt kỹ,approved,
3BA068,No animation.,Tắt hoạt cảnh.,revised,Trùng nguyên văn Anh–Việt với 2EA16C; đã đối chiếu.
3BA078,Battle and capture animation.,Hoạt ảnh chiến đấu và chiếm.,approved,
3BA098,Battle animation only.,Chỉ xem trận đánh.,approved,
3BA0B0,Battle animation for player only.,Chỉ xem hoạt ảnh phe mình.,approved,
082704,BLACK,ĐEN,approved,
08273C,COM,MÁY,approved,
280B2A,Intel,Tin,approved,
280B3A,End,Hết,approved,
282CA0,B Cptr,Tr.th B,revised,
282CA8,T Cptr,Tr.th T,revised,
28B552,Unit,Quân,approved,
28B55A,Intel,Tin,approved,
28B562,Power,Sức,revised,
28B56A,Save,Lưu,approved,
28B572,Options,Tùychọn,revised,
28B57E,End,Hết,approved,
28B586,Terms,Luật,revised,
28B58E,Status,Trạng,approved,
28B59A,CO,CO,approved,
28B5A2,Rules,Luật,approved,
28B5AA,Music On,Bật nhạc,revised,
28B5B6,Music Off,Tắt nhạc,revised,
28B5C2,Visual A,Cảnh A,revised,
28B5CE,Visual B,Cảnh B,approved,
28B5DA,Visual C,Cảnh C,approved,
28B5E6,No Visual,Tắt cảnh,revised,
28B5F2,Delete,Xóa,approved,
28B5FE,Yield,Bỏ,revised,
28B604,Exit Map,Thoát,revised,
28B612,Victory,Thắng,revised,
28B61E,Climate,Khí Hậu,approved,
28B62A,Fire,Bắn,approved,
28B632,Fire,Bắn,approved,
28B63A,Capt,Đoạt,approved,
28B642,Capt,Đoạt,approved,
28B64E,Load,Chất,approved,
28B656,Drop,Thả,approved,
28B65E,Drop,Thả,approved,
28B666,Join,Ghép,approved,
28B66E,Supply,TiếpTế,approved,
28B67A,Wait,Chờ,revised,
28B682,Dive,Lặn,approved,
28B68A,Rise,Nổi,revised,
2BC74C,"Um... No, I don't.{PAGE}",Um... Tôi không.{PAGE},approved,
2BCC88,"Well, um...{PAGE}","A, um...{PAGE}",approved,
2BE1C0,Um...{PAGE},Um...{PAGE},approved,
2BE8C0,Grrr... I... I lost again...{PAGE},Hic... Tôi lại thua...{PAGE},approved,
2BF494,Oooh...you...{PAGE},O... đó là...{PAGE},approved,
2C0608,Yeah... Sure...{PAGE},A... Được...{PAGE},approved,
2C079C,"Oh, I...{PAGE}","A, ta...{PAGE}",approved,
2C0CC0,I... I lost to...a girl?{PAGE},Tôi... thua một cô gái?{PAGE},revised,
2C0DC8,"Oh, OK...{PAGE}","A, OK...{PAGE}",approved,
2C1114,Rrr...{PAGE},Huh...{PAGE},approved,
2C1228,"Oh, OK...{PAGE}","A, OK...{PAGE}",approved,
2C14D8,"Oh, OK...{PAGE}","A, OK...{PAGE}",approved,
2C29D0,"But... But... Sonja, I...{PAGE}","Nhưng... Sonja, tôi...{PAGE}",approved,
2C2AE8,"Well, I...{PAGE}","A, tôi...{PAGE}",approved,
2C2B60,Um...{PAGE},Um...{PAGE},approved,
2C2EEC,Wha...?{PAGE},Sao...?{PAGE},approved,
2C34D4,Oh...{PAGE},A...{PAGE},approved,
2C39A4,(sigh)...{PAGE},(thở dài)...{PAGE},revised,
2C4470,Um...{PAGE},Um...{PAGE},approved,
2C8C04,Hmm.{PAGE},Hm.{PAGE},approved,
2C9FF8,Bu...but...{PAGE},Nhưng...{PAGE},approved,
2E9F14,   Yes     No,   Có      Ko,revised,
2EA284,Lost,Thua,approved,
2EC710,"A rich, green plain.{NL}Easy to traverse,{NL}but offers little{NL}defensive cover.",Đồng bằng xanh tốt.{NL}Dễ đi lại nhưng{NL}gần như không có{NL}chỗ ẩn nấp.,approved,
2F13A8,"The war starts here! So,{NL}{PLAYER}, are you ready?","Chiến sự bắt đầu!{NL}{PLAYER}, sẵn sàng chưa?",approved,
3B7F94,{0C}Something's wrong with the link.{NL}Press START to reset.{PAGE},{0C}Lỗi kết nối.{NL}Nhấn START để khởi động lại.{PAGE},revised,
2F62D0,"Ha, ha, ha, ha, ha!{PAGE}",Hạ hạ hạ hạ!{PAGE},approved,
2FB6E4,"Well, I... Uhm...{PAGE}","A, tôi... Um...{PAGE}",approved,
2FCA9C,Hmm...{PAGE},Hm...{PAGE},approved,
2FCBAC,"But, but...{PAGE}",Nhưng...{PAGE},approved,
2FCCA8,Hmm... ,Hm...,approved,
2FDAC0,I'm... so... groggy...{PAGE},Tôi... choáng váng...{PAGE},approved,
2FFD6C,But I...{PAGE},Nhưng...{PAGE},approved,
30208C,But I...{PAGE},Nhưng...{PAGE},approved,
30438C,But I...{PAGE},Nhưng...{PAGE},approved,
3075DC,Yes!!! I won!,Có!!! Ta thắng!,revised,
3D8ED8,End,Hết,approved,
3D8EDC,Options,Tùychọn,revised,
3D8EE4,Yield,Bỏ,revised,
3D8EEC,Wait,Chờ,revised,
3D8EF4,Join,Ghép,approved,
3D8EFC,Fire,Bắn,approved,
3D923C,WAIT,CHỜ,approved,
3D9264,NOT CONNECTED,CHƯA KẾT NỐI,approved,
3D9274,READY,XONG,approved,
3D927C,ERROR,LỖI,approved,
3D9284,CONNECTED,ĐÃ NỐI,approved,
3D9290,MASTER,CHỦ,approved,
3D92F8,PRESS START,NHẤN START,approved,
3D9304,ENTRY WAIT,CHỜ VÀO,approved,
3F3604,   yes      no,   có       ko,approved,
3F609C,The Orange Star Army has lost!{0E}{0E},Quân Orange Star đã thua!{0E}{0E},approved,Trùng nguyên văn Anh–Việt với 2EA058; đã đối chiếu.
3F60C0,The Blue Moon Army has lost!{0E}{0E},Quân Blue Moon đã thua!{0E}{0E},approved,Trùng nguyên văn Anh–Việt với 2EA07C; đã đối chiếu.
3F60E0,The Green Earth Army has lost!{0E}{0E},Quân Green Earth đã thua!{0E}{0E},approved,Trùng nguyên văn Anh–Việt với 2EA09C; đã đối chiếu.
3F6104,The Yellow Comet Army has lost!{0E}{0E},Quân Yellow Comet đã thua!{0E}{0E},approved,Trùng nguyên văn Anh–Việt với 2EA0C0; đã đối chiếu.
3F6264,"If you yield, you lose.{NL}Do you really yield?{0E}{18}",Đầu hàng là thua.{NL}Bạn chắc muốn đầu hàng?{0E}{18},approved,
3F6A8C,The{1A}Alara{1A}region{1A}is{1A}quite{1A}remote.{PAGE}This{1A}is{1A}why{1A}Olaf{1A}hasn't{1A}deployed{NL}many{1A}troops{1A}to{1A}the{1A}area.{PAGE}You{1A}yourself{1A}have{1A}two{1A}{UNIT}infantry{NORMAL}{1A}units{NL}under{1A}your{1A}command.{PAGE},Vùng{1A}Alara{1A}rất{1A}xa{1A}xôi.{PAGE}Vì{1A}vậy{1A}Olaf{1A}chưa{1A}đưa{NL}nhiều{1A}quân{1A}đến{1A}đây.{PAGE}Bạn{1A}có{1A}hai{1A}{UNIT}bộ{1A}binh{NORMAL}{NL}dưới{1A}quyền{1A}chỉ{1A}huy.{PAGE},approved,
08192C,BUTAI ZENMETU,,excluded,"Chuỗi gỡ lỗi nội bộ bằng romaji, không thuộc hội thoại hoặc menu chơi."
0820AC,ON,,excluded,"Nhãn cờ gỡ lỗi nội bộ, giữ nguyên byte gốc."
0820B0,OFF,,excluded,"Nhãn cờ gỡ lỗi nội bộ, giữ nguyên byte gốc."
0820B4,FLAG CONTROL,,excluded,"Nhãn điều khiển cờ gỡ lỗi nội bộ, giữ nguyên byte gốc."
0820C4,FLAG,,excluded,"Nhãn cờ gỡ lỗi nội bộ, giữ nguyên byte gốc."
0820F4,  SAVEDATA,,excluded,"Nhãn dữ liệu gỡ lỗi nội bộ, giữ nguyên byte gốc."
082100,  FLAGALL,,excluded,"Nhãn dữ liệu gỡ lỗi nội bộ, giữ nguyên byte gốc."
08210C,  COINS,,excluded,"Nhãn dữ liệu gỡ lỗi nội bộ, giữ nguyên byte gốc."
082114,  COIN,,excluded,"Nhãn dữ liệu gỡ lỗi nội bộ, giữ nguyên byte gốc."
08211C,  MISSION,,excluded,"Nhãn dữ liệu gỡ lỗi nội bộ, giữ nguyên byte gốc."
082128,  TUTORIAL,,excluded,"Nhãn dữ liệu gỡ lỗi nội bộ, giữ nguyên byte gốc."
082134,  HISTORY,,excluded,"Nhãn dữ liệu gỡ lỗi nội bộ, giữ nguyên byte gốc."
082160,EDIT,,excluded,"Nhãn gỡ lỗi nội bộ, giữ nguyên byte gốc."
082198,  FLASH << DUMMY (L.R.SELECT),,excluded,"Lệnh thử bộ nhớ flash nội bộ, giữ nguyên byte gốc."
0821B8,  FLASH >> DUMMY (A BUTTON),,excluded,"Lệnh thử bộ nhớ flash nội bộ, giữ nguyên byte gốc."
0821D4,BACKUP UTL,,excluded,"Tiện ích sao lưu gỡ lỗi nội bộ, giữ nguyên byte gốc."
2FA190,Grit... ,Grit... ,revised,
2FCA14,Uh...{PAGE},A...{PAGE},approved,
2FDAAC,...hmm...{PAGE},...hm...{PAGE},approved,
3D8C0C,つうしん４,Kết nối 4,approved,
3D8C18,つうしん３,Kết nối 3,approved,
3D8C24,つうしん２,Kết nối 2,approved,
3D8C30,つうしん１,Kết nối 1,approved,
3D8C3C,コンピュータ,Máy tính,approved,
3D8C4C,プレイヤ,Người,approved,
3D8C58,ふさんか,Vắng mặt,approved,
3D8C64,ブラックホール,BLACK HOLE,approved,
3D8C74,イエローコメット,YELLOW COMET,approved,
3D8C88,グリーンアース,GREEN EARTH,approved,
3D8C98,ブルームーン,BLUE MOON,approved,
3D8CA8,レッドスター,RED STAR,approved,
3D8CB8,中立,RỖNG,approved,
3D8CD8, BLACK HOLE  ,,excluded,"Tên phe cố định đã là tiếng Anh chính thức trong game, để trống ở bản dịch nguồn."
3D8CE8,YELLOW COMMET,YELLOW COMET,approved,
3D8CF8, GREEN EARTH ,,excluded,"Tên phe cố định đã là tiếng Anh chính thức trong game, để trống ở bản dịch nguồn."
3D8D08,  BLUE MOON  ,,excluded,"Tên phe cố định đã là tiếng Anh chính thức trong game, để trống ở bản dịch nguồn."
3D8D18,  RED STAR   ,,excluded,"Tên phe cố định đã là tiếng Anh chính thức trong game, để trống ở bản dịch nguồn."
3D8D28,   NEUTRAL   ,,excluded,"Nhãn trung lập cố định, để trống ở bản dịch nguồn; giữ nguyên byte gốc."
3D8D44,潜水艦,Ngầm,revised,
3D8D4C,輸送船,Tàu VC,approved,
3D8D54,護衛艦,Hộ vệ,approved,
3D8D5C,戦艦,T.ch,approved,
3D8D64,輸送ヘリ,Tr.th T,revised,
3D8D70,戦闘ヘリ,Tr.th B,revised,
3D8D7C,攻撃機,C.đấu,revised,
3D8D84,爆撃機,Oanh,revised,
3D8D8C,戦闘機,Chiến,approved,
3D8D94,対空ミサイ,Tên lửa,approved,
3D8DA0,対空戦車,Tên lửa,revised,
3D8DAC,対空自走砲,Pháo PK,approved,
3D8DB8,列車砲,Pháo,approved,
3D8DC0,ロケット砲,Hoa tên,approved,
3D8DCC,自走砲,Pháo,approved,
3D8DD4,補給車,Tiếp,approved,
3D8DDC,新型戦車,Tăng mới,revised,
3D8DE8,輸送車,Xe VC,approved,
3D8DF0,偵察車,Thăm,approved,
3D8DF8,軽戦車,T.nhẹ,revised,
3D8E00,中戦車,T.vừa,revised,
3D8E08,重戦車,Nặng,revised,
3D8E10,戦闘工兵,Congbinh,approved,
3D8E1C,歩兵,BB,approved,
3D8E24,なし,Ko,revised,
3D8F74,ダウンロード中よ。しばらく待ってね！！,Đang tải xuống. Vui lòng chờ!!,revised,
3D8F9C,マップを保存中よ、でんげんを切らないでね！！,"Đang lưu bản đồ, đừng tắt máy!!",revised,
3D8FCC,終了したわ。メニューに戻るわね。,Đã xong. Trở về menu nhé.,revised,
3D8FF0,終了したわ。始めるわよ！！,Đã xong. Bắt đầu nào!!,approved,
3D900C,マップを受信中よ、しばらく待ってね！！,Đang nhận bản đồ. Vui lòng chờ!!,revised,
3D9034,マップを送信中よ、しばらく待ってね！！,Đang gửi bản đồ. Vui lòng chờ!!,revised,
3D905C,準備ができるまで待ってね！！,Chờ mọi người sẵn sàng!!,revised,
3D907C,保存するエリアを選んでね！！,Chọn ô để lưu nhé!!,revised,
3D909C,送るマップを選んでね！！,Chọn bản đồ để gửi!!,approved,
3D90B8,マップを送れる人が誰もいないわ！！,Không có ai để gửi bản đồ!!,approved,
3D90DC,マップを送る人を選んでね！！,Chọn người nhận bản đồ!!,approved,
3D90FC,準備ができるまでしばらく待ってね。,Vui lòng chờ mọi người chuẩn bị.,revised,
3D9120,おともだちがそろったら、スタートを押してね！！,"Khi đủ bạn bè, nhấn START nhé!!",revised,
3D9150,エントリー中よ、しばらく待ってね！！,"Đang tham gia, vui lòng chờ!!",revised,
3D9178,通信準備中よ！！！,Đang kết nối!!!,revised,
3D92B0,ORANGE STAR,ORANGE STAR,revised,
3D92BC,BLUE MOON,BLUE MOON,revised,
3D92C8,GREEN EARTH,GREEN EARTH,revised,
3D92D4,YELLOW COMET,YELLOW COMET,revised,
07ED20,Advance,,excluded,"Một phần tên tựa game, giữ nguyên thương hiệu."
080D44,Map11,Bản11,approved,
080D4C,Map10,Bản10,approved,
081880,ON,,excluded,"Nhãn thiết lập nội bộ, giữ nguyên byte gốc."
081898, MAP:%02d,,excluded,"Mẫu định dạng bản đồ nội bộ có placeholder, giữ nguyên byte gốc."
0818D8,1P,,excluded,"Nhãn người chơi 1 cố định, giữ nguyên byte gốc."
0818E0,2P,,excluded,"Nhãn người chơi 2 cố định, giữ nguyên byte gốc."
0820EC,  FLASH,,excluded,"Nhãn bộ nhớ flash nội bộ, giữ nguyên byte gốc."
082178,  FLASHCLEAR     (L.R.SELECT),,excluded,"Lệnh xóa flash gỡ lỗi nội bộ, giữ nguyên byte gốc."
0826E4,ON,,excluded,"Nhãn bật tắt cố định, giữ nguyên byte gốc."
08277C,HEL2,,excluded,"Mã giao diện nội bộ, giữ nguyên byte gốc."
0827D4,REV,,excluded,"Mã giao diện nội bộ, giữ nguyên byte gốc."
11A838,ATK,,excluded,"Viết tắt chỉ số chiến đấu nội bộ, giữ nguyên byte gốc."
11A83C,LEFTARMY,,excluded,"Nhãn bộ nhớ chiến đấu nội bộ, giữ nguyên byte gốc."
11A848,ARMY,,excluded,"Nhãn bộ nhớ chiến đấu nội bộ, giữ nguyên byte gốc."
11A850,SOLD,,excluded,"Viết tắt chỉ số chiến đấu nội bộ, giữ nguyên byte gốc."
11A858,WEP,,excluded,"Viết tắt chỉ số chiến đấu nội bộ, giữ nguyên byte gốc."
11A85C,TER,,excluded,"Viết tắt chỉ số chiến đấu nội bộ, giữ nguyên byte gốc."
11A860,JEN,,excluded,"Viết tắt chỉ số chiến đấu nội bộ, giữ nguyên byte gốc."
11A864,HP,,excluded,"Viết tắt chỉ số chiến đấu nội bộ, giữ nguyên byte gốc."
11A868,AHP,,excluded,"Viết tắt chỉ số chiến đấu nội bộ, giữ nguyên byte gốc."
11A86C,DEF,,excluded,"Viết tắt chỉ số chiến đấu nội bộ, giữ nguyên byte gốc."
11A870,RIGHTARMY,,excluded,"Nhãn bộ nhớ chiến đấu nội bộ, giữ nguyên byte gốc."
11A87C,WEATHER,,excluded,"Nhãn bộ nhớ chiến đấu nội bộ, giữ nguyên byte gốc."
11A8D0,UNIT  C0  C1,,excluded,"Mẫu bảng chỉ số chiến đấu nội bộ, giữ nguyên byte gốc."
11A8E0,PSQ(%1d),,excluded,"Mẫu định dạng chỉ số nội bộ, giữ nguyên byte gốc."
11A8EC,ASQ(%1d),,excluded,"Mẫu định dạng chỉ số nội bộ, giữ nguyên byte gốc."
11A8F8,USQ(%1d),,excluded,"Mẫu định dạng chỉ số nội bộ, giữ nguyên byte gốc."
11A904,CPT(%1d),,excluded,"Mẫu định dạng chỉ số nội bộ, giữ nguyên byte gốc."
11A910,(%1d),,excluded,"Mẫu định dạng chỉ số nội bộ, giữ nguyên byte gốc."
28404C,Out,Rìa,revised,
284050,Plain,Đồng,revised,Trùng nguyên văn Anh–Việt với 280A04; đã đối chiếu.
284058,River,Sông,approved,
284060,Mt,Mt,approved,
284064,Wood,Rừng,approved,Trùng nguyên văn Anh–Việt với 280A10; đã đối chiếu.
28406C,Road,Dg,approved,
284074,City,Phố,approved,
28407C,Sea,Biển,revised,Trùng nguyên văn Anh–Việt với 280A00; đã đối chiếu.
284080,HQ,CH,approved,
284084,Arprt,S bay,approved,
28408C,Port,Cảng,approved,
284094,Brdg,Cầu,approved,
28409C,Shoal,Bãi,revised,
2840A4,Base,CC,approved,
2840AC,Reef,Rạn,revised,
2EA200,Nell,,approved,
